COUNTY_ID,COUNTY,TOWN_ID,TOWN,V_ID,VILLAGE,A15UP_M1_CNT,A15UP_M2_CNT,A15UP_M5_CNT,A15UP_M3_CNT,A15UP_M6_CNT,A15UP_M4_CNT,A15UP_M7_CNT,INFO_TIME
縣市代碼,縣市名稱,鄉鎮市區代碼,鄉鎮市區名稱,村里代碼,村里名稱,未婚人口數,有偶(不同性別)人口數,有偶(相同性別)人口數,離婚(不同性別)人口數,離婚(相同性別)人口數,喪偶(不同性別)人口數,喪偶(相同性別)人口數,資料時間
10014,臺東縣,10014010,臺東市,10014010-001,富岡里,475,664,0,205,0,171,0,108Y
10014,臺東縣,10014010,臺東市,10014010-002,富豐里,262,425,0,116,0,77,0,108Y
10014,臺東縣,10014010,臺東市,10014010-003,岩灣里,792,1048,1,260,0,151,0,108Y
10014,臺東縣,10014010,臺東市,10014010-004,南王里,1035,1194,1,309,0,247,0,108Y
10014,臺東縣,10014010,臺東市,10014010-005,卑南里,988,1471,0,198,0,216,0,108Y
10014,臺東縣,10014010,臺東市,10014010-006,南榮里,1001,1122,1,379,0,225,0,108Y
10014,臺東縣,10014010,臺東市,10014010-007,新生里,2421,3144,5,741,0,447,0,108Y
10014,臺東縣,10014010,臺東市,10014010-008,民生里,1117,1509,0,327,0,247,0,108Y
10014,臺東縣,10014010,臺東市,10014010-009,寶桑里,312,344,0,125,0,92,0,108Y
10014,臺東縣,10014010,臺東市,10014010-010,馬蘭里,975,1230,0,252,0,218,0,108Y
10014,臺東縣,10014010,臺東市,10014010-011,中心里,1117,1539,0,270,0,211,0,108Y
10014,臺東縣,10014010,臺東市,10014010-012,自強里,1454,2078,3,364,0,278,0,108Y
10014,臺東縣,10014010,臺東市,10014010-013,民族里,499,792,0,122,0,81,0,108Y
10014,臺東縣,10014010,臺東市,10014010-014,四維里,252,261,0,106,0,63,0,108Y
10014,臺東縣,10014010,臺東市,10014010-015,中華里,644,720,1,201,0,146,0,108Y
10014,臺東縣,10014010,臺東市,10014010-016,強國里,222,289,0,68,0,53,0,108Y
10014,臺東縣,10014010,臺東市,10014010-017,建國里,452,521,0,190,0,150,0,108Y
10014,臺東縣,10014010,臺東市,10014010-018,民權里,306,418,1,90,0,61,0,108Y
10014,臺東縣,10014010,臺東市,10014010-019,仁愛里,264,300,0,98,0,67,0,108Y
10014,臺東縣,10014010,臺東市,10014010-020,中正里,278,385,0,77,0,80,0,108Y
10014,臺東縣,10014010,臺東市,10014010-021,大同里,276,310,0,104,0,82,0,108Y
10014,臺東縣,10014010,臺東市,10014010-022,成功里,290,308,0,112,0,78,0,108Y
10014,臺東縣,10014010,臺東市,10014010-023,文化里,304,378,0,153,0,59,0,108Y
10014,臺東縣,10014010,臺東市,10014010-024,中山里,246,409,0,57,0,58,0,108Y
10014,臺東縣,10014010,臺東市,10014010-025,復國里,246,225,1,75,0,51,0,108Y
10014,臺東縣,10014010,臺東市,10014010-026,興國里,254,391,0,66,0,59,0,108Y
10014,臺東縣,10014010,臺東市,10014010-027,復興里,153,162,0,78,0,37,0,108Y
10014,臺東縣,10014010,臺東市,10014010-028,鐵花里,121,188,1,53,1,48,0,108Y
10014,臺東縣,10014010,臺東市,10014010-029,新園里,652,628,0,242,0,154,0,108Y
10014,臺東縣,10014010,臺東市,10014010-030,豐田里,711,930,0,231,0,211,0,108Y
10014,臺東縣,10014010,臺東市,10014010-031,豐年里,1110,1362,0,379,0,253,0,108Y
10014,臺東縣,10014010,臺東市,10014010-032,光明里,973,1257,2,283,0,171,0,108Y
10014,臺東縣,10014010,臺東市,10014010-033,豐樂里,546,716,0,150,0,113,0,108Y
10014,臺東縣,10014010,臺東市,10014010-034,永樂里,790,1076,2,201,1,126,0,108Y
10014,臺東縣,10014010,臺東市,10014010-035,康樂里,466,630,0,155,0,112,0,108Y
10014,臺東縣,10014010,臺東市,10014010-036,東海里,991,1304,2,300,0,233,0,108Y
10014,臺東縣,10014010,臺東市,10014010-037,新興里,352,409,0,136,0,104,0,108Y
10014,臺東縣,10014010,臺東市,10014010-038,豐榮里,3046,3870,8,848,0,577,0,108Y
10014,臺東縣,10014010,臺東市,10014010-039,豐谷里,1954,2344,1,578,0,415,0,108Y
10014,臺東縣,10014010,臺東市,10014010-040,豐里里,867,1127,0,225,0,216,0,108Y
10014,臺東縣,10014010,臺東市,10014010-041,豐原里,416,562,0,133,0,109,0,108Y
10014,臺東縣,10014010,臺東市,10014010-042,建和里,466,631,0,169,0,153,0,108Y
10014,臺東縣,10014010,臺東市,10014010-043,建興里,338,421,0,108,0,89,0,108Y
10014,臺東縣,10014010,臺東市,10014010-044,建業里,497,538,0,152,0,151,0,108Y
10014,臺東縣,10014010,臺東市,10014010-045,知本里,490,584,1,181,0,135,0,108Y
10014,臺東縣,10014010,臺東市,10014010-046,建農里,700,792,1,328,0,220,0,108Y
10014,臺東縣,10014020,成功鎮,10014020-001,博愛里,179,268,0,96,0,77,0,108Y
10014,臺東縣,10014020,成功鎮,10014020-002,忠孝里,284,380,1,164,0,138,0,108Y
10014,臺東縣,10014020,成功鎮,10014020-003,三仙里,453,614,0,196,0,136,0,108Y
10014,臺東縣,10014020,成功鎮,10014020-004,三民里,915,1261,0,300,0,257,0,108Y
10014,臺東縣,10014020,成功鎮,10014020-005,忠智里,614,925,0,192,0,190,0,108Y
10014,臺東縣,10014020,成功鎮,10014020-006,忠仁里,705,1055,0,239,0,220,0,108Y
10014,臺東縣,10014020,成功鎮,10014020-007,和平里,212,332,0,112,0,80,0,108Y
10014,臺東縣,10014020,成功鎮,10014020-008,信義里,584,779,0,236,0,217,0,108Y
10014,臺東縣,10014030,關山鎮,10014030-001,德高里,549,779,1,204,0,201,0,108Y
10014,臺東縣,10014030,關山鎮,10014030-002,豐泉里,399,519,0,142,0,105,0,108Y
10014,臺東縣,10014030,關山鎮,10014030-003,新福里,307,404,0,113,0,85,0,108Y
10014,臺東縣,10014030,關山鎮,10014030-004,中福里,275,411,0,71,0,65,0,108Y
10014,臺東縣,10014030,關山鎮,10014030-005,里?里,585,757,0,188,0,172,0,108Y
10014,臺東縣,10014030,關山鎮,10014030-006,電光里,167,241,0,68,0,63,0,108Y
10014,臺東縣,10014030,關山鎮,10014030-007,月眉里,237,319,0,89,0,82,0,108Y
10014,臺東縣,10014040,卑南鄉,10014040-001,嘉豐村,166,177,0,82,0,60,0,108Y
10014,臺東縣,10014040,卑南鄉,10014040-002,利吉村,132,189,0,66,0,58,0,108Y
10014,臺東縣,10014040,卑南鄉,10014040-003,富山村,156,177,0,85,0,60,0,108Y
10014,臺東縣,10014040,卑南鄉,10014040-004,富源村,95,151,0,47,0,46,0,108Y
10014,臺東縣,10014040,卑南鄉,10014040-005,明峰村,381,514,0,147,0,133,0,108Y
10014,臺東縣,10014040,卑南鄉,10014040-006,初鹿村,452,535,0,156,0,148,0,108Y
10014,臺東縣,10014040,卑南鄉,10014040-007,美農村,386,484,0,124,0,110,0,108Y
10014,臺東縣,10014040,卑南鄉,10014040-008,賓朗村,774,991,0,256,0,246,0,108Y
10014,臺東縣,10014040,卑南鄉,10014040-009,泰安村,425,427,0,181,2,104,0,108Y
10014,臺東縣,10014040,卑南鄉,10014040-010,太平村,1080,1353,2,421,2,280,0,108Y
10014,臺東縣,10014040,卑南鄉,10014040-011,利嘉村,422,456,1,159,0,99,0,108Y
10014,臺東縣,10014040,卑南鄉,10014040-012,東興村,466,457,0,164,0,104,0,108Y
10014,臺東縣,10014040,卑南鄉,10014040-013,溫泉村,317,520,0,172,0,104,0,108Y
10014,臺東縣,10014050,鹿野鄉,10014050-001,瑞和村,237,275,0,92,0,68,0,108Y
10014,臺東縣,10014050,鹿野鄉,10014050-002,瑞豐村,283,414,1,102,0,121,0,108Y
10014,臺東縣,10014050,鹿野鄉,10014050-003,瑞源村,275,412,0,108,0,85,0,108Y
10014,臺東縣,10014050,鹿野鄉,10014050-004,永安村,477,646,0,188,0,148,0,108Y
10014,臺東縣,10014050,鹿野鄉,10014050-005,瑞隆村,281,441,1,100,0,88,0,108Y
10014,臺東縣,10014050,鹿野鄉,10014050-006,鹿野村,366,482,0,148,0,102,0,108Y
10014,臺東縣,10014050,鹿野鄉,10014050-007,龍田村,293,553,0,103,0,123,0,108Y
10014,臺東縣,10014060,池上鄉,10014060-001,福文村,386,453,0,161,0,157,0,108Y
10014,臺東縣,10014060,池上鄉,10014060-002,慶豐村,210,297,0,79,0,87,0,108Y
10014,臺東縣,10014060,池上鄉,10014060-003,大坡村,95,146,0,37,0,43,0,108Y
10014,臺東縣,10014060,池上鄉,10014060-004,大埔村,256,378,0,86,0,81,0,108Y
10014,臺東縣,10014060,池上鄉,10014060-005,福原村,643,919,3,201,0,208,0,108Y
10014,臺東縣,10014060,池上鄉,10014060-006,錦園村,87,178,0,40,0,45,0,108Y
10014,臺東縣,10014060,池上鄉,10014060-007,新興村,266,403,1,99,0,92,0,108Y
10014,臺東縣,10014060,池上鄉,10014060-008,萬安村,86,144,0,31,0,50,0,108Y
10014,臺東縣,10014060,池上鄉,10014060-009,富興村,125,180,0,53,0,43,0,108Y
10014,臺東縣,10014060,池上鄉,10014060-010,振興村,141,171,1,70,0,61,0,108Y
10014,臺東縣,10014070,東河鄉,10014070-001,北源村,551,612,2,237,0,204,0,108Y
10014,臺東縣,10014070,東河鄉,10014070-002,泰源村,360,525,0,129,0,175,0,108Y
10014,臺東縣,10014070,東河鄉,10014070-003,東河村,352,417,3,117,0,111,0,108Y
10014,臺東縣,10014070,東河鄉,10014070-004,尚德村,78,106,0,42,0,36,0,108Y
10014,臺東縣,10014070,東河鄉,10014070-005,隆昌村,164,231,0,78,0,78,0,108Y
10014,臺東縣,10014070,東河鄉,10014070-006,興昌村,247,408,0,131,0,129,0,108Y
10014,臺東縣,10014070,東河鄉,10014070-007,都蘭村,663,923,0,278,0,269,0,108Y
10014,臺東縣,10014080,長濱鄉,10014080-001,樟原村,184,242,0,87,0,99,0,108Y
10014,臺東縣,10014080,長濱鄉,10014080-002,三間村,355,506,0,150,0,169,0,108Y
10014,臺東縣,10014080,長濱鄉,10014080-003,忠勇村,169,231,2,73,0,62,0,108Y
10014,臺東縣,10014080,長濱鄉,10014080-004,長濱村,668,855,0,257,0,224,0,108Y
10014,臺東縣,10014080,長濱鄉,10014080-005,竹湖村,284,400,0,94,0,127,0,108Y
10014,臺東縣,10014080,長濱鄉,10014080-006,寧埔村,388,526,0,131,0,155,0,108Y
10014,臺東縣,10014090,太麻里鄉,10014090-001,美和村,458,563,0,180,0,123,0,108Y
10014,臺東縣,10014090,太麻里鄉,10014090-002,三和村,176,277,0,83,0,69,0,108Y
10014,臺東縣,10014090,太麻里鄉,10014090-003,華源村,171,311,0,47,0,88,0,108Y
10014,臺東縣,10014090,太麻里鄉,10014090-004,北里村,195,243,0,82,0,55,0,108Y
10014,臺東縣,10014090,太麻里鄉,10014090-005,泰和村,467,694,0,129,0,139,0,108Y
10014,臺東縣,10014090,太麻里鄉,10014090-006,大王村,558,827,0,228,0,191,0,108Y
10014,臺東縣,10014090,太麻里鄉,10014090-007,香蘭村,246,380,0,93,0,89,0,108Y
10014,臺東縣,10014090,太麻里鄉,10014090-008,金崙村,612,676,0,280,0,176,0,108Y
10014,臺東縣,10014090,太麻里鄉,10014090-009,多良村,289,370,2,142,0,116,0,108Y
10014,臺東縣,10014100,大武鄉,10014100-001,大竹村,235,320,0,116,0,96,0,108Y
10014,臺東縣,10014100,大武鄉,10014100-002,大鳥村,407,428,0,172,1,121,0,108Y
10014,臺東縣,10014100,大武鄉,10014100-003,大武村,421,580,1,187,0,124,0,108Y
10014,臺東縣,10014100,大武鄉,10014100-004,尚武村,423,618,0,218,0,165,0,108Y
10014,臺東縣,10014100,大武鄉,10014100-005,南興村,194,215,0,88,0,52,0,108Y
10014,臺東縣,10014110,綠島鄉,10014110-001,公館村,361,494,0,92,0,55,0,108Y
10014,臺東縣,10014110,綠島鄉,10014110-002,中寮村,355,552,0,85,0,63,0,108Y
10014,臺東縣,10014110,綠島鄉,10014110-003,南寮村,557,768,0,118,0,83,0,108Y
10014,臺東縣,10014120,海端鄉,10014120-001,廣原村,286,312,0,85,0,82,0,108Y
10014,臺東縣,10014120,海端鄉,10014120-002,霧鹿村,94,111,0,20,0,34,0,108Y
10014,臺東縣,10014120,海端鄉,10014120-003,利稻村,105,118,0,15,0,28,0,108Y
10014,臺東縣,10014120,海端鄉,10014120-004,海端村,400,397,0,92,0,110,0,108Y
10014,臺東縣,10014120,海端鄉,10014120-005,崁頂村,219,249,0,50,0,60,0,108Y
10014,臺東縣,10014120,海端鄉,10014120-006,加拿村,188,216,0,37,0,57,0,108Y
10014,臺東縣,10014130,延平鄉,10014130-001,武陵村,225,246,0,66,0,53,0,108Y
10014,臺東縣,10014130,延平鄉,10014130-002,永康村,98,157,0,29,0,29,0,108Y
10014,臺東縣,10014130,延平鄉,10014130-003,紅葉村,156,193,0,36,0,43,0,108Y
10014,臺東縣,10014130,延平鄉,10014130-004,鸞山村,209,255,2,79,0,60,0,108Y
10014,臺東縣,10014130,延平鄉,10014130-005,桃源村,395,439,1,110,0,91,0,108Y
10014,臺東縣,10014140,金峰鄉,10014140-001,新興村,196,218,0,80,0,36,0,108Y
10014,臺東縣,10014140,金峰鄉,10014140-002,正興村,228,296,0,49,0,51,0,108Y
10014,臺東縣,10014140,金峰鄉,10014140-003,嘉蘭村,471,530,0,167,0,102,0,108Y
10014,臺東縣,10014140,金峰鄉,10014140-004,賓茂村,117,129,0,55,0,37,0,108Y
10014,臺東縣,10014140,金峰鄉,10014140-005,歷坵村,95,145,0,64,0,35,0,108Y
10014,臺東縣,10014150,達仁鄉,10014150-001,台?村,188,267,0,86,0,70,0,108Y
10014,臺東縣,10014150,達仁鄉,10014150-002,土?村,358,365,0,92,0,69,0,108Y
10014,臺東縣,10014150,達仁鄉,10014150-003,新化村,105,135,0,50,0,44,0,108Y
10014,臺東縣,10014150,達仁鄉,10014150-004,安朔村,169,254,0,86,0,67,0,108Y
10014,臺東縣,10014150,達仁鄉,10014150-005,森永村,127,182,0,50,0,42,0,108Y
10014,臺東縣,10014150,達仁鄉,10014150-006,南田村,115,116,0,44,0,20,0,108Y
10014,臺東縣,10014160,蘭嶼鄉,10014160-001,東清村,483,619,1,123,0,72,0,108Y
10014,臺東縣,10014160,蘭嶼鄉,10014160-002,朗島村,352,332,0,58,0,40,0,108Y
10014,臺東縣,10014160,蘭嶼鄉,10014160-003,紅頭村,484,604,0,127,0,65,0,108Y
10014,臺東縣,10014160,蘭嶼鄉,10014160-004,椰油村,400,443,0,72,0,58,0,108Y
10014,臺東縣,10014010,臺東市,10014010-001,富岡里,472,650,0,202,0,172,0,109Y
10014,臺東縣,10014010,臺東市,10014010-002,富豐里,266,424,0,126,0,72,0,109Y
10014,臺東縣,10014010,臺東市,10014010-003,岩灣里,798,1059,1,260,0,149,0,109Y
10014,臺東縣,10014010,臺東市,10014010-004,南王里,1037,1238,3,329,0,240,0,109Y
10014,臺東縣,10014010,臺東市,10014010-005,卑南里,1007,1476,0,201,0,213,0,109Y
10014,臺東縣,10014010,臺東市,10014010-006,南榮里,997,1137,2,393,0,233,0,109Y
10014,臺東縣,10014010,臺東市,10014010-007,新生里,2382,3151,8,758,0,446,0,109Y
10014,臺東縣,10014010,臺東市,10014010-008,民生里,1070,1498,0,342,0,257,0,109Y
10014,臺東縣,10014010,臺東市,10014010-009,寶桑里,305,329,0,127,0,92,0,109Y
10014,臺東縣,10014010,臺東市,10014010-010,馬蘭里,938,1205,2,248,0,216,0,109Y
10014,臺東縣,10014010,臺東市,10014010-011,中心里,1108,1547,0,280,0,218,0,109Y
10014,臺東縣,10014010,臺東市,10014010-012,自強里,1420,2076,5,369,0,279,0,109Y
10014,臺東縣,10014010,臺東市,10014010-013,民族里,482,763,2,120,0,81,0,109Y
10014,臺東縣,10014010,臺東市,10014010-014,四維里,239,251,3,100,0,59,0,109Y
10014,臺東縣,10014010,臺東市,10014010-015,中華里,631,718,1,194,0,142,0,109Y
10014,臺東縣,10014010,臺東市,10014010-016,強國里,220,282,0,77,0,58,0,109Y
10014,臺東縣,10014010,臺東市,10014010-017,建國里,414,508,0,186,0,141,0,109Y
10014,臺東縣,10014010,臺東市,10014010-018,民權里,295,405,1,85,0,59,0,109Y
10014,臺東縣,10014010,臺東市,10014010-019,仁愛里,268,286,0,92,0,71,0,109Y
10014,臺東縣,10014010,臺東市,10014010-020,中正里,270,383,0,76,0,76,0,109Y
10014,臺東縣,10014010,臺東市,10014010-021,大同里,268,317,1,102,0,82,0,109Y
10014,臺東縣,10014010,臺東市,10014010-022,成功里,303,304,0,117,0,78,0,109Y
10014,臺東縣,10014010,臺東市,10014010-023,文化里,348,366,0,172,0,61,0,109Y
10014,臺東縣,10014010,臺東市,10014010-024,中山里,229,415,1,55,0,56,0,109Y
10014,臺東縣,10014010,臺東市,10014010-025,復國里,234,229,0,78,0,50,0,109Y
10014,臺東縣,10014010,臺東市,10014010-026,興國里,241,369,0,70,0,63,0,109Y
10014,臺東縣,10014010,臺東市,10014010-027,復興里,148,153,0,71,0,37,0,109Y
10014,臺東縣,10014010,臺東市,10014010-028,鐵花里,118,183,0,50,2,42,0,109Y
10014,臺東縣,10014010,臺東市,10014010-029,新園里,653,623,0,248,0,156,0,109Y
10014,臺東縣,10014010,臺東市,10014010-030,豐田里,751,975,0,248,0,210,0,109Y
10014,臺東縣,10014010,臺東市,10014010-031,豐年里,1130,1365,1,381,1,252,0,109Y
10014,臺東縣,10014010,臺東市,10014010-032,光明里,974,1261,1,295,1,174,0,109Y
10014,臺東縣,10014010,臺東市,10014010-033,豐樂里,536,723,0,143,0,112,0,109Y
10014,臺東縣,10014010,臺東市,10014010-034,永樂里,780,1086,3,207,2,123,0,109Y
10014,臺東縣,10014010,臺東市,10014010-035,康樂里,461,643,3,147,0,104,0,109Y
10014,臺東縣,10014010,臺東市,10014010-036,東海里,956,1308,2,291,0,237,0,109Y
10014,臺東縣,10014010,臺東市,10014010-037,新興里,344,387,0,134,0,102,0,109Y
10014,臺東縣,10014010,臺東市,10014010-038,豐榮里,3076,3840,9,876,1,584,0,109Y
10014,臺東縣,10014010,臺東市,10014010-039,豐谷里,1919,2279,3,583,0,416,0,109Y
10014,臺東縣,10014010,臺東市,10014010-040,豐里里,846,1140,1,225,0,226,0,109Y
10014,臺東縣,10014010,臺東市,10014010-041,豐原里,411,569,0,133,0,111,0,109Y
10014,臺東縣,10014010,臺東市,10014010-042,建和里,465,615,0,172,0,156,0,109Y
10014,臺東縣,10014010,臺東市,10014010-043,建興里,341,413,0,114,0,91,0,109Y
10014,臺東縣,10014010,臺東市,10014010-044,建業里,489,521,2,153,0,148,0,109Y
10014,臺東縣,10014010,臺東市,10014010-045,知本里,487,586,2,189,0,134,0,109Y
10014,臺東縣,10014010,臺東市,10014010-046,建農里,701,809,2,325,0,221,0,109Y
10014,臺東縣,10014020,成功鎮,10014020-001,博愛里,172,263,0,98,0,78,0,109Y
10014,臺東縣,10014020,成功鎮,10014020-002,忠孝里,283,370,1,157,0,131,0,109Y
10014,臺東縣,10014020,成功鎮,10014020-003,三仙里,428,596,0,200,0,139,0,109Y
10014,臺東縣,10014020,成功鎮,10014020-004,三民里,906,1237,0,308,0,262,0,109Y
10014,臺東縣,10014020,成功鎮,10014020-005,忠智里,601,905,0,185,0,189,0,109Y
10014,臺東縣,10014020,成功鎮,10014020-006,忠仁里,690,1034,0,234,0,218,0,109Y
10014,臺東縣,10014020,成功鎮,10014020-007,和平里,206,323,0,120,0,80,0,109Y
10014,臺東縣,10014020,成功鎮,10014020-008,信義里,588,763,1,243,0,209,0,109Y
10014,臺東縣,10014030,關山鎮,10014030-001,德高里,543,768,1,198,0,203,0,109Y
10014,臺東縣,10014030,關山鎮,10014030-002,豐泉里,396,505,0,142,0,112,0,109Y
10014,臺東縣,10014030,關山鎮,10014030-003,新福里,302,406,0,107,0,83,0,109Y
10014,臺東縣,10014030,關山鎮,10014030-004,中福里,265,393,0,70,0,61,0,109Y
10014,臺東縣,10014030,關山鎮,10014030-005,里壠里,581,713,0,185,0,178,0,109Y
10014,臺東縣,10014030,關山鎮,10014030-006,電光里,169,231,0,73,0,66,0,109Y
10014,臺東縣,10014030,關山鎮,10014030-007,月眉里,231,321,0,80,0,77,0,109Y
10014,臺東縣,10014040,卑南鄉,10014040-001,嘉豐村,159,177,0,87,0,55,0,109Y
10014,臺東縣,10014040,卑南鄉,10014040-002,利吉村,133,191,0,68,0,58,0,109Y
10014,臺東縣,10014040,卑南鄉,10014040-003,富山村,162,173,0,92,0,61,0,109Y
10014,臺東縣,10014040,卑南鄉,10014040-004,富源村,90,151,0,48,0,48,0,109Y
10014,臺東縣,10014040,卑南鄉,10014040-005,明峰村,374,499,3,159,0,136,0,109Y
10014,臺東縣,10014040,卑南鄉,10014040-006,初鹿村,436,527,1,166,0,149,0,109Y
10014,臺東縣,10014040,卑南鄉,10014040-007,美農村,377,469,0,129,0,105,0,109Y
10014,臺東縣,10014040,卑南鄉,10014040-008,賓朗村,804,952,0,265,0,256,0,109Y
10014,臺東縣,10014040,卑南鄉,10014040-009,泰安村,439,423,0,177,2,106,0,109Y
10014,臺東縣,10014040,卑南鄉,10014040-010,太平村,1078,1350,4,435,2,272,0,109Y
10014,臺東縣,10014040,卑南鄉,10014040-011,利嘉村,426,442,1,159,1,101,0,109Y
10014,臺東縣,10014040,卑南鄉,10014040-012,東興村,455,458,0,154,0,105,0,109Y
10014,臺東縣,10014040,卑南鄉,10014040-013,溫泉村,311,507,0,171,0,105,0,109Y
10014,臺東縣,10014050,鹿野鄉,10014050-001,瑞和村,239,262,0,91,0,69,0,109Y
10014,臺東縣,10014050,鹿野鄉,10014050-002,瑞豐村,279,391,1,104,0,119,0,109Y
10014,臺東縣,10014050,鹿野鄉,10014050-003,瑞源村,265,419,0,110,0,81,0,109Y
10014,臺東縣,10014050,鹿野鄉,10014050-004,永安村,479,646,0,199,0,146,0,109Y
10014,臺東縣,10014050,鹿野鄉,10014050-005,瑞隆村,282,431,1,95,0,89,0,109Y
10014,臺東縣,10014050,鹿野鄉,10014050-006,鹿野村,363,460,1,150,0,106,0,109Y
10014,臺東縣,10014050,鹿野鄉,10014050-007,龍田村,289,547,0,107,0,118,0,109Y
10014,臺東縣,10014060,池上鄉,10014060-001,福文村,374,450,1,162,0,154,0,109Y
10014,臺東縣,10014060,池上鄉,10014060-002,慶豐村,204,298,0,85,0,87,0,109Y
10014,臺東縣,10014060,池上鄉,10014060-003,大坡村,99,142,0,41,0,44,0,109Y
10014,臺東縣,10014060,池上鄉,10014060-004,大埔村,256,379,0,87,0,79,0,109Y
10014,臺東縣,10014060,池上鄉,10014060-005,福原村,643,921,3,198,0,203,0,109Y
10014,臺東縣,10014060,池上鄉,10014060-006,錦園村,87,176,0,40,0,46,0,109Y
10014,臺東縣,10014060,池上鄉,10014060-007,新興村,264,393,1,98,0,90,0,109Y
10014,臺東縣,10014060,池上鄉,10014060-008,萬安村,87,143,0,30,0,46,0,109Y
10014,臺東縣,10014060,池上鄉,10014060-009,富興村,127,174,0,55,0,43,0,109Y
10014,臺東縣,10014060,池上鄉,10014060-010,振興村,139,169,1,70,0,62,0,109Y
10014,臺東縣,10014070,東河鄉,10014070-001,北源村,545,597,3,232,0,200,0,109Y
10014,臺東縣,10014070,東河鄉,10014070-002,泰源村,346,516,1,132,0,170,0,109Y
10014,臺東縣,10014070,東河鄉,10014070-003,東河村,353,397,4,123,0,109,0,109Y
10014,臺東縣,10014070,東河鄉,10014070-004,尚德村,75,100,0,43,0,38,0,109Y
10014,臺東縣,10014070,東河鄉,10014070-005,隆昌村,163,220,0,76,0,75,0,109Y
10014,臺東縣,10014070,東河鄉,10014070-006,興昌村,243,410,0,135,0,121,0,109Y
10014,臺東縣,10014070,東河鄉,10014070-007,都蘭村,654,919,1,282,0,262,0,109Y
10014,臺東縣,10014080,長濱鄉,10014080-001,樟原村,187,236,0,83,0,99,0,109Y
10014,臺東縣,10014080,長濱鄉,10014080-002,三間村,358,494,0,153,0,173,0,109Y
10014,臺東縣,10014080,長濱鄉,10014080-003,忠勇村,173,230,2,76,0,63,0,109Y
10014,臺東縣,10014080,長濱鄉,10014080-004,長濱村,662,827,0,263,0,232,0,109Y
10014,臺東縣,10014080,長濱鄉,10014080-005,竹湖村,286,382,0,103,0,127,0,109Y
10014,臺東縣,10014080,長濱鄉,10014080-006,寧埔村,375,509,0,133,0,160,0,109Y
10014,臺東縣,10014090,太麻里鄉,10014090-001,美和村,464,564,0,169,0,127,0,109Y
10014,臺東縣,10014090,太麻里鄉,10014090-002,三和村,180,262,0,85,0,70,0,109Y
10014,臺東縣,10014090,太麻里鄉,10014090-003,華源村,175,299,0,46,0,85,0,109Y
10014,臺東縣,10014090,太麻里鄉,10014090-004,北里村,194,263,0,80,0,58,0,109Y
10014,臺東縣,10014090,太麻里鄉,10014090-005,泰和村,458,676,0,129,0,146,0,109Y
10014,臺東縣,10014090,太麻里鄉,10014090-006,大王村,567,832,0,220,0,180,0,109Y
10014,臺東縣,10014090,太麻里鄉,10014090-007,香蘭村,249,387,0,100,0,85,0,109Y
10014,臺東縣,10014090,太麻里鄉,10014090-008,金崙村,621,682,1,275,0,174,0,109Y
10014,臺東縣,10014090,太麻里鄉,10014090-009,多良村,297,356,3,143,0,124,0,109Y
10014,臺東縣,10014100,大武鄉,10014100-001,大竹村,229,307,0,122,0,91,0,109Y
10014,臺東縣,10014100,大武鄉,10014100-002,大鳥村,405,403,0,173,2,123,0,109Y
10014,臺東縣,10014100,大武鄉,10014100-003,大武村,423,550,1,187,0,126,0,109Y
10014,臺東縣,10014100,大武鄉,10014100-004,尚武村,410,598,2,223,0,166,0,109Y
10014,臺東縣,10014100,大武鄉,10014100-005,南興村,192,213,0,85,0,50,0,109Y
10014,臺東縣,10014110,綠島鄉,10014110-001,公館村,357,493,0,95,0,54,0,109Y
10014,臺東縣,10014110,綠島鄉,10014110-002,中寮村,367,534,0,86,0,63,0,109Y
10014,臺東縣,10014110,綠島鄉,10014110-003,南寮村,563,768,0,127,0,84,0,109Y
10014,臺東縣,10014120,海端鄉,10014120-001,廣原村,281,313,0,84,0,81,0,109Y
10014,臺東縣,10014120,海端鄉,10014120-002,霧鹿村,94,106,0,19,0,38,0,109Y
10014,臺東縣,10014120,海端鄉,10014120-003,利稻村,98,118,0,15,0,27,0,109Y
10014,臺東縣,10014120,海端鄉,10014120-004,海端村,392,397,0,96,0,108,0,109Y
10014,臺東縣,10014120,海端鄉,10014120-005,崁頂村,214,257,0,54,0,60,0,109Y
10014,臺東縣,10014120,海端鄉,10014120-006,加拿村,185,220,0,47,0,57,0,109Y
10014,臺東縣,10014130,延平鄉,10014130-001,武陵村,228,245,0,75,0,58,0,109Y
10014,臺東縣,10014130,延平鄉,10014130-002,永康村,97,156,0,31,0,31,0,109Y
10014,臺東縣,10014130,延平鄉,10014130-003,紅葉村,148,201,0,31,0,46,0,109Y
10014,臺東縣,10014130,延平鄉,10014130-004,鸞山村,198,259,2,73,2,58,0,109Y
10014,臺東縣,10014130,延平鄉,10014130-005,桃源村,382,455,1,109,0,85,0,109Y
10014,臺東縣,10014140,金峰鄉,10014140-001,新興村,199,213,0,82,0,35,0,109Y
10014,臺東縣,10014140,金峰鄉,10014140-002,正興村,231,286,0,52,0,53,0,109Y
10014,臺東縣,10014140,金峰鄉,10014140-003,嘉蘭村,486,531,1,166,0,101,0,109Y
10014,臺東縣,10014140,金峰鄉,10014140-004,賓茂村,122,128,0,53,0,38,0,109Y
10014,臺東縣,10014140,金峰鄉,10014140-005,歷坵村,96,145,0,60,0,35,0,109Y
10014,臺東縣,10014150,達仁鄉,10014150-001,台坂村,192,264,0,96,0,66,0,109Y
10014,臺東縣,10014150,達仁鄉,10014150-002,土坂村,349,360,0,97,0,74,0,109Y
10014,臺東縣,10014150,達仁鄉,10014150-003,新化村,109,128,0,53,0,42,0,109Y
10014,臺東縣,10014150,達仁鄉,10014150-004,安朔村,173,236,0,93,0,64,0,109Y
10014,臺東縣,10014150,達仁鄉,10014150-005,森永村,116,175,0,48,0,39,0,109Y
10014,臺東縣,10014150,達仁鄉,10014150-006,南田村,119,127,0,49,0,23,0,109Y
10014,臺東縣,10014160,蘭嶼鄉,10014160-001,東清村,508,632,1,123,0,68,0,109Y
10014,臺東縣,10014160,蘭嶼鄉,10014160-002,朗島村,363,342,0,56,0,42,0,109Y
10014,臺東縣,10014160,蘭嶼鄉,10014160-003,紅頭村,487,605,2,134,0,66,0,109Y
10014,臺東縣,10014160,蘭嶼鄉,10014160-004,椰油村,410,451,0,79,0,58,0,109Y
10014,臺東縣,10014010,臺東市,10014010-001,富岡里,755,1036,1,326,0,246,0,110Y
10014,臺東縣,10014010,臺東市,10014010-003,岩灣里,788,1041,2,278,0,151,0,110Y
10014,臺東縣,10014010,臺東市,10014010-004,南王里,1073,1256,4,334,0,249,0,110Y
10014,臺東縣,10014010,臺東市,10014010-005,卑南里,1052,1502,2,225,0,212,0,110Y
10014,臺東縣,10014010,臺東市,10014010-006,南榮里,1000,1116,3,393,0,225,0,110Y
10014,臺東縣,10014010,臺東市,10014010-007,新生里,1242,1674,5,397,0,217,0,110Y
10014,臺東縣,10014010,臺東市,10014010-008,民生里,932,1285,0,270,0,232,0,110Y
10014,臺東縣,10014010,臺東市,10014010-009,寶桑里,498,555,0,205,0,139,0,110Y
10014,臺東縣,10014010,臺東市,10014010-010,馬蘭里,900,1113,3,237,0,193,0,110Y
10014,臺東縣,10014010,臺東市,10014010-011,中心里,1099,1424,3,305,0,257,0,110Y
10014,臺東縣,10014010,臺東市,10014010-012,自強里,1177,1675,2,267,0,177,0,110Y
10014,臺東縣,10014010,臺東市,10014010-013,民族里,847,1265,3,217,0,177,0,110Y
10014,臺東縣,10014010,臺東市,10014010-015,中華里,861,932,5,311,0,197,0,110Y
10014,臺東縣,10014010,臺東市,10014010-017,建國里,650,760,0,265,1,194,0,110Y
10014,臺東縣,10014010,臺東市,10014010-020,中正里,771,945,1,262,0,223,0,110Y
10014,臺東縣,10014010,臺東市,10014010-022,成功里,733,728,0,288,0,172,0,110Y
10014,臺東縣,10014010,臺東市,10014010-023,文化里,652,739,1,263,0,108,0,110Y
10014,臺東縣,10014010,臺東市,10014010-024,中山里,608,965,0,176,1,151,0,110Y
10014,臺東縣,10014010,臺東市,10014010-029,新園里,655,610,1,248,0,166,0,110Y
10014,臺東縣,10014010,臺東市,10014010-030,豐田里,840,1013,0,285,1,201,0,110Y
10014,臺東縣,10014010,臺東市,10014010-031,豐年里,1178,1411,5,384,0,248,0,110Y
10014,臺東縣,10014010,臺東市,10014010-032,光明里,1013,1259,3,289,1,165,0,110Y
10014,臺東縣,10014010,臺東市,10014010-033,豐樂里,665,860,3,168,0,123,0,110Y
10014,臺東縣,10014010,臺東市,10014010-034,永樂里,1037,1314,7,268,1,172,0,110Y
10014,臺東縣,10014010,臺東市,10014010-035,康樂里,461,645,3,148,0,102,0,110Y
10014,臺東縣,10014010,臺東市,10014010-036,東海里,708,999,0,185,1,162,0,110Y
10014,臺東縣,10014010,臺東市,10014010-037,新興里,521,570,2,191,0,160,0,110Y
10014,臺東縣,10014010,臺東市,10014010-038,豐榮里,1158,1353,2,368,2,266,0,110Y
10014,臺東縣,10014010,臺東市,10014010-039,豐谷里,1346,1590,2,395,0,285,0,110Y
10014,臺東縣,10014010,臺東市,10014010-040,豐里里,824,1112,1,235,0,222,0,110Y
10014,臺東縣,10014010,臺東市,10014010-041,豐原里,439,589,0,141,0,113,0,110Y
10014,臺東縣,10014010,臺東市,10014010-042,建和里,464,609,0,160,0,150,0,110Y
10014,臺東縣,10014010,臺東市,10014010-043,建興里,466,545,1,144,0,116,0,110Y
10014,臺東縣,10014010,臺東市,10014010-045,知本里,866,969,4,306,1,261,0,110Y
10014,臺東縣,10014010,臺東市,10014010-046,建農里,726,799,3,327,1,224,0,110Y
10014,臺東縣,10014010,臺東市,10014010-047,仁和里,1146,1440,3,376,0,243,0,110Y
10014,臺東縣,10014010,臺東市,10014010-048,豐安里,999,1250,4,272,2,202,0,110Y
10014,臺東縣,10014010,臺東市,10014010-049,豐盛里,1298,1573,2,348,0,202,0,110Y
10014,臺東縣,10014020,成功鎮,10014020-001,博愛里,164,257,1,94,0,79,0,110Y
10014,臺東縣,10014020,成功鎮,10014020-002,忠孝里,278,369,1,156,0,131,0,110Y
10014,臺東縣,10014020,成功鎮,10014020-003,三仙里,422,573,2,197,0,146,0,110Y
10014,臺東縣,10014020,成功鎮,10014020-004,三民里,899,1250,1,315,0,253,0,110Y
10014,臺東縣,10014020,成功鎮,10014020-005,忠智里,621,892,0,190,0,189,0,110Y
10014,臺東縣,10014020,成功鎮,10014020-006,忠仁里,702,1032,0,234,0,210,0,110Y
10014,臺東縣,10014020,成功鎮,10014020-007,和平里,213,329,0,113,0,84,0,110Y
10014,臺東縣,10014020,成功鎮,10014020-008,信義里,602,755,4,242,0,208,0,110Y
10014,臺東縣,10014030,關山鎮,10014030-001,德高里,551,765,1,209,0,202,0,110Y
10014,臺東縣,10014030,關山鎮,10014030-002,豐泉里,406,494,0,137,0,114,0,110Y
10014,臺東縣,10014030,關山鎮,10014030-003,新福里,297,397,0,108,0,78,0,110Y
10014,臺東縣,10014030,關山鎮,10014030-004,中福里,270,382,1,65,0,62,0,110Y
10014,臺東縣,10014030,關山鎮,10014030-005,里壠里,586,713,0,180,0,177,0,110Y
10014,臺東縣,10014030,關山鎮,10014030-006,電光里,172,222,0,74,0,66,0,110Y
10014,臺東縣,10014030,關山鎮,10014030-007,月眉里,226,303,0,92,0,77,0,110Y
10014,臺東縣,10014040,卑南鄉,10014040-001,嘉豐村,154,177,1,91,0,55,0,110Y
10014,臺東縣,10014040,卑南鄉,10014040-002,利吉村,134,187,0,71,0,59,0,110Y
10014,臺東縣,10014040,卑南鄉,10014040-003,富山村,163,160,0,90,0,63,0,110Y
10014,臺東縣,10014040,卑南鄉,10014040-004,富源村,82,146,0,52,0,46,0,110Y
10014,臺東縣,10014040,卑南鄉,10014040-005,明峰村,385,500,2,153,1,129,0,110Y
10014,臺東縣,10014040,卑南鄉,10014040-006,初鹿村,444,511,0,167,1,145,0,110Y
10014,臺東縣,10014040,卑南鄉,10014040-007,美農村,381,460,3,128,0,102,0,110Y
10014,臺東縣,10014040,卑南鄉,10014040-008,賓朗村,824,957,1,261,0,251,0,110Y
10014,臺東縣,10014040,卑南鄉,10014040-009,泰安村,461,419,1,186,2,103,0,110Y
10014,臺東縣,10014040,卑南鄉,10014040-010,太平村,1106,1375,11,454,3,274,0,110Y
10014,臺東縣,10014040,卑南鄉,10014040-011,利嘉村,415,440,1,164,1,98,0,110Y
10014,臺東縣,10014040,卑南鄉,10014040-012,東興村,467,452,0,155,0,108,0,110Y
10014,臺東縣,10014040,卑南鄉,10014040-013,溫泉村,315,488,0,174,0,110,0,110Y
10014,臺東縣,10014050,鹿野鄉,10014050-001,瑞和村,245,256,0,88,0,73,0,110Y
10014,臺東縣,10014050,鹿野鄉,10014050-002,瑞豐村,287,387,1,107,0,116,0,110Y
10014,臺東縣,10014050,鹿野鄉,10014050-003,瑞源村,258,407,0,106,0,85,0,110Y
10014,臺東縣,10014050,鹿野鄉,10014050-004,永安村,484,621,2,206,0,150,0,110Y
10014,臺東縣,10014050,鹿野鄉,10014050-005,瑞隆村,287,405,1,99,0,96,0,110Y
10014,臺東縣,10014050,鹿野鄉,10014050-006,鹿野村,359,444,2,143,0,111,0,110Y
10014,臺東縣,10014050,鹿野鄉,10014050-007,龍田村,306,541,0,111,0,118,0,110Y
10014,臺東縣,10014060,池上鄉,10014060-001,福文村,380,446,0,153,0,154,0,110Y
10014,臺東縣,10014060,池上鄉,10014060-002,慶豐村,210,286,0,88,0,87,0,110Y
10014,臺東縣,10014060,池上鄉,10014060-003,大坡村,100,138,0,39,0,45,0,110Y
10014,臺東縣,10014060,池上鄉,10014060-004,大埔村,260,384,0,89,0,74,0,110Y
10014,臺東縣,10014060,池上鄉,10014060-005,福原村,654,909,2,208,1,192,0,110Y
10014,臺東縣,10014060,池上鄉,10014060-006,錦園村,77,173,0,39,0,42,0,110Y
10014,臺東縣,10014060,池上鄉,10014060-007,新興村,273,399,1,100,0,87,0,110Y
10014,臺東縣,10014060,池上鄉,10014060-008,萬安村,86,144,0,31,0,44,0,110Y
10014,臺東縣,10014060,池上鄉,10014060-009,富興村,131,172,0,53,0,43,0,110Y
10014,臺東縣,10014060,池上鄉,10014060-010,振興村,138,167,1,68,0,63,0,110Y
10014,臺東縣,10014070,東河鄉,10014070-001,北源村,533,585,3,233,0,207,0,110Y
10014,臺東縣,10014070,東河鄉,10014070-002,泰源村,355,499,1,142,0,170,0,110Y
10014,臺東縣,10014070,東河鄉,10014070-003,東河村,348,390,4,124,0,105,0,110Y
10014,臺東縣,10014070,東河鄉,10014070-004,尚德村,74,96,0,42,0,36,0,110Y
10014,臺東縣,10014070,東河鄉,10014070-005,隆昌村,163,211,0,77,0,71,0,110Y
10014,臺東縣,10014070,東河鄉,10014070-006,興昌村,266,409,1,134,0,118,0,110Y
10014,臺東縣,10014070,東河鄉,10014070-007,都蘭村,663,916,3,286,0,260,0,110Y
10014,臺東縣,10014080,長濱鄉,10014080-001,樟原村,185,227,0,85,0,96,0,110Y
10014,臺東縣,10014080,長濱鄉,10014080-002,三間村,365,468,0,157,0,172,0,110Y
10014,臺東縣,10014080,長濱鄉,10014080-003,忠勇村,177,224,3,78,0,64,0,110Y
10014,臺東縣,10014080,長濱鄉,10014080-004,長濱村,678,827,1,263,0,226,0,110Y
10014,臺東縣,10014080,長濱鄉,10014080-005,竹湖村,278,370,0,98,0,122,0,110Y
10014,臺東縣,10014080,長濱鄉,10014080-006,寧埔村,371,503,0,130,0,159,0,110Y
10014,臺東縣,10014090,太麻里鄉,10014090-001,美和村,494,561,0,174,0,123,0,110Y
10014,臺東縣,10014090,太麻里鄉,10014090-002,三和村,189,265,0,79,0,65,0,110Y
10014,臺東縣,10014090,太麻里鄉,10014090-003,華源村,176,296,0,51,0,84,0,110Y
10014,臺東縣,10014090,太麻里鄉,10014090-004,北里村,192,263,0,74,0,52,0,110Y
10014,臺東縣,10014090,太麻里鄉,10014090-005,泰和村,477,656,0,131,0,145,0,110Y
10014,臺東縣,10014090,太麻里鄉,10014090-006,大王村,602,820,0,217,0,180,0,110Y
10014,臺東縣,10014090,太麻里鄉,10014090-007,香蘭村,247,377,0,106,0,92,0,110Y
10014,臺東縣,10014090,太麻里鄉,10014090-008,金崙村,641,672,1,274,0,175,0,110Y
10014,臺東縣,10014090,太麻里鄉,10014090-009,多良村,309,357,2,143,1,122,0,110Y
10014,臺東縣,10014100,大武鄉,10014100-001,大竹村,239,308,1,117,0,93,0,110Y
10014,臺東縣,10014100,大武鄉,10014100-002,大鳥村,419,394,1,177,2,117,0,110Y
10014,臺東縣,10014100,大武鄉,10014100-003,大武村,440,549,1,181,0,126,0,110Y
10014,臺東縣,10014100,大武鄉,10014100-004,尚武村,398,575,2,223,0,161,0,110Y
10014,臺東縣,10014100,大武鄉,10014100-005,南興村,198,212,1,92,0,48,0,110Y
10014,臺東縣,10014110,綠島鄉,10014110-001,公館村,380,489,2,83,0,50,0,110Y
10014,臺東縣,10014110,綠島鄉,10014110-002,中寮村,393,538,0,82,0,62,0,110Y
10014,臺東縣,10014110,綠島鄉,10014110-003,南寮村,632,776,1,148,1,91,0,110Y
10014,臺東縣,10014120,海端鄉,10014120-001,廣原村,298,315,0,83,0,75,0,110Y
10014,臺東縣,10014120,海端鄉,10014120-002,霧鹿村,100,105,0,22,0,35,0,110Y
10014,臺東縣,10014120,海端鄉,10014120-003,利稻村,105,121,0,15,0,27,0,110Y
10014,臺東縣,10014120,海端鄉,10014120-004,海端村,411,399,0,93,0,99,0,110Y
10014,臺東縣,10014120,海端鄉,10014120-005,崁頂村,230,267,0,57,0,61,0,110Y
10014,臺東縣,10014120,海端鄉,10014120-006,加拿村,194,222,0,51,0,58,0,110Y
10014,臺東縣,10014130,延平鄉,10014130-001,武陵村,244,250,0,71,0,58,0,110Y
10014,臺東縣,10014130,延平鄉,10014130-002,永康村,110,162,0,32,0,30,0,110Y
10014,臺東縣,10014130,延平鄉,10014130-003,紅葉村,149,206,0,35,0,43,0,110Y
10014,臺東縣,10014130,延平鄉,10014130-004,鸞山村,194,263,2,70,2,59,0,110Y
10014,臺東縣,10014130,延平鄉,10014130-005,桃源村,406,434,1,117,0,93,0,110Y
10014,臺東縣,10014140,金峰鄉,10014140-001,新興村,206,218,0,85,0,37,0,110Y
10014,臺東縣,10014140,金峰鄉,10014140-002,正興村,232,279,0,51,0,56,0,110Y
10014,臺東縣,10014140,金峰鄉,10014140-003,嘉蘭村,506,521,1,167,0,99,0,110Y
10014,臺東縣,10014140,金峰鄉,10014140-004,賓茂村,118,119,0,61,0,39,0,110Y
10014,臺東縣,10014140,金峰鄉,10014140-005,歷坵村,100,140,0,62,0,37,0,110Y
10014,臺東縣,10014150,達仁鄉,10014150-001,台坂村,196,256,0,97,0,66,0,110Y
10014,臺東縣,10014150,達仁鄉,10014150-002,土坂村,358,355,0,101,0,72,0,110Y
10014,臺東縣,10014150,達仁鄉,10014150-003,新化村,115,134,0,53,0,44,0,110Y
10014,臺東縣,10014150,達仁鄉,10014150-004,安朔村,172,230,2,89,0,65,0,110Y
10014,臺東縣,10014150,達仁鄉,10014150-005,森永村,114,175,0,48,0,35,0,110Y
10014,臺東縣,10014150,達仁鄉,10014150-006,南田村,124,122,0,50,0,18,0,110Y
10014,臺東縣,10014160,蘭嶼鄉,10014160-001,東清村,527,634,1,128,0,71,0,110Y
10014,臺東縣,10014160,蘭嶼鄉,10014160-002,朗島村,370,339,0,61,0,41,0,110Y
10014,臺東縣,10014160,蘭嶼鄉,10014160-003,紅頭村,511,600,2,134,0,66,0,110Y
10014,臺東縣,10014160,蘭嶼鄉,10014160-004,椰油村,427,441,0,88,0,59,0,110Y
10014,臺東縣,10014010,臺東市,10014010-001,富岡里,757,1012,1,325,0,240,0,111Y
10014,臺東縣,10014010,臺東市,10014010-003,岩灣里,796,1066,2,278,0,149,0,111Y
10014,臺東縣,10014010,臺東市,10014010-004,南王里,1067,1271,5,329,0,241,0,111Y
10014,臺東縣,10014010,臺東市,10014010-005,卑南里,1053,1514,2,239,0,224,0,111Y
10014,臺東縣,10014010,臺東市,10014010-006,南榮里,1022,1158,1,387,2,215,0,111Y
10014,臺東縣,10014010,臺東市,10014010-007,新生里,1230,1664,5,397,0,217,0,111Y
10014,臺東縣,10014010,臺東市,10014010-008,民生里,921,1258,0,280,0,234,0,111Y
10014,臺東縣,10014010,臺東市,10014010-009,寶桑里,502,560,0,205,0,136,0,111Y
10014,臺東縣,10014010,臺東市,10014010-010,馬蘭里,880,1076,4,239,0,191,0,111Y
10014,臺東縣,10014010,臺東市,10014010-011,中心里,1086,1373,5,304,1,260,0,111Y
10014,臺東縣,10014010,臺東市,10014010-012,自強里,1139,1666,2,248,0,180,0,111Y
10014,臺東縣,10014010,臺東市,10014010-013,民族里,816,1213,3,230,0,178,0,111Y
10014,臺東縣,10014010,臺東市,10014010-015,中華里,872,915,5,320,0,202,0,111Y
10014,臺東縣,10014010,臺東市,10014010-017,建國里,628,743,1,271,0,194,0,111Y
10014,臺東縣,10014010,臺東市,10014010-020,中正里,746,903,1,267,0,215,0,111Y
10014,臺東縣,10014010,臺東市,10014010-022,成功里,718,731,1,284,0,170,0,111Y
10014,臺東縣,10014010,臺東市,10014010-023,文化里,641,711,0,278,0,99,0,111Y
10014,臺東縣,10014010,臺東市,10014010-024,中山里,586,900,2,169,1,155,0,111Y
10014,臺東縣,10014010,臺東市,10014010-029,新園里,652,610,0,249,1,170,0,111Y
10014,臺東縣,10014010,臺東市,10014010-030,豐田里,844,987,4,297,1,207,0,111Y
10014,臺東縣,10014010,臺東市,10014010-031,豐年里,1170,1435,5,378,1,252,0,111Y
10014,臺東縣,10014010,臺東市,10014010-032,光明里,1021,1234,3,287,1,162,0,111Y
10014,臺東縣,10014010,臺東市,10014010-033,豐樂里,639,848,3,173,0,126,0,111Y
10014,臺東縣,10014010,臺東市,10014010-034,永樂里,1036,1296,8,274,2,180,0,111Y
10014,臺東縣,10014010,臺東市,10014010-035,康樂里,464,649,3,146,0,109,0,111Y
10014,臺東縣,10014010,臺東市,10014010-036,東海里,695,981,2,188,1,163,0,111Y
10014,臺東縣,10014010,臺東市,10014010-037,新興里,487,547,0,201,0,156,0,111Y
10014,臺東縣,10014010,臺東市,10014010-038,豐榮里,1146,1353,2,364,3,266,0,111Y
10014,臺東縣,10014010,臺東市,10014010-039,豐谷里,1296,1549,11,412,1,290,0,111Y
10014,臺東縣,10014010,臺東市,10014010-040,豐里里,832,1092,1,242,0,218,0,111Y
10014,臺東縣,10014010,臺東市,10014010-041,豐原里,428,575,0,132,0,124,0,111Y
10014,臺東縣,10014010,臺東市,10014010-042,建和里,451,604,3,160,0,150,0,111Y
10014,臺東縣,10014010,臺東市,10014010-043,建興里,475,544,2,151,2,115,0,111Y
10014,臺東縣,10014010,臺東市,10014010-045,知本里,855,943,4,310,2,256,0,111Y
10014,臺東縣,10014010,臺東市,10014010-046,建農里,738,790,3,338,1,228,0,111Y
10014,臺東縣,10014010,臺東市,10014010-047,仁和里,1131,1414,4,365,1,250,0,111Y
10014,臺東縣,10014010,臺東市,10014010-048,豐安里,1027,1348,5,281,2,203,0,111Y
10014,臺東縣,10014010,臺東市,10014010-049,豐盛里,1305,1558,2,368,0,203,0,111Y
10014,臺東縣,10014020,成功鎮,10014020-001,博愛里,156,253,2,95,0,78,0,111Y
10014,臺東縣,10014020,成功鎮,10014020-002,忠孝里,284,357,1,158,0,131,0,111Y
10014,臺東縣,10014020,成功鎮,10014020-003,三仙里,421,560,1,198,1,145,0,111Y
10014,臺東縣,10014020,成功鎮,10014020-004,三民里,887,1237,2,322,0,245,0,111Y
10014,臺東縣,10014020,成功鎮,10014020-005,忠智里,620,936,0,194,0,188,0,111Y
10014,臺東縣,10014020,成功鎮,10014020-006,忠仁里,694,1032,0,225,0,206,0,111Y
10014,臺東縣,10014020,成功鎮,10014020-007,和平里,205,312,0,118,0,82,0,111Y
10014,臺東縣,10014020,成功鎮,10014020-008,信義里,591,752,4,238,0,215,0,111Y
10014,臺東縣,10014030,關山鎮,10014030-001,德高里,541,758,1,206,0,203,0,111Y
10014,臺東縣,10014030,關山鎮,10014030-002,豐泉里,396,487,0,136,0,115,0,111Y
10014,臺東縣,10014030,關山鎮,10014030-003,新福里,287,402,0,107,0,74,0,111Y
10014,臺東縣,10014030,關山鎮,10014030-004,中福里,262,381,0,66,0,61,0,111Y
10014,臺東縣,10014030,關山鎮,10014030-005,里壠里,558,695,1,187,0,187,0,111Y
10014,臺東縣,10014030,關山鎮,10014030-006,電光里,172,222,0,76,0,63,0,111Y
10014,臺東縣,10014030,關山鎮,10014030-007,月眉里,223,307,0,89,0,71,0,111Y
10014,臺東縣,10014040,卑南鄉,10014040-001,嘉豐村,160,176,1,91,0,56,0,111Y
10014,臺東縣,10014040,卑南鄉,10014040-002,利吉村,131,187,0,78,0,57,0,111Y
10014,臺東縣,10014040,卑南鄉,10014040-003,富山村,161,154,0,96,0,63,0,111Y
10014,臺東縣,10014040,卑南鄉,10014040-004,富源村,82,143,0,50,0,48,0,111Y
10014,臺東縣,10014040,卑南鄉,10014040-005,明峰村,377,476,2,158,2,136,0,111Y
10014,臺東縣,10014040,卑南鄉,10014040-006,初鹿村,441,492,0,175,1,145,0,111Y
10014,臺東縣,10014040,卑南鄉,10014040-007,美農村,359,465,2,129,1,98,0,111Y
10014,臺東縣,10014040,卑南鄉,10014040-008,賓朗村,799,952,0,274,1,244,0,111Y
10014,臺東縣,10014040,卑南鄉,10014040-009,泰安村,460,435,2,193,2,100,0,111Y
10014,臺東縣,10014040,卑南鄉,10014040-010,太平村,1129,1400,7,470,5,273,0,111Y
10014,臺東縣,10014040,卑南鄉,10014040-011,利嘉村,418,441,0,168,1,95,0,111Y
10014,臺東縣,10014040,卑南鄉,10014040-012,東興村,466,452,1,161,0,105,0,111Y
10014,臺東縣,10014040,卑南鄉,10014040-013,溫泉村,307,477,0,181,0,112,0,111Y
10014,臺東縣,10014050,鹿野鄉,10014050-001,瑞和村,240,252,0,87,0,72,0,111Y
10014,臺東縣,10014050,鹿野鄉,10014050-002,瑞豐村,282,367,1,113,0,110,0,111Y
10014,臺東縣,10014050,鹿野鄉,10014050-003,瑞源村,251,392,1,112,0,90,0,111Y
10014,臺東縣,10014050,鹿野鄉,10014050-004,永安村,465,607,4,208,0,149,0,111Y
10014,臺東縣,10014050,鹿野鄉,10014050-005,瑞隆村,289,391,2,92,0,97,0,111Y
10014,臺東縣,10014050,鹿野鄉,10014050-006,鹿野村,351,444,1,139,2,110,0,111Y
10014,臺東縣,10014050,鹿野鄉,10014050-007,龍田村,304,524,0,123,0,116,0,111Y
10014,臺東縣,10014060,池上鄉,10014060-001,福文村,380,419,0,159,0,158,0,111Y
10014,臺東縣,10014060,池上鄉,10014060-002,慶豐村,212,288,0,94,0,89,0,111Y
10014,臺東縣,10014060,池上鄉,10014060-003,大坡村,97,141,0,37,0,46,0,111Y
10014,臺東縣,10014060,池上鄉,10014060-004,大埔村,264,377,0,94,0,75,0,111Y
10014,臺東縣,10014060,池上鄉,10014060-005,福原村,652,908,2,199,1,191,0,111Y
10014,臺東縣,10014060,池上鄉,10014060-006,錦園村,80,172,0,41,0,38,0,111Y
10014,臺東縣,10014060,池上鄉,10014060-007,新興村,267,403,2,103,0,86,0,111Y
10014,臺東縣,10014060,池上鄉,10014060-008,萬安村,90,154,0,35,0,44,0,111Y
10014,臺東縣,10014060,池上鄉,10014060-009,富興村,125,162,0,51,0,45,0,111Y
10014,臺東縣,10014060,池上鄉,10014060-010,振興村,141,175,0,65,0,62,0,111Y
10014,臺東縣,10014070,東河鄉,10014070-001,北源村,520,572,3,236,1,196,0,111Y
10014,臺東縣,10014070,東河鄉,10014070-002,泰源村,352,480,2,140,0,182,0,111Y
10014,臺東縣,10014070,東河鄉,10014070-003,東河村,365,408,2,120,0,103,0,111Y
10014,臺東縣,10014070,東河鄉,10014070-004,尚德村,73,88,0,45,0,35,0,111Y
10014,臺東縣,10014070,東河鄉,10014070-005,隆昌村,163,207,0,76,0,69,0,111Y
10014,臺東縣,10014070,東河鄉,10014070-006,興昌村,270,420,1,134,0,125,0,111Y
10014,臺東縣,10014070,東河鄉,10014070-007,都蘭村,661,904,4,286,0,262,0,111Y
10014,臺東縣,10014080,長濱鄉,10014080-001,樟原村,182,217,0,89,0,94,0,111Y
10014,臺東縣,10014080,長濱鄉,10014080-002,三間村,364,461,2,157,0,172,0,111Y
10014,臺東縣,10014080,長濱鄉,10014080-003,忠勇村,170,220,1,81,0,63,0,111Y
10014,臺東縣,10014080,長濱鄉,10014080-004,長濱村,673,827,1,256,0,231,0,111Y
10014,臺東縣,10014080,長濱鄉,10014080-005,竹湖村,283,359,0,96,0,129,0,111Y
10014,臺東縣,10014080,長濱鄉,10014080-006,寧埔村,369,506,1,138,0,157,0,111Y
10014,臺東縣,10014090,太麻里鄉,10014090-001,美和村,493,550,2,169,0,116,0,111Y
10014,臺東縣,10014090,太麻里鄉,10014090-002,三和村,186,252,0,81,0,70,0,111Y
10014,臺東縣,10014090,太麻里鄉,10014090-003,華源村,175,297,0,54,0,84,0,111Y
10014,臺東縣,10014090,太麻里鄉,10014090-004,北里村,187,262,0,74,0,52,0,111Y
10014,臺東縣,10014090,太麻里鄉,10014090-005,泰和村,471,639,0,147,0,143,0,111Y
10014,臺東縣,10014090,太麻里鄉,10014090-006,大王村,606,819,0,219,0,181,0,111Y
10014,臺東縣,10014090,太麻里鄉,10014090-007,香蘭村,233,381,1,107,0,92,0,111Y
10014,臺東縣,10014090,太麻里鄉,10014090-008,金崙村,634,674,4,284,0,175,0,111Y
10014,臺東縣,10014090,太麻里鄉,10014090-009,多良村,304,355,4,148,1,121,0,111Y
10014,臺東縣,10014100,大武鄉,10014100-001,大竹村,251,318,1,117,0,95,0,111Y
10014,臺東縣,10014100,大武鄉,10014100-002,大鳥村,421,395,1,181,2,119,0,111Y
10014,臺東縣,10014100,大武鄉,10014100-003,大武村,436,533,1,179,0,127,0,111Y
10014,臺東縣,10014100,大武鄉,10014100-004,尚武村,397,555,2,228,0,153,0,111Y
10014,臺東縣,10014100,大武鄉,10014100-005,南興村,203,214,1,89,0,52,0,111Y
10014,臺東縣,10014110,綠島鄉,10014110-001,公館村,403,494,0,90,2,53,0,111Y
10014,臺東縣,10014110,綠島鄉,10014110-002,中寮村,402,542,0,93,0,60,0,111Y
10014,臺東縣,10014110,綠島鄉,10014110-003,南寮村,685,808,0,169,3,99,0,111Y
10014,臺東縣,10014120,海端鄉,10014120-001,廣原村,303,315,0,85,0,78,0,111Y
10014,臺東縣,10014120,海端鄉,10014120-002,霧鹿村,105,112,0,24,0,32,0,111Y
10014,臺東縣,10014120,海端鄉,10014120-003,利稻村,111,135,0,17,0,29,0,111Y
10014,臺東縣,10014120,海端鄉,10014120-004,海端村,408,404,0,99,0,96,0,111Y
10014,臺東縣,10014120,海端鄉,10014120-005,崁頂村,225,288,4,63,0,61,0,111Y
10014,臺東縣,10014120,海端鄉,10014120-006,加拿村,198,219,0,51,0,57,0,111Y
10014,臺東縣,10014130,延平鄉,10014130-001,武陵村,250,239,0,74,0,65,0,111Y
10014,臺東縣,10014130,延平鄉,10014130-002,永康村,110,165,0,31,0,31,0,111Y
10014,臺東縣,10014130,延平鄉,10014130-003,紅葉村,149,199,0,34,0,42,0,111Y
10014,臺東縣,10014130,延平鄉,10014130-004,鸞山村,191,279,0,72,4,58,0,111Y
10014,臺東縣,10014130,延平鄉,10014130-005,桃源村,423,445,0,119,1,92,0,111Y
10014,臺東縣,10014140,金峰鄉,10014140-001,新興村,200,241,0,84,0,36,0,111Y
10014,臺東縣,10014140,金峰鄉,10014140-002,正興村,245,281,0,51,0,55,0,111Y
10014,臺東縣,10014140,金峰鄉,10014140-003,嘉蘭村,511,533,5,162,0,102,0,111Y
10014,臺東縣,10014140,金峰鄉,10014140-004,賓茂村,121,120,0,60,0,35,0,111Y
10014,臺東縣,10014140,金峰鄉,10014140-005,歷坵村,97,144,1,58,0,35,0,111Y
10014,臺東縣,10014150,達仁鄉,10014150-001,台坂村,202,250,0,101,0,65,0,111Y
10014,臺東縣,10014150,達仁鄉,10014150-002,土坂村,354,368,1,98,0,74,0,111Y
10014,臺東縣,10014150,達仁鄉,10014150-003,新化村,126,146,0,55,0,45,0,111Y
10014,臺東縣,10014150,達仁鄉,10014150-004,安朔村,171,238,1,84,0,67,0,111Y
10014,臺東縣,10014150,達仁鄉,10014150-005,森永村,117,176,0,49,0,35,0,111Y
10014,臺東縣,10014150,達仁鄉,10014150-006,南田村,121,123,0,50,0,21,0,111Y
10014,臺東縣,10014160,蘭嶼鄉,10014160-001,東清村,542,624,1,130,0,77,0,111Y
10014,臺東縣,10014160,蘭嶼鄉,10014160-002,朗島村,364,346,0,65,0,41,0,111Y
10014,臺東縣,10014160,蘭嶼鄉,10014160-003,紅頭村,523,617,2,134,0,69,0,111Y
10014,臺東縣,10014160,蘭嶼鄉,10014160-004,椰油村,420,437,0,88,0,54,0,111Y
10014,臺東縣,10014010,臺東市,10014010-001,富岡里,777,988,0,333,1,233,0,112Y
10014,臺東縣,10014010,臺東市,10014010-003,岩灣里,791,1090,2,272,1,152,0,112Y
10014,臺東縣,10014010,臺東市,10014010-004,南王里,1050,1264,7,346,0,252,0,112Y
10014,臺東縣,10014010,臺東市,10014010-005,卑南里,1050,1518,0,236,0,220,0,112Y
10014,臺東縣,10014010,臺東市,10014010-006,南榮里,990,1137,2,400,2,212,0,112Y
10014,臺東縣,10014010,臺東市,10014010-007,新生里,1237,1654,6,394,0,222,0,112Y
10014,臺東縣,10014010,臺東市,10014010-008,民生里,948,1325,4,289,0,239,0,112Y
10014,臺東縣,10014010,臺東市,10014010-009,寶桑里,497,559,1,209,2,140,0,112Y
10014,臺東縣,10014010,臺東市,10014010-010,馬蘭里,842,1014,7,227,0,194,0,112Y
10014,臺東縣,10014010,臺東市,10014010-011,中心里,1087,1364,3,314,1,261,0,112Y
10014,臺東縣,10014010,臺東市,10014010-012,自強里,1094,1680,4,250,0,171,0,112Y
10014,臺東縣,10014010,臺東市,10014010-013,民族里,815,1214,3,227,0,180,0,112Y
10014,臺東縣,10014010,臺東市,10014010-015,中華里,866,894,10,332,1,205,0,112Y
10014,臺東縣,10014010,臺東市,10014010-017,建國里,615,721,0,270,1,202,0,112Y
10014,臺東縣,10014010,臺東市,10014010-020,中正里,724,879,2,267,0,220,0,112Y
10014,臺東縣,10014010,臺東市,10014010-022,成功里,701,706,1,286,0,176,0,112Y
10014,臺東縣,10014010,臺東市,10014010-023,文化里,678,694,2,295,0,99,0,112Y
10014,臺東縣,10014010,臺東市,10014010-024,中山里,580,865,2,162,1,157,0,112Y
10014,臺東縣,10014010,臺東市,10014010-029,新園里,653,610,2,257,0,177,0,112Y
10014,臺東縣,10014010,臺東市,10014010-030,豐田里,877,1015,5,297,0,208,0,112Y
10014,臺東縣,10014010,臺東市,10014010-031,豐年里,1164,1466,11,393,1,246,0,112Y
10014,臺東縣,10014010,臺東市,10014010-032,光明里,1033,1237,4,299,1,161,0,112Y
10014,臺東縣,10014010,臺東市,10014010-033,豐樂里,640,854,3,175,0,121,0,112Y
10014,臺東縣,10014010,臺東市,10014010-034,永樂里,1027,1297,7,274,4,187,0,112Y
10014,臺東縣,10014010,臺東市,10014010-035,康樂里,471,644,4,151,0,107,0,112Y
10014,臺東縣,10014010,臺東市,10014010-036,東海里,688,982,3,198,1,159,0,112Y
10014,臺東縣,10014010,臺東市,10014010-037,新興里,491,542,0,203,0,156,0,112Y
10014,臺東縣,10014010,臺東市,10014010-038,豐榮里,1139,1339,1,364,4,268,0,112Y
10014,臺東縣,10014010,臺東市,10014010-039,豐谷里,1262,1535,10,429,3,302,0,112Y
10014,臺東縣,10014010,臺東市,10014010-040,豐里里,841,1063,1,248,0,210,0,112Y
10014,臺東縣,10014010,臺東市,10014010-041,豐原里,434,575,3,132,1,129,0,112Y
10014,臺東縣,10014010,臺東市,10014010-042,建和里,452,576,3,162,1,156,0,112Y
10014,臺東縣,10014010,臺東市,10014010-043,建興里,480,526,2,155,2,123,0,112Y
10014,臺東縣,10014010,臺東市,10014010-045,知本里,863,943,4,320,2,254,0,112Y
10014,臺東縣,10014010,臺東市,10014010-046,建農里,727,792,6,357,1,226,0,112Y
10014,臺東縣,10014010,臺東市,10014010-047,仁和里,1098,1414,5,379,0,246,0,112Y
10014,臺東縣,10014010,臺東市,10014010-048,豐安里,1057,1400,5,294,4,212,0,112Y
10014,臺東縣,10014010,臺東市,10014010-049,豐盛里,1312,1570,3,378,1,214,0,112Y
10014,臺東縣,10014020,成功鎮,10014020-001,博愛里,154,237,3,98,0,82,0,112Y
10014,臺東縣,10014020,成功鎮,10014020-002,忠孝里,281,344,0,157,1,122,0,112Y
10014,臺東縣,10014020,成功鎮,10014020-003,三仙里,423,551,3,202,1,148,0,112Y
10014,臺東縣,10014020,成功鎮,10014020-004,三民里,878,1209,3,328,0,248,0,112Y
10014,臺東縣,10014020,成功鎮,10014020-005,忠智里,609,911,0,200,0,186,0,112Y
10014,臺東縣,10014020,成功鎮,10014020-006,忠仁里,689,1009,0,238,1,207,0,112Y
10014,臺東縣,10014020,成功鎮,10014020-007,和平里,203,302,0,121,0,83,0,112Y
10014,臺東縣,10014020,成功鎮,10014020-008,信義里,592,746,5,248,0,209,0,112Y
10014,臺東縣,10014030,關山鎮,10014030-001,德高里,538,736,2,206,0,203,0,112Y
10014,臺東縣,10014030,關山鎮,10014030-002,豐泉里,398,485,0,141,0,113,0,112Y
10014,臺東縣,10014030,關山鎮,10014030-003,新福里,293,384,0,113,0,77,0,112Y
10014,臺東縣,10014030,關山鎮,10014030-004,中福里,249,370,0,63,0,65,0,112Y
10014,臺東縣,10014030,關山鎮,10014030-005,里壠里,534,661,0,195,1,189,0,112Y
10014,臺東縣,10014030,關山鎮,10014030-006,電光里,170,218,0,75,0,61,0,112Y
10014,臺東縣,10014030,關山鎮,10014030-007,月眉里,221,303,0,82,0,68,0,112Y
10014,臺東縣,10014040,卑南鄉,10014040-001,嘉豐村,160,166,1,89,0,54,0,112Y
10014,臺東縣,10014040,卑南鄉,10014040-002,利吉村,132,176,0,77,0,59,0,112Y
10014,臺東縣,10014040,卑南鄉,10014040-003,富山村,156,154,0,98,0,59,0,112Y
10014,臺東縣,10014040,卑南鄉,10014040-004,富源村,79,135,0,51,0,48,0,112Y
10014,臺東縣,10014040,卑南鄉,10014040-005,明峰村,374,469,2,168,1,134,0,112Y
10014,臺東縣,10014040,卑南鄉,10014040-006,初鹿村,431,480,0,178,1,136,0,112Y
10014,臺東縣,10014040,卑南鄉,10014040-007,美農村,366,449,3,128,0,99,0,112Y
10014,臺東縣,10014040,卑南鄉,10014040-008,賓朗村,800,903,0,281,1,255,0,112Y
10014,臺東縣,10014040,卑南鄉,10014040-009,泰安村,446,425,4,195,2,102,0,112Y
10014,臺東縣,10014040,卑南鄉,10014040-010,太平村,1137,1367,11,474,5,270,0,112Y
10014,臺東縣,10014040,卑南鄉,10014040-011,利嘉村,407,442,0,163,1,91,0,112Y
10014,臺東縣,10014040,卑南鄉,10014040-012,東興村,471,436,1,174,0,113,0,112Y
10014,臺東縣,10014040,卑南鄉,10014040-013,溫泉村,302,466,0,180,1,113,0,112Y
10014,臺東縣,10014050,鹿野鄉,10014050-001,瑞和村,235,247,1,87,0,69,0,112Y
10014,臺東縣,10014050,鹿野鄉,10014050-002,瑞豐村,288,356,1,117,0,115,0,112Y
10014,臺東縣,10014050,鹿野鄉,10014050-003,瑞源村,250,371,1,122,0,92,0,112Y
10014,臺東縣,10014050,鹿野鄉,10014050-004,永安村,452,605,5,200,2,149,0,112Y
10014,臺東縣,10014050,鹿野鄉,10014050-005,瑞隆村,289,378,2,102,0,95,0,112Y
10014,臺東縣,10014050,鹿野鄉,10014050-006,鹿野村,351,433,0,139,2,111,0,112Y
10014,臺東縣,10014050,鹿野鄉,10014050-007,龍田村,299,505,0,121,0,117,0,112Y
10014,臺東縣,10014060,池上鄉,10014060-001,福文村,371,410,0,161,0,151,0,112Y
10014,臺東縣,10014060,池上鄉,10014060-002,慶豐村,210,275,0,92,0,94,0,112Y
10014,臺東縣,10014060,池上鄉,10014060-003,大坡村,97,143,0,39,0,44,0,112Y
10014,臺東縣,10014060,池上鄉,10014060-004,大埔村,252,371,1,95,0,78,0,112Y
10014,臺東縣,10014060,池上鄉,10014060-005,福原村,648,899,3,201,1,196,0,112Y
10014,臺東縣,10014060,池上鄉,10014060-006,錦園村,76,165,0,40,0,41,0,112Y
10014,臺東縣,10014060,池上鄉,10014060-007,新興村,262,383,2,107,0,88,0,112Y
10014,臺東縣,10014060,池上鄉,10014060-008,萬安村,84,148,1,32,0,47,0,112Y
10014,臺東縣,10014060,池上鄉,10014060-009,富興村,121,161,0,57,0,41,0,112Y
10014,臺東縣,10014060,池上鄉,10014060-010,振興村,140,173,0,68,0,62,0,112Y
10014,臺東縣,10014070,東河鄉,10014070-001,北源村,484,564,4,233,1,191,0,112Y
10014,臺東縣,10014070,東河鄉,10014070-002,泰源村,348,469,2,147,0,173,0,112Y
10014,臺東縣,10014070,東河鄉,10014070-003,東河村,356,406,1,122,1,102,0,112Y
10014,臺東縣,10014070,東河鄉,10014070-004,尚德村,75,82,0,43,0,35,0,112Y
10014,臺東縣,10014070,東河鄉,10014070-005,隆昌村,157,207,0,76,0,69,0,112Y
10014,臺東縣,10014070,東河鄉,10014070-006,興昌村,270,417,1,134,0,121,0,112Y
10014,臺東縣,10014070,東河鄉,10014070-007,都蘭村,665,892,6,286,0,251,0,112Y
10014,臺東縣,10014080,長濱鄉,10014080-001,樟原村,175,209,0,89,0,93,0,112Y
10014,臺東縣,10014080,長濱鄉,10014080-002,三間村,360,456,3,159,0,164,0,112Y
10014,臺東縣,10014080,長濱鄉,10014080-003,忠勇村,164,207,1,81,0,65,0,112Y
10014,臺東縣,10014080,長濱鄉,10014080-004,長濱村,676,790,1,269,0,233,0,112Y
10014,臺東縣,10014080,長濱鄉,10014080-005,竹湖村,284,352,0,101,0,126,0,112Y
10014,臺東縣,10014080,長濱鄉,10014080-006,寧埔村,368,499,1,144,0,156,0,112Y
10014,臺東縣,10014090,太麻里鄉,10014090-001,美和村,485,551,2,166,0,118,0,112Y
10014,臺東縣,10014090,太麻里鄉,10014090-002,三和村,181,231,0,86,0,73,0,112Y
10014,臺東縣,10014090,太麻里鄉,10014090-003,華源村,165,279,0,60,0,84,0,112Y
10014,臺東縣,10014090,太麻里鄉,10014090-004,北里村,189,256,0,78,0,52,0,112Y
10014,臺東縣,10014090,太麻里鄉,10014090-005,泰和村,467,613,0,160,0,146,0,112Y
10014,臺東縣,10014090,太麻里鄉,10014090-006,大王村,611,816,0,218,0,179,0,112Y
10014,臺東縣,10014090,太麻里鄉,10014090-007,香蘭村,229,377,1,114,0,93,0,112Y
10014,臺東縣,10014090,太麻里鄉,10014090-008,金崙村,644,676,5,285,0,177,0,112Y
10014,臺東縣,10014090,太麻里鄉,10014090-009,多良村,308,359,6,141,1,115,0,112Y
10014,臺東縣,10014100,大武鄉,10014100-001,大竹村,251,308,2,117,1,91,0,112Y
10014,臺東縣,10014100,大武鄉,10014100-002,大鳥村,414,400,3,179,3,115,0,112Y
10014,臺東縣,10014100,大武鄉,10014100-003,大武村,426,530,1,180,0,127,0,112Y
10014,臺東縣,10014100,大武鄉,10014100-004,尚武村,407,538,2,223,0,152,0,112Y
10014,臺東縣,10014100,大武鄉,10014100-005,南興村,202,215,1,87,0,53,0,112Y
10014,臺東縣,10014110,綠島鄉,10014110-001,公館村,442,502,2,99,2,56,0,112Y
10014,臺東縣,10014110,綠島鄉,10014110-002,中寮村,423,549,1,101,0,63,0,112Y
10014,臺東縣,10014110,綠島鄉,10014110-003,南寮村,692,778,2,169,4,104,0,112Y
10014,臺東縣,10014120,海端鄉,10014120-001,廣原村,303,328,1,83,0,73,0,112Y
10014,臺東縣,10014120,海端鄉,10014120-002,霧鹿村,107,122,0,24,0,29,0,112Y
10014,臺東縣,10014120,海端鄉,10014120-003,利稻村,117,128,0,19,0,29,0,112Y
10014,臺東縣,10014120,海端鄉,10014120-004,海端村,398,409,4,104,0,95,0,112Y
10014,臺東縣,10014120,海端鄉,10014120-005,崁頂村,237,291,3,69,1,59,0,112Y
10014,臺東縣,10014120,海端鄉,10014120-006,加拿村,197,218,1,59,0,56,0,112Y
10014,臺東縣,10014130,延平鄉,10014130-001,武陵村,242,246,0,71,0,65,0,112Y
10014,臺東縣,10014130,延平鄉,10014130-002,永康村,107,152,0,32,0,29,0,112Y
10014,臺東縣,10014130,延平鄉,10014130-003,紅葉村,158,198,0,35,0,43,0,112Y
10014,臺東縣,10014130,延平鄉,10014130-004,鸞山村,178,279,0,74,3,57,0,112Y
10014,臺東縣,10014130,延平鄉,10014130-005,桃源村,410,439,0,113,1,91,0,112Y
10014,臺東縣,10014140,金峰鄉,10014140-001,新興村,205,250,0,83,0,38,0,112Y
10014,臺東縣,10014140,金峰鄉,10014140-002,正興村,250,281,1,49,0,48,0,112Y
10014,臺東縣,10014140,金峰鄉,10014140-003,嘉蘭村,497,545,6,163,0,100,0,112Y
10014,臺東縣,10014140,金峰鄉,10014140-004,賓茂村,119,121,0,58,0,34,0,112Y
10014,臺東縣,10014140,金峰鄉,10014140-005,歷坵村,103,151,1,59,0,35,0,112Y
10014,臺東縣,10014150,達仁鄉,10014150-001,台坂村,211,236,0,104,0,65,0,112Y
10014,臺東縣,10014150,達仁鄉,10014150-002,土坂村,353,358,2,108,0,74,0,112Y
10014,臺東縣,10014150,達仁鄉,10014150-003,新化村,130,136,0,59,0,45,0,112Y
10014,臺東縣,10014150,達仁鄉,10014150-004,安朔村,170,242,1,83,0,67,0,112Y
10014,臺東縣,10014150,達仁鄉,10014150-005,森永村,107,155,0,50,0,34,0,112Y
10014,臺東縣,10014150,達仁鄉,10014150-006,南田村,115,122,0,48,0,19,0,112Y
10014,臺東縣,10014160,蘭嶼鄉,10014160-001,東清村,549,630,4,132,0,77,0,112Y
10014,臺東縣,10014160,蘭嶼鄉,10014160-002,朗島村,368,344,0,67,0,44,0,112Y
10014,臺東縣,10014160,蘭嶼鄉,10014160-003,紅頭村,528,612,1,132,1,71,0,112Y
10014,臺東縣,10014160,蘭嶼鄉,10014160-004,椰油村,426,455,1,93,0,52,0,112Y
10014,臺東縣,10014010,臺東市,10014010-001,富岡里,774,979,0,330,1,238,0,113Y
10014,臺東縣,10014010,臺東市,10014010-003,岩灣里,800,1118,9,285,1,163,0,113Y
10014,臺東縣,10014010,臺東市,10014010-004,南王里,1047,1281,12,339,0,255,0,113Y
10014,臺東縣,10014010,臺東市,10014010-005,卑南里,1064,1562,2,244,0,221,0,113Y
10014,臺東縣,10014010,臺東市,10014010-006,南榮里,981,1142,2,405,2,206,0,113Y
10014,臺東縣,10014010,臺東市,10014010-007,新生里,1238,1644,5,397,0,229,0,113Y
10014,臺東縣,10014010,臺東市,10014010-008,民生里,936,1303,5,289,0,234,0,113Y
10014,臺東縣,10014010,臺東市,10014010-009,寶桑里,487,559,1,197,1,141,0,113Y
10014,臺東縣,10014010,臺東市,10014010-010,馬蘭里,816,985,7,225,0,195,0,113Y
10014,臺東縣,10014010,臺東市,10014010-011,中心里,1055,1347,5,328,1,266,0,113Y
10014,臺東縣,10014010,臺東市,10014010-012,自強里,1088,1678,2,259,0,170,0,113Y
10014,臺東縣,10014010,臺東市,10014010-013,民族里,795,1191,3,224,1,179,0,113Y
10014,臺東縣,10014010,臺東市,10014010-015,中華里,853,881,8,325,0,212,0,113Y
10014,臺東縣,10014010,臺東市,10014010-017,建國里,609,697,1,266,3,203,0,113Y
10014,臺東縣,10014010,臺東市,10014010-020,中正里,718,909,6,272,2,215,0,113Y
10014,臺東縣,10014010,臺東市,10014010-022,成功里,682,681,3,285,0,176,0,113Y
10014,臺東縣,10014010,臺東市,10014010-023,文化里,648,679,3,290,0,101,0,113Y
10014,臺東縣,10014010,臺東市,10014010-024,中山里,550,839,2,167,1,153,0,113Y
10014,臺東縣,10014010,臺東市,10014010-029,新園里,663,604,4,253,0,180,0,113Y
10014,臺東縣,10014010,臺東市,10014010-030,豐田里,872,1033,1,305,2,210,0,113Y
10014,臺東縣,10014010,臺東市,10014010-031,豐年里,1174,1487,9,407,4,239,0,113Y
10014,臺東縣,10014010,臺東市,10014010-032,光明里,1033,1235,6,302,0,158,0,113Y
10014,臺東縣,10014010,臺東市,10014010-033,豐樂里,637,867,6,178,1,120,0,113Y
10014,臺東縣,10014010,臺東市,10014010-034,永樂里,999,1286,7,277,4,186,0,113Y
10014,臺東縣,10014010,臺東市,10014010-035,康樂里,502,659,2,153,2,115,0,113Y
10014,臺東縣,10014010,臺東市,10014010-036,東海里,679,976,4,200,1,155,0,113Y
10014,臺東縣,10014010,臺東市,10014010-037,新興里,474,540,0,200,0,159,0,113Y
10014,臺東縣,10014010,臺東市,10014010-038,豐榮里,1117,1343,3,371,4,258,0,113Y
10014,臺東縣,10014010,臺東市,10014010-039,豐谷里,1235,1535,11,441,4,304,0,113Y
10014,臺東縣,10014010,臺東市,10014010-040,豐里里,838,1061,2,254,0,210,0,113Y
10014,臺東縣,10014010,臺東市,10014010-041,豐原里,416,559,1,132,1,132,0,113Y
10014,臺東縣,10014010,臺東市,10014010-042,建和里,446,578,1,167,1,148,0,113Y
10014,臺東縣,10014010,臺東市,10014010-043,建興里,478,523,2,155,2,126,0,113Y
10014,臺東縣,10014010,臺東市,10014010-045,知本里,871,932,5,331,1,254,0,113Y
10014,臺東縣,10014010,臺東市,10014010-046,建農里,720,774,5,366,1,223,0,113Y
10014,臺東縣,10014010,臺東市,10014010-047,仁和里,1086,1401,7,379,0,248,0,113Y
10014,臺東縣,10014010,臺東市,10014010-048,豐安里,1088,1432,7,309,3,227,0,113Y
10014,臺東縣,10014010,臺東市,10014010-049,豐盛里,1302,1596,6,380,1,218,0,113Y
10014,臺東縣,10014020,成功鎮,10014020-001,博愛里,163,229,2,98,1,81,0,113Y
10014,臺東縣,10014020,成功鎮,10014020-002,忠孝里,276,332,0,154,1,120,0,113Y
10014,臺東縣,10014020,成功鎮,10014020-003,三仙里,436,533,5,205,1,143,0,113Y
10014,臺東縣,10014020,成功鎮,10014020-004,三民里,850,1200,2,332,1,245,0,113Y
10014,臺東縣,10014020,成功鎮,10014020-005,忠智里,602,904,0,196,0,191,0,113Y
10014,臺東縣,10014020,成功鎮,10014020-006,忠仁里,671,984,0,245,2,214,0,113Y
10014,臺東縣,10014020,成功鎮,10014020-007,和平里,195,299,1,120,0,85,0,113Y
10014,臺東縣,10014020,成功鎮,10014020-008,信義里,591,734,4,252,0,201,0,113Y
10014,臺東縣,10014030,關山鎮,10014030-001,德高里,524,727,2,208,0,188,0,113Y
10014,臺東縣,10014030,關山鎮,10014030-002,豐泉里,385,493,0,143,0,112,0,113Y
10014,臺東縣,10014030,關山鎮,10014030-003,新福里,288,376,1,114,0,79,0,113Y
10014,臺東縣,10014030,關山鎮,10014030-004,中福里,236,372,0,59,0,65,0,113Y
10014,臺東縣,10014030,關山鎮,10014030-005,里壠里,520,654,2,192,1,189,0,113Y
10014,臺東縣,10014030,關山鎮,10014030-006,電光里,166,208,0,77,0,62,0,113Y
10014,臺東縣,10014030,關山鎮,10014030-007,月眉里,215,296,0,83,0,66,0,113Y
10014,臺東縣,10014040,卑南鄉,10014040-001,嘉豐村,152,178,2,85,1,43,0,113Y
10014,臺東縣,10014040,卑南鄉,10014040-002,利吉村,124,167,0,81,0,59,0,113Y
10014,臺東縣,10014040,卑南鄉,10014040-003,富山村,162,151,0,96,0,57,0,113Y
10014,臺東縣,10014040,卑南鄉,10014040-004,富源村,80,136,0,52,0,46,0,113Y
10014,臺東縣,10014040,卑南鄉,10014040-005,明峰村,368,459,2,164,1,135,0,113Y
10014,臺東縣,10014040,卑南鄉,10014040-006,初鹿村,423,476,0,179,1,133,0,113Y
10014,臺東縣,10014040,卑南鄉,10014040-007,美農村,368,441,3,135,0,101,0,113Y
10014,臺東縣,10014040,卑南鄉,10014040-008,賓朗村,789,888,1,283,0,244,0,113Y
10014,臺東縣,10014040,卑南鄉,10014040-009,泰安村,446,440,5,200,2,103,0,113Y
10014,臺東縣,10014040,卑南鄉,10014040-010,太平村,1119,1341,10,463,5,278,0,113Y
10014,臺東縣,10014040,卑南鄉,10014040-011,利嘉村,397,441,0,170,1,92,0,113Y
10014,臺東縣,10014040,卑南鄉,10014040-012,東興村,474,439,3,183,0,110,0,113Y
10014,臺東縣,10014040,卑南鄉,10014040-013,溫泉村,303,464,1,197,1,109,0,113Y
10014,臺東縣,10014050,鹿野鄉,10014050-001,瑞和村,224,257,2,85,2,67,0,113Y
10014,臺東縣,10014050,鹿野鄉,10014050-002,瑞豐村,287,352,1,105,0,112,0,113Y
10014,臺東縣,10014050,鹿野鄉,10014050-003,瑞源村,245,366,0,120,1,88,0,113Y
10014,臺東縣,10014050,鹿野鄉,10014050-004,永安村,449,602,3,194,2,144,0,113Y
10014,臺東縣,10014050,鹿野鄉,10014050-005,瑞隆村,279,371,3,107,0,93,0,113Y
10014,臺東縣,10014050,鹿野鄉,10014050-006,鹿野村,342,415,3,136,2,109,0,113Y
10014,臺東縣,10014050,鹿野鄉,10014050-007,龍田村,291,490,1,127,0,118,0,113Y
10014,臺東縣,10014060,池上鄉,10014060-001,福文村,373,398,0,163,0,144,0,113Y
10014,臺東縣,10014060,池上鄉,10014060-002,慶豐村,200,263,2,85,0,94,0,113Y
10014,臺東縣,10014060,池上鄉,10014060-003,大坡村,93,146,0,39,0,42,0,113Y
10014,臺東縣,10014060,池上鄉,10014060-004,大埔村,235,366,1,92,0,75,0,113Y
10014,臺東縣,10014060,池上鄉,10014060-005,福原村,657,879,2,205,1,196,0,113Y
10014,臺東縣,10014060,池上鄉,10014060-006,錦園村,73,163,0,39,0,38,0,113Y
10014,臺東縣,10014060,池上鄉,10014060-007,新興村,248,381,2,107,0,87,0,113Y
10014,臺東縣,10014060,池上鄉,10014060-008,萬安村,77,140,1,34,0,48,0,113Y
10014,臺東縣,10014060,池上鄉,10014060-009,富興村,114,159,0,55,0,40,0,113Y
10014,臺東縣,10014060,池上鄉,10014060-010,振興村,135,169,0,68,0,59,0,113Y
10014,臺東縣,10014070,東河鄉,10014070-001,北源村,491,559,5,235,1,184,0,113Y
10014,臺東縣,10014070,東河鄉,10014070-002,泰源村,345,471,3,143,0,170,0,113Y
10014,臺東縣,10014070,東河鄉,10014070-003,東河村,342,401,1,123,1,101,0,113Y
10014,臺東縣,10014070,東河鄉,10014070-004,尚德村,78,78,0,43,0,36,0,113Y
10014,臺東縣,10014070,東河鄉,10014070-005,隆昌村,152,197,0,76,0,68,0,113Y
10014,臺東縣,10014070,東河鄉,10014070-006,興昌村,279,407,1,131,0,119,0,113Y
10014,臺東縣,10014070,東河鄉,10014070-007,都蘭村,637,891,4,297,2,249,0,113Y
10014,臺東縣,10014080,長濱鄉,10014080-001,樟原村,168,201,0,94,0,88,0,113Y
10014,臺東縣,10014080,長濱鄉,10014080-002,三間村,357,443,3,165,0,155,0,113Y
10014,臺東縣,10014080,長濱鄉,10014080-003,忠勇村,165,209,1,79,0,64,0,113Y
10014,臺東縣,10014080,長濱鄉,10014080-004,長濱村,664,779,0,274,0,230,0,113Y
10014,臺東縣,10014080,長濱鄉,10014080-005,竹湖村,276,343,0,103,0,125,0,113Y
10014,臺東縣,10014080,長濱鄉,10014080-006,寧埔村,365,488,1,149,0,158,0,113Y
10014,臺東縣,10014090,太麻里鄉,10014090-001,美和村,469,523,2,184,0,125,0,113Y
10014,臺東縣,10014090,太麻里鄉,10014090-002,三和村,179,221,0,92,0,75,0,113Y
10014,臺東縣,10014090,太麻里鄉,10014090-003,華源村,163,271,0,65,0,80,0,113Y
10014,臺東縣,10014090,太麻里鄉,10014090-004,北里村,181,253,0,80,0,48,0,113Y
10014,臺東縣,10014090,太麻里鄉,10014090-005,泰和村,451,618,2,157,0,143,0,113Y
10014,臺東縣,10014090,太麻里鄉,10014090-006,大王村,606,799,0,224,0,182,0,113Y
10014,臺東縣,10014090,太麻里鄉,10014090-007,香蘭村,230,353,1,108,0,92,0,113Y
10014,臺東縣,10014090,太麻里鄉,10014090-008,金崙村,643,676,6,296,1,180,0,113Y
10014,臺東縣,10014090,太麻里鄉,10014090-009,多良村,303,363,6,140,2,112,0,113Y
10014,臺東縣,10014100,大武鄉,10014100-001,大竹村,247,307,2,112,1,91,0,113Y
10014,臺東縣,10014100,大武鄉,10014100-002,大鳥村,410,374,1,182,3,117,0,113Y
10014,臺東縣,10014100,大武鄉,10014100-003,大武村,430,501,1,186,0,126,0,113Y
10014,臺東縣,10014100,大武鄉,10014100-004,尚武村,400,525,2,225,0,146,0,113Y
10014,臺東縣,10014100,大武鄉,10014100-005,南興村,191,221,1,81,0,47,0,113Y
10014,臺東縣,10014110,綠島鄉,10014110-001,公館村,459,486,1,106,1,60,0,113Y
10014,臺東縣,10014110,綠島鄉,10014110-002,中寮村,410,536,2,116,0,68,0,113Y
10014,臺東縣,10014110,綠島鄉,10014110-003,南寮村,712,796,4,161,3,99,0,113Y
10014,臺東縣,10014120,海端鄉,10014120-001,廣原村,310,317,1,84,0,71,0,113Y
10014,臺東縣,10014120,海端鄉,10014120-002,霧鹿村,103,134,2,25,0,32,0,113Y
10014,臺東縣,10014120,海端鄉,10014120-003,利稻村,123,131,1,20,0,30,0,113Y
10014,臺東縣,10014120,海端鄉,10014120-004,海端村,405,419,3,104,0,94,0,113Y
10014,臺東縣,10014120,海端鄉,10014120-005,崁頂村,239,288,2,75,2,57,0,113Y
10014,臺東縣,10014120,海端鄉,10014120-006,加拿村,202,211,1,66,1,58,0,113Y
10014,臺東縣,10014130,延平鄉,10014130-001,武陵村,243,238,0,80,0,68,0,113Y
10014,臺東縣,10014130,延平鄉,10014130-002,永康村,111,154,0,41,0,29,0,113Y
10014,臺東縣,10014130,延平鄉,10014130-003,紅葉村,154,189,3,40,0,49,0,113Y
10014,臺東縣,10014130,延平鄉,10014130-004,鸞山村,171,269,0,77,3,58,0,113Y
10014,臺東縣,10014130,延平鄉,10014130-005,桃源村,399,425,0,117,2,94,0,113Y
10014,臺東縣,10014140,金峰鄉,10014140-001,新興村,211,236,0,84,1,39,0,113Y
10014,臺東縣,10014140,金峰鄉,10014140-002,正興村,243,279,0,49,0,50,0,113Y
10014,臺東縣,10014140,金峰鄉,10014140-003,嘉蘭村,489,532,3,169,2,104,0,113Y
10014,臺東縣,10014140,金峰鄉,10014140-004,賓茂村,122,125,0,58,0,33,0,113Y
10014,臺東縣,10014140,金峰鄉,10014140-005,歷坵村,109,141,3,59,0,37,0,113Y
10014,臺東縣,10014150,達仁鄉,10014150-001,台坂村,204,238,0,101,0,69,0,113Y
10014,臺東縣,10014150,達仁鄉,10014150-002,土坂村,354,354,2,112,0,75,0,113Y
10014,臺東縣,10014150,達仁鄉,10014150-003,新化村,130,133,0,60,0,44,0,113Y
10014,臺東縣,10014150,達仁鄉,10014150-004,安朔村,167,236,1,87,0,68,0,113Y
10014,臺東縣,10014150,達仁鄉,10014150-005,森永村,99,136,0,49,0,36,0,113Y
10014,臺東縣,10014150,達仁鄉,10014150-006,南田村,119,122,1,51,0,18,0,113Y
10014,臺東縣,10014160,蘭嶼鄉,10014160-001,東清村,545,625,4,136,1,76,0,113Y
10014,臺東縣,10014160,蘭嶼鄉,10014160-002,朗島村,364,356,0,63,0,43,0,113Y
10014,臺東縣,10014160,蘭嶼鄉,10014160-003,紅頭村,520,599,2,138,1,70,0,113Y
10014,臺東縣,10014160,蘭嶼鄉,10014160-004,椰油村,428,449,2,95,0,54,0,113Y
