COUNTY_ID,COUNTY,TOWN_ID,TOWN,V_ID,VILLAGE,DEAD_CNT,DEAD_M_CNT,DEAD_F_CNT,INFO_TIME
縣市代碼,縣市名稱,鄉鎮市區代碼,鄉鎮市區名稱,村里代碼,村里名稱,死亡數,死亡登記男性人口數,死亡登記女性人口數,資料時間
10014,臺東縣,10014100,大武鄉,10014100-001,大竹村,10,4,6,104Y
10014,臺東縣,10014100,大武鄉,10014100-003,大武村,13,6,7,104Y
10014,臺東縣,10014100,大武鄉,10014100-002,大鳥村,15,11,4,104Y
10014,臺東縣,10014100,大武鄉,10014100-004,尚武村,25,20,5,104Y
10014,臺東縣,10014100,大武鄉,10014100-005,南興村,9,4,5,104Y
10014,臺東縣,10014090,太麻里鄉,10014090-002,三和村,6,2,4,104Y
10014,臺東縣,10014090,太麻里鄉,10014090-006,大王村,25,16,9,104Y
10014,臺東縣,10014090,太麻里鄉,10014090-004,北里村,6,6,0,104Y
10014,臺東縣,10014090,太麻里鄉,10014090-009,多良村,16,7,9,104Y
10014,臺東縣,10014090,太麻里鄉,10014090-008,金崙村,30,20,10,104Y
10014,臺東縣,10014090,太麻里鄉,10014090-001,美和村,13,6,7,104Y
10014,臺東縣,10014090,太麻里鄉,10014090-007,香蘭村,9,5,4,104Y
10014,臺東縣,10014090,太麻里鄉,10014090-005,泰和村,20,13,7,104Y
10014,臺東縣,10014090,太麻里鄉,10014090-003,華源村,9,6,3,104Y
10014,臺東縣,10014020,成功鎮,10014020-003,三仙里,18,13,5,104Y
10014,臺東縣,10014020,成功鎮,10014020-004,三民里,29,16,13,104Y
10014,臺東縣,10014020,成功鎮,10014020-007,和平里,12,6,6,104Y
10014,臺東縣,10014020,成功鎮,10014020-006,忠仁里,28,20,8,104Y
10014,臺東縣,10014020,成功鎮,10014020-002,忠孝里,21,10,11,104Y
10014,臺東縣,10014020,成功鎮,10014020-005,忠智里,23,16,7,104Y
10014,臺東縣,10014020,成功鎮,10014020-008,信義里,34,24,10,104Y
10014,臺東縣,10014020,成功鎮,10014020-001,博愛里,15,9,6,104Y
10014,臺東縣,10014060,池上鄉,10014060-003,大坡村,3,2,1,104Y
10014,臺東縣,10014060,池上鄉,10014060-004,大埔村,17,11,6,104Y
10014,臺東縣,10014060,池上鄉,10014060-010,振興村,6,4,2,104Y
10014,臺東縣,10014060,池上鄉,10014060-009,富興村,6,4,2,104Y
10014,臺東縣,10014060,池上鄉,10014060-007,新興村,9,5,4,104Y
10014,臺東縣,10014060,池上鄉,10014060-008,萬安村,5,4,1,104Y
10014,臺東縣,10014060,池上鄉,10014060-001,福文村,27,17,10,104Y
10014,臺東縣,10014060,池上鄉,10014060-005,福原村,25,15,10,104Y
10014,臺東縣,10014060,池上鄉,10014060-002,慶豐村,13,8,5,104Y
10014,臺東縣,10014060,池上鄉,10014060-006,錦園村,8,7,1,104Y
10014,臺東縣,10014040,卑南鄉,10014040-010,太平村,51,33,18,104Y
10014,臺東縣,10014040,卑南鄉,10014040-002,利吉村,17,13,4,104Y
10014,臺東縣,10014040,卑南鄉,10014040-011,利嘉村,13,8,5,104Y
10014,臺東縣,10014040,卑南鄉,10014040-005,明峰村,22,11,11,104Y
10014,臺東縣,10014040,卑南鄉,10014040-012,東興村,13,8,5,104Y
10014,臺東縣,10014040,卑南鄉,10014040-006,初鹿村,26,22,4,104Y
10014,臺東縣,10014040,卑南鄉,10014040-007,美農村,14,8,6,104Y
10014,臺東縣,10014040,卑南鄉,10014040-009,泰安村,22,14,8,104Y
10014,臺東縣,10014040,卑南鄉,10014040-003,富山村,10,7,3,104Y
10014,臺東縣,10014040,卑南鄉,10014040-004,富源村,7,6,1,104Y
10014,臺東縣,10014040,卑南鄉,10014040-013,溫泉村,14,10,4,104Y
10014,臺東縣,10014040,卑南鄉,10014040-001,嘉豐村,18,9,9,104Y
10014,臺東縣,10014040,卑南鄉,10014040-008,賓朗村,21,14,7,104Y
10014,臺東縣,10014130,延平鄉,10014130-002,永康村,3,3,0,104Y
10014,臺東縣,10014130,延平鄉,10014130-001,武陵村,14,10,4,104Y
10014,臺東縣,10014130,延平鄉,10014130-003,紅葉村,10,6,4,104Y
10014,臺東縣,10014130,延平鄉,10014130-005,桃源村,22,13,9,104Y
10014,臺東縣,10014130,延平鄉,10014130-004,鸞山村,8,5,3,104Y
10014,臺東縣,10014070,東河鄉,10014070-001,北源村,26,18,8,104Y
10014,臺東縣,10014070,東河鄉,10014070-004,尚德村,4,4,0,104Y
10014,臺東縣,10014070,東河鄉,10014070-003,東河村,21,12,9,104Y
10014,臺東縣,10014070,東河鄉,10014070-002,泰源村,21,12,9,104Y
10014,臺東縣,10014070,東河鄉,10014070-007,都蘭村,45,26,19,104Y
10014,臺東縣,10014070,東河鄉,10014070-005,隆昌村,5,4,1,104Y
10014,臺東縣,10014070,東河鄉,10014070-006,興昌村,19,13,6,104Y
10014,臺東縣,10014140,金峰鄉,10014140-002,正興村,10,6,4,104Y
10014,臺東縣,10014140,金峰鄉,10014140-001,新興村,5,3,2,104Y
10014,臺東縣,10014140,金峰鄉,10014140-003,嘉蘭村,21,14,7,104Y
10014,臺東縣,10014140,金峰鄉,10014140-004,賓茂村,7,5,2,104Y
10014,臺東縣,10014140,金峰鄉,10014140-005,歷坵村,8,6,2,104Y
10014,臺東縣,10014080,長濱鄉,10014080-002,三間村,29,19,10,104Y
10014,臺東縣,10014080,長濱鄉,10014080-005,竹湖村,22,12,10,104Y
10014,臺東縣,10014080,長濱鄉,10014080-003,忠勇村,8,8,0,104Y
10014,臺東縣,10014080,長濱鄉,10014080-004,長濱村,34,22,12,104Y
10014,臺東縣,10014080,長濱鄉,10014080-006,寧埔村,24,17,7,104Y
10014,臺東縣,10014080,長濱鄉,10014080-001,樟原村,9,6,3,104Y
10014,臺東縣,10014120,海端鄉,10014120-006,加拿村,3,2,1,104Y
10014,臺東縣,10014120,海端鄉,10014120-003,利稻村,2,0,2,104Y
10014,臺東縣,10014120,海端鄉,10014120-005,崁頂村,10,4,6,104Y
10014,臺東縣,10014120,海端鄉,10014120-004,海端村,12,9,3,104Y
10014,臺東縣,10014120,海端鄉,10014120-001,廣原村,10,7,3,104Y
10014,臺東縣,10014120,海端鄉,10014120-002,霧鹿村,7,5,2,104Y
10014,臺東縣,10014050,鹿野鄉,10014050-004,永安村,22,13,9,104Y
10014,臺東縣,10014050,鹿野鄉,10014050-006,鹿野村,21,11,10,104Y
10014,臺東縣,10014050,鹿野鄉,10014050-001,瑞和村,11,8,3,104Y
10014,臺東縣,10014050,鹿野鄉,10014050-005,瑞隆村,19,16,3,104Y
10014,臺東縣,10014050,鹿野鄉,10014050-003,瑞源村,13,7,6,104Y
10014,臺東縣,10014050,鹿野鄉,10014050-002,瑞豐村,14,6,8,104Y
10014,臺東縣,10014050,鹿野鄉,10014050-007,龍田村,16,8,8,104Y
10014,臺東縣,10014150,達仁鄉,10014150-002,土村,10,7,3,104Y
10014,臺東縣,10014150,達仁鄉,10014150-001,台村,12,9,3,104Y
10014,臺東縣,10014150,達仁鄉,10014150-004,安朔村,11,7,4,104Y
10014,臺東縣,10014150,達仁鄉,10014150-006,南田村,5,3,2,104Y
10014,臺東縣,10014150,達仁鄉,10014150-005,森永村,9,4,5,104Y
10014,臺東縣,10014150,達仁鄉,10014150-003,新化村,10,6,4,104Y
10014,臺東縣,10014110,綠島鄉,10014110-002,中寮村,10,6,4,104Y
10014,臺東縣,10014110,綠島鄉,10014110-001,公館村,8,5,3,104Y
10014,臺東縣,10014110,綠島鄉,10014110-003,南寮村,10,7,3,104Y
10014,臺東縣,10014010,臺東市,10014010-021,大同里,4,2,2,104Y
10014,臺東縣,10014010,臺東市,10014010-024,中山里,3,2,1,104Y
10014,臺東縣,10014010,臺東市,10014010-011,中心里,30,13,17,104Y
10014,臺東縣,10014010,臺東市,10014010-020,中正里,14,6,8,104Y
10014,臺東縣,10014010,臺東市,10014010-015,中華里,14,10,4,104Y
10014,臺東縣,10014010,臺東市,10014010-019,仁愛里,5,4,1,104Y
10014,臺東縣,10014010,臺東市,10014010-023,文化里,7,5,2,104Y
10014,臺東縣,10014010,臺東市,10014010-014,四維里,13,6,7,104Y
10014,臺東縣,10014010,臺東市,10014010-008,民生里,20,13,7,104Y
10014,臺東縣,10014010,臺東市,10014010-013,民族里,10,6,4,104Y
10014,臺東縣,10014010,臺東市,10014010-018,民權里,4,1,3,104Y
10014,臺東縣,10014010,臺東市,10014010-034,永樂里,15,13,2,104Y
10014,臺東縣,10014010,臺東市,10014010-032,光明里,17,10,7,104Y
10014,臺東縣,10014010,臺東市,10014010-022,成功里,9,6,3,104Y
10014,臺東縣,10014010,臺東市,10014010-012,自強里,39,21,18,104Y
10014,臺東縣,10014010,臺東市,10014010-005,卑南里,22,14,8,104Y
10014,臺東縣,10014010,臺東市,10014010-003,岩灣里,24,16,8,104Y
10014,臺東縣,10014010,臺東市,10014010-036,東海里,23,16,7,104Y
10014,臺東縣,10014010,臺東市,10014010-045,知本里,15,10,5,104Y
10014,臺東縣,10014010,臺東市,10014010-004,南王里,30,17,13,104Y
10014,臺東縣,10014010,臺東市,10014010-006,南榮里,55,47,8,104Y
10014,臺東縣,10014010,臺東市,10014010-042,建和里,27,21,6,104Y
10014,臺東縣,10014010,臺東市,10014010-017,建國里,19,11,8,104Y
10014,臺東縣,10014010,臺東市,10014010-044,建業里,21,13,8,104Y
10014,臺東縣,10014010,臺東市,10014010-046,建農里,23,16,7,104Y
10014,臺東縣,10014010,臺東市,10014010-043,建興里,21,12,9,104Y
10014,臺東縣,10014010,臺東市,10014010-010,馬蘭里,30,18,12,104Y
10014,臺東縣,10014010,臺東市,10014010-035,康樂里,14,6,8,104Y
10014,臺東縣,10014010,臺東市,10014010-016,強國里,4,2,2,104Y
10014,臺東縣,10014010,臺東市,10014010-001,富岡里,24,16,8,104Y
10014,臺東縣,10014010,臺東市,10014010-002,富豐里,20,13,7,104Y
10014,臺東縣,10014010,臺東市,10014010-025,復國里,5,2,3,104Y
10014,臺東縣,10014010,臺東市,10014010-027,復興里,7,5,2,104Y
10014,臺東縣,10014010,臺東市,10014010-007,新生里,57,26,31,104Y
10014,臺東縣,10014010,臺東市,10014010-029,新園里,16,11,5,104Y
10014,臺東縣,10014010,臺東市,10014010-037,新興里,17,12,5,104Y
10014,臺東縣,10014010,臺東市,10014010-026,興國里,5,3,2,104Y
10014,臺東縣,10014010,臺東市,10014010-030,豐田里,16,9,7,104Y
10014,臺東縣,10014010,臺東市,10014010-031,豐年里,26,15,11,104Y
10014,臺東縣,10014010,臺東市,10014010-039,豐谷里,45,32,13,104Y
10014,臺東縣,10014010,臺東市,10014010-040,豐里里,25,15,10,104Y
10014,臺東縣,10014010,臺東市,10014010-041,豐原里,12,10,2,104Y
10014,臺東縣,10014010,臺東市,10014010-038,豐榮里,70,40,30,104Y
10014,臺東縣,10014010,臺東市,10014010-033,豐樂里,14,10,4,104Y
10014,臺東縣,10014010,臺東市,10014010-009,寶桑里,13,7,6,104Y
10014,臺東縣,10014010,臺東市,10014010-028,鐵花里,4,4,0,104Y
10014,臺東縣,10014030,關山鎮,10014030-004,中福里,10,7,3,104Y
10014,臺東縣,10014030,關山鎮,10014030-007,月眉里,11,5,6,104Y
10014,臺東縣,10014030,關山鎮,10014030-005,里里,25,19,6,104Y
10014,臺東縣,10014030,關山鎮,10014030-003,新福里,12,3,9,104Y
10014,臺東縣,10014030,關山鎮,10014030-006,電光里,11,7,4,104Y
10014,臺東縣,10014030,關山鎮,10014030-001,德高里,22,17,5,104Y
10014,臺東縣,10014030,關山鎮,10014030-002,豐泉里,11,4,7,104Y
10014,臺東縣,10014160,蘭嶼鄉,10014160-001,東清村,15,9,6,104Y
10014,臺東縣,10014160,蘭嶼鄉,10014160-003,紅頭村,11,5,6,104Y
10014,臺東縣,10014160,蘭嶼鄉,10014160-002,朗島村,8,6,2,104Y
10014,臺東縣,10014160,蘭嶼鄉,10014160-004,椰油村,4,3,1,104Y
10014,臺東縣,10014100,大武鄉,10014100-001,大竹村,14,9,5,105Y
10014,臺東縣,10014100,大武鄉,10014100-003,大武村,20,13,7,105Y
10014,臺東縣,10014100,大武鄉,10014100-002,大鳥村,21,13,8,105Y
10014,臺東縣,10014100,大武鄉,10014100-004,尚武村,18,10,8,105Y
10014,臺東縣,10014100,大武鄉,10014100-005,南興村,9,5,4,105Y
10014,臺東縣,10014090,太麻里鄉,10014090-002,三和村,8,5,3,105Y
10014,臺東縣,10014090,太麻里鄉,10014090-006,大王村,19,15,4,105Y
10014,臺東縣,10014090,太麻里鄉,10014090-004,北里村,11,3,8,105Y
10014,臺東縣,10014090,太麻里鄉,10014090-009,多良村,19,10,9,105Y
10014,臺東縣,10014090,太麻里鄉,10014090-008,金崙村,27,21,6,105Y
10014,臺東縣,10014090,太麻里鄉,10014090-001,美和村,24,15,9,105Y
10014,臺東縣,10014090,太麻里鄉,10014090-007,香蘭村,16,10,6,105Y
10014,臺東縣,10014090,太麻里鄉,10014090-005,泰和村,25,11,14,105Y
10014,臺東縣,10014090,太麻里鄉,10014090-003,華源村,10,5,5,105Y
10014,臺東縣,10014020,成功鎮,10014020-003,三仙里,28,17,11,105Y
10014,臺東縣,10014020,成功鎮,10014020-004,三民里,38,24,14,105Y
10014,臺東縣,10014020,成功鎮,10014020-007,和平里,14,4,10,105Y
10014,臺東縣,10014020,成功鎮,10014020-006,忠仁里,41,25,16,105Y
10014,臺東縣,10014020,成功鎮,10014020-002,忠孝里,20,13,7,105Y
10014,臺東縣,10014020,成功鎮,10014020-005,忠智里,21,14,7,105Y
10014,臺東縣,10014020,成功鎮,10014020-008,信義里,45,25,20,105Y
10014,臺東縣,10014020,成功鎮,10014020-001,博愛里,12,6,6,105Y
10014,臺東縣,10014060,池上鄉,10014060-003,大坡村,4,1,3,105Y
10014,臺東縣,10014060,池上鄉,10014060-004,大埔村,12,6,6,105Y
10014,臺東縣,10014060,池上鄉,10014060-010,振興村,7,6,1,105Y
10014,臺東縣,10014060,池上鄉,10014060-009,富興村,2,2,0,105Y
10014,臺東縣,10014060,池上鄉,10014060-007,新興村,16,7,9,105Y
10014,臺東縣,10014060,池上鄉,10014060-008,萬安村,2,1,1,105Y
10014,臺東縣,10014060,池上鄉,10014060-001,福文村,22,10,12,105Y
10014,臺東縣,10014060,池上鄉,10014060-005,福原村,18,13,5,105Y
10014,臺東縣,10014060,池上鄉,10014060-002,慶豐村,16,11,5,105Y
10014,臺東縣,10014060,池上鄉,10014060-006,錦園村,9,6,3,105Y
10014,臺東縣,10014040,卑南鄉,10014040-010,太平村,33,20,13,105Y
10014,臺東縣,10014040,卑南鄉,10014040-002,利吉村,4,2,2,105Y
10014,臺東縣,10014040,卑南鄉,10014040-011,利嘉村,18,9,9,105Y
10014,臺東縣,10014040,卑南鄉,10014040-005,明峰村,21,13,8,105Y
10014,臺東縣,10014040,卑南鄉,10014040-012,東興村,17,11,6,105Y
10014,臺東縣,10014040,卑南鄉,10014040-006,初鹿村,28,17,11,105Y
10014,臺東縣,10014040,卑南鄉,10014040-007,美農村,16,10,6,105Y
10014,臺東縣,10014040,卑南鄉,10014040-009,泰安村,18,10,8,105Y
10014,臺東縣,10014040,卑南鄉,10014040-003,富山村,6,3,3,105Y
10014,臺東縣,10014040,卑南鄉,10014040-004,富源村,5,4,1,105Y
10014,臺東縣,10014040,卑南鄉,10014040-013,溫泉村,15,6,9,105Y
10014,臺東縣,10014040,卑南鄉,10014040-001,嘉豐村,12,9,3,105Y
10014,臺東縣,10014040,卑南鄉,10014040-008,賓朗村,33,22,11,105Y
10014,臺東縣,10014130,延平鄉,10014130-002,永康村,6,1,5,105Y
10014,臺東縣,10014130,延平鄉,10014130-001,武陵村,12,7,5,105Y
10014,臺東縣,10014130,延平鄉,10014130-003,紅葉村,4,0,4,105Y
10014,臺東縣,10014130,延平鄉,10014130-005,桃源村,16,7,9,105Y
10014,臺東縣,10014130,延平鄉,10014130-004,鸞山村,14,11,3,105Y
10014,臺東縣,10014070,東河鄉,10014070-001,北源村,37,27,10,105Y
10014,臺東縣,10014070,東河鄉,10014070-004,尚德村,4,2,2,105Y
10014,臺東縣,10014070,東河鄉,10014070-003,東河村,18,7,11,105Y
10014,臺東縣,10014070,東河鄉,10014070-002,泰源村,18,12,6,105Y
10014,臺東縣,10014070,東河鄉,10014070-007,都蘭村,36,17,19,105Y
10014,臺東縣,10014070,東河鄉,10014070-005,隆昌村,12,6,6,105Y
10014,臺東縣,10014070,東河鄉,10014070-006,興昌村,21,12,9,105Y
10014,臺東縣,10014140,金峰鄉,10014140-002,正興村,6,3,3,105Y
10014,臺東縣,10014140,金峰鄉,10014140-001,新興村,4,3,1,105Y
10014,臺東縣,10014140,金峰鄉,10014140-003,嘉蘭村,18,11,7,105Y
10014,臺東縣,10014140,金峰鄉,10014140-004,賓茂村,6,4,2,105Y
10014,臺東縣,10014140,金峰鄉,10014140-005,歷坵村,4,3,1,105Y
10014,臺東縣,10014080,長濱鄉,10014080-002,三間村,29,22,7,105Y
10014,臺東縣,10014080,長濱鄉,10014080-005,竹湖村,14,5,9,105Y
10014,臺東縣,10014080,長濱鄉,10014080-003,忠勇村,20,9,11,105Y
10014,臺東縣,10014080,長濱鄉,10014080-004,長濱村,41,28,13,105Y
10014,臺東縣,10014080,長濱鄉,10014080-006,寧埔村,31,21,10,105Y
10014,臺東縣,10014080,長濱鄉,10014080-001,樟原村,18,10,8,105Y
10014,臺東縣,10014120,海端鄉,10014120-006,加拿村,10,9,1,105Y
10014,臺東縣,10014120,海端鄉,10014120-003,利稻村,1,1,0,105Y
10014,臺東縣,10014120,海端鄉,10014120-005,崁頂村,2,1,1,105Y
10014,臺東縣,10014120,海端鄉,10014120-004,海端村,14,6,8,105Y
10014,臺東縣,10014120,海端鄉,10014120-001,廣原村,18,11,7,105Y
10014,臺東縣,10014120,海端鄉,10014120-002,霧鹿村,9,5,4,105Y
10014,臺東縣,10014050,鹿野鄉,10014050-004,永安村,30,20,10,105Y
10014,臺東縣,10014050,鹿野鄉,10014050-006,鹿野村,12,7,5,105Y
10014,臺東縣,10014050,鹿野鄉,10014050-001,瑞和村,13,7,6,105Y
10014,臺東縣,10014050,鹿野鄉,10014050-005,瑞隆村,15,10,5,105Y
10014,臺東縣,10014050,鹿野鄉,10014050-003,瑞源村,11,7,4,105Y
10014,臺東縣,10014050,鹿野鄉,10014050-002,瑞豐村,20,9,11,105Y
10014,臺東縣,10014050,鹿野鄉,10014050-007,龍田村,16,13,3,105Y
10014,臺東縣,10014150,達仁鄉,10014150-002,土村,14,10,4,105Y
10014,臺東縣,10014150,達仁鄉,10014150-001,台村,10,8,2,105Y
10014,臺東縣,10014150,達仁鄉,10014150-004,安朔村,9,3,6,105Y
10014,臺東縣,10014150,達仁鄉,10014150-006,南田村,5,4,1,105Y
10014,臺東縣,10014150,達仁鄉,10014150-005,森永村,7,6,1,105Y
10014,臺東縣,10014150,達仁鄉,10014150-003,新化村,4,2,2,105Y
10014,臺東縣,10014110,綠島鄉,10014110-002,中寮村,4,2,2,105Y
10014,臺東縣,10014110,綠島鄉,10014110-001,公館村,5,3,2,105Y
10014,臺東縣,10014110,綠島鄉,10014110-003,南寮村,15,13,2,105Y
10014,臺東縣,10014010,臺東市,10014010-021,大同里,13,10,3,105Y
10014,臺東縣,10014010,臺東市,10014010-024,中山里,16,7,9,105Y
10014,臺東縣,10014010,臺東市,10014010-011,中心里,20,9,11,105Y
10014,臺東縣,10014010,臺東市,10014010-020,中正里,11,5,6,105Y
10014,臺東縣,10014010,臺東市,10014010-015,中華里,21,16,5,105Y
10014,臺東縣,10014010,臺東市,10014010-019,仁愛里,5,2,3,105Y
10014,臺東縣,10014010,臺東市,10014010-023,文化里,5,4,1,105Y
10014,臺東縣,10014010,臺東市,10014010-014,四維里,8,5,3,105Y
10014,臺東縣,10014010,臺東市,10014010-008,民生里,26,14,12,105Y
10014,臺東縣,10014010,臺東市,10014010-013,民族里,10,6,4,105Y
10014,臺東縣,10014010,臺東市,10014010-018,民權里,11,6,5,105Y
10014,臺東縣,10014010,臺東市,10014010-034,永樂里,23,13,10,105Y
10014,臺東縣,10014010,臺東市,10014010-032,光明里,22,15,7,105Y
10014,臺東縣,10014010,臺東市,10014010-022,成功里,12,10,2,105Y
10014,臺東縣,10014010,臺東市,10014010-012,自強里,38,23,15,105Y
10014,臺東縣,10014010,臺東市,10014010-005,卑南里,21,12,9,105Y
10014,臺東縣,10014010,臺東市,10014010-003,岩灣里,26,19,7,105Y
10014,臺東縣,10014010,臺東市,10014010-036,東海里,21,15,6,105Y
10014,臺東縣,10014010,臺東市,10014010-045,知本里,19,13,6,105Y
10014,臺東縣,10014010,臺東市,10014010-004,南王里,32,15,17,105Y
10014,臺東縣,10014010,臺東市,10014010-006,南榮里,54,46,8,105Y
10014,臺東縣,10014010,臺東市,10014010-042,建和里,25,13,12,105Y
10014,臺東縣,10014010,臺東市,10014010-017,建國里,22,18,4,105Y
10014,臺東縣,10014010,臺東市,10014010-044,建業里,30,18,12,105Y
10014,臺東縣,10014010,臺東市,10014010-046,建農里,32,25,7,105Y
10014,臺東縣,10014010,臺東市,10014010-043,建興里,12,9,3,105Y
10014,臺東縣,10014010,臺東市,10014010-010,馬蘭里,25,21,4,105Y
10014,臺東縣,10014010,臺東市,10014010-035,康樂里,14,6,8,105Y
10014,臺東縣,10014010,臺東市,10014010-016,強國里,10,5,5,105Y
10014,臺東縣,10014010,臺東市,10014010-001,富岡里,26,15,11,105Y
10014,臺東縣,10014010,臺東市,10014010-002,富豐里,12,9,3,105Y
10014,臺東縣,10014010,臺東市,10014010-025,復國里,11,7,4,105Y
10014,臺東縣,10014010,臺東市,10014010-027,復興里,5,4,1,105Y
10014,臺東縣,10014010,臺東市,10014010-007,新生里,62,38,24,105Y
10014,臺東縣,10014010,臺東市,10014010-029,新園里,22,17,5,105Y
10014,臺東縣,10014010,臺東市,10014010-037,新興里,16,11,5,105Y
10014,臺東縣,10014010,臺東市,10014010-026,興國里,5,3,2,105Y
10014,臺東縣,10014010,臺東市,10014010-030,豐田里,31,24,7,105Y
10014,臺東縣,10014010,臺東市,10014010-031,豐年里,38,24,14,105Y
10014,臺東縣,10014010,臺東市,10014010-039,豐谷里,55,33,22,105Y
10014,臺東縣,10014010,臺東市,10014010-040,豐里里,31,21,10,105Y
10014,臺東縣,10014010,臺東市,10014010-041,豐原里,18,10,8,105Y
10014,臺東縣,10014010,臺東市,10014010-038,豐榮里,76,43,33,105Y
10014,臺東縣,10014010,臺東市,10014010-033,豐樂里,15,9,6,105Y
10014,臺東縣,10014010,臺東市,10014010-009,寶桑里,16,8,8,105Y
10014,臺東縣,10014010,臺東市,10014010-028,鐵花里,6,4,2,105Y
10014,臺東縣,10014030,關山鎮,10014030-004,中福里,12,6,6,105Y
10014,臺東縣,10014030,關山鎮,10014030-007,月眉里,10,7,3,105Y
10014,臺東縣,10014030,關山鎮,10014030-005,里里,24,15,9,105Y
10014,臺東縣,10014030,關山鎮,10014030-003,新福里,8,7,1,105Y
10014,臺東縣,10014030,關山鎮,10014030-006,電光里,12,7,5,105Y
10014,臺東縣,10014030,關山鎮,10014030-001,德高里,22,16,6,105Y
10014,臺東縣,10014030,關山鎮,10014030-002,豐泉里,12,10,2,105Y
10014,臺東縣,10014160,蘭嶼鄉,10014160-001,東清村,2,1,1,105Y
10014,臺東縣,10014160,蘭嶼鄉,10014160-003,紅頭村,10,8,2,105Y
10014,臺東縣,10014160,蘭嶼鄉,10014160-002,朗島村,9,6,3,105Y
10014,臺東縣,10014160,蘭嶼鄉,10014160-004,椰油村,5,3,2,105Y
10014,臺東縣,10014100,大武鄉,10014100-001,大竹村,6,2,4,106Y
10014,臺東縣,10014100,大武鄉,10014100-003,大武村,25,16,9,106Y
10014,臺東縣,10014100,大武鄉,10014100-002,大鳥村,18,11,7,106Y
10014,臺東縣,10014100,大武鄉,10014100-004,尚武村,17,13,4,106Y
10014,臺東縣,10014100,大武鄉,10014100-005,南興村,4,3,1,106Y
10014,臺東縣,10014090,太麻里鄉,10014090-002,三和村,12,9,3,106Y
10014,臺東縣,10014090,太麻里鄉,10014090-006,大王村,22,14,8,106Y
10014,臺東縣,10014090,太麻里鄉,10014090-004,北里村,17,12,5,106Y
10014,臺東縣,10014090,太麻里鄉,10014090-009,多良村,11,6,5,106Y
10014,臺東縣,10014090,太麻里鄉,10014090-008,金崙村,25,15,10,106Y
10014,臺東縣,10014090,太麻里鄉,10014090-001,美和村,14,11,3,106Y
10014,臺東縣,10014090,太麻里鄉,10014090-007,香蘭村,19,11,8,106Y
10014,臺東縣,10014090,太麻里鄉,10014090-005,泰和村,17,15,2,106Y
10014,臺東縣,10014090,太麻里鄉,10014090-003,華源村,6,3,3,106Y
10014,臺東縣,10014020,成功鎮,10014020-003,三仙里,22,13,9,106Y
10014,臺東縣,10014020,成功鎮,10014020-004,三民里,30,19,11,106Y
10014,臺東縣,10014020,成功鎮,10014020-007,和平里,13,7,6,106Y
10014,臺東縣,10014020,成功鎮,10014020-006,忠仁里,31,15,16,106Y
10014,臺東縣,10014020,成功鎮,10014020-002,忠孝里,24,14,10,106Y
10014,臺東縣,10014020,成功鎮,10014020-005,忠智里,25,18,7,106Y
10014,臺東縣,10014020,成功鎮,10014020-008,信義里,38,21,17,106Y
10014,臺東縣,10014020,成功鎮,10014020-001,博愛里,10,7,3,106Y
10014,臺東縣,10014060,池上鄉,10014060-003,大坡村,3,0,3,106Y
10014,臺東縣,10014060,池上鄉,10014060-004,大埔村,11,5,6,106Y
10014,臺東縣,10014060,池上鄉,10014060-010,振興村,8,7,1,106Y
10014,臺東縣,10014060,池上鄉,10014060-009,富興村,7,5,2,106Y
10014,臺東縣,10014060,池上鄉,10014060-007,新興村,14,10,4,106Y
10014,臺東縣,10014060,池上鄉,10014060-008,萬安村,9,8,1,106Y
10014,臺東縣,10014060,池上鄉,10014060-001,福文村,26,15,11,106Y
10014,臺東縣,10014060,池上鄉,10014060-005,福原村,27,16,11,106Y
10014,臺東縣,10014060,池上鄉,10014060-002,慶豐村,11,10,1,106Y
10014,臺東縣,10014060,池上鄉,10014060-006,錦園村,6,4,2,106Y
10014,臺東縣,10014040,卑南鄉,10014040-010,太平村,34,20,14,106Y
10014,臺東縣,10014040,卑南鄉,10014040-002,利吉村,8,1,7,106Y
10014,臺東縣,10014040,卑南鄉,10014040-011,利嘉村,14,8,6,106Y
10014,臺東縣,10014040,卑南鄉,10014040-005,明峰村,18,8,10,106Y
10014,臺東縣,10014040,卑南鄉,10014040-012,東興村,13,7,6,106Y
10014,臺東縣,10014040,卑南鄉,10014040-006,初鹿村,18,13,5,106Y
10014,臺東縣,10014040,卑南鄉,10014040-007,美農村,20,14,6,106Y
10014,臺東縣,10014040,卑南鄉,10014040-009,泰安村,19,15,4,106Y
10014,臺東縣,10014040,卑南鄉,10014040-003,富山村,7,3,4,106Y
10014,臺東縣,10014040,卑南鄉,10014040-004,富源村,3,2,1,106Y
10014,臺東縣,10014040,卑南鄉,10014040-013,溫泉村,10,8,2,106Y
10014,臺東縣,10014040,卑南鄉,10014040-001,嘉豐村,11,7,4,106Y
10014,臺東縣,10014040,卑南鄉,10014040-008,賓朗村,34,25,9,106Y
10014,臺東縣,10014130,延平鄉,10014130-002,永康村,4,4,0,106Y
10014,臺東縣,10014130,延平鄉,10014130-001,武陵村,11,8,3,106Y
10014,臺東縣,10014130,延平鄉,10014130-003,紅葉村,7,4,3,106Y
10014,臺東縣,10014130,延平鄉,10014130-005,桃源村,14,7,7,106Y
10014,臺東縣,10014130,延平鄉,10014130-004,鸞山村,8,6,2,106Y
10014,臺東縣,10014070,東河鄉,10014070-001,北源村,31,17,14,106Y
10014,臺東縣,10014070,東河鄉,10014070-004,尚德村,12,7,5,106Y
10014,臺東縣,10014070,東河鄉,10014070-003,東河村,16,11,5,106Y
10014,臺東縣,10014070,東河鄉,10014070-002,泰源村,22,11,11,106Y
10014,臺東縣,10014070,東河鄉,10014070-007,都蘭村,36,22,14,106Y
10014,臺東縣,10014070,東河鄉,10014070-005,隆昌村,7,3,4,106Y
10014,臺東縣,10014070,東河鄉,10014070-006,興昌村,16,8,8,106Y
10014,臺東縣,10014140,金峰鄉,10014140-002,正興村,11,7,4,106Y
10014,臺東縣,10014140,金峰鄉,10014140-001,新興村,3,0,3,106Y
10014,臺東縣,10014140,金峰鄉,10014140-003,嘉蘭村,11,8,3,106Y
10014,臺東縣,10014140,金峰鄉,10014140-004,賓茂村,3,3,0,106Y
10014,臺東縣,10014140,金峰鄉,10014140-005,歷坵村,1,1,0,106Y
10014,臺東縣,10014080,長濱鄉,10014080-002,三間村,28,14,14,106Y
10014,臺東縣,10014080,長濱鄉,10014080-005,竹湖村,14,6,8,106Y
10014,臺東縣,10014080,長濱鄉,10014080-003,忠勇村,9,7,2,106Y
10014,臺東縣,10014080,長濱鄉,10014080-004,長濱村,37,23,14,106Y
10014,臺東縣,10014080,長濱鄉,10014080-006,寧埔村,30,19,11,106Y
10014,臺東縣,10014080,長濱鄉,10014080-001,樟原村,16,11,5,106Y
10014,臺東縣,10014120,海端鄉,10014120-006,加拿村,7,4,3,106Y
10014,臺東縣,10014120,海端鄉,10014120-003,利稻村,2,1,1,106Y
10014,臺東縣,10014120,海端鄉,10014120-005,崁頂村,11,9,2,106Y
10014,臺東縣,10014120,海端鄉,10014120-004,海端村,9,7,2,106Y
10014,臺東縣,10014120,海端鄉,10014120-001,廣原村,20,14,6,106Y
10014,臺東縣,10014120,海端鄉,10014120-002,霧鹿村,2,1,1,106Y
10014,臺東縣,10014050,鹿野鄉,10014050-004,永安村,20,14,6,106Y
10014,臺東縣,10014050,鹿野鄉,10014050-006,鹿野村,19,10,9,106Y
10014,臺東縣,10014050,鹿野鄉,10014050-001,瑞和村,11,7,4,106Y
10014,臺東縣,10014050,鹿野鄉,10014050-005,瑞隆村,13,9,4,106Y
10014,臺東縣,10014050,鹿野鄉,10014050-003,瑞源村,13,8,5,106Y
10014,臺東縣,10014050,鹿野鄉,10014050-002,瑞豐村,12,7,5,106Y
10014,臺東縣,10014050,鹿野鄉,10014050-007,龍田村,20,10,10,106Y
10014,臺東縣,10014150,達仁鄉,10014150-002,土村,9,6,3,106Y
10014,臺東縣,10014150,達仁鄉,10014150-001,台村,12,9,3,106Y
10014,臺東縣,10014150,達仁鄉,10014150-004,安朔村,10,5,5,106Y
10014,臺東縣,10014150,達仁鄉,10014150-006,南田村,4,3,1,106Y
10014,臺東縣,10014150,達仁鄉,10014150-005,森永村,9,5,4,106Y
10014,臺東縣,10014150,達仁鄉,10014150-003,新化村,4,4,0,106Y
10014,臺東縣,10014110,綠島鄉,10014110-002,中寮村,7,6,1,106Y
10014,臺東縣,10014110,綠島鄉,10014110-001,公館村,5,2,3,106Y
10014,臺東縣,10014110,綠島鄉,10014110-003,南寮村,5,3,2,106Y
10014,臺東縣,10014010,臺東市,10014010-021,大同里,5,4,1,106Y
10014,臺東縣,10014010,臺東市,10014010-024,中山里,11,7,4,106Y
10014,臺東縣,10014010,臺東市,10014010-011,中心里,30,19,11,106Y
10014,臺東縣,10014010,臺東市,10014010-020,中正里,9,6,3,106Y
10014,臺東縣,10014010,臺東市,10014010-015,中華里,22,13,9,106Y
10014,臺東縣,10014010,臺東市,10014010-019,仁愛里,12,11,1,106Y
10014,臺東縣,10014010,臺東市,10014010-023,文化里,9,7,2,106Y
10014,臺東縣,10014010,臺東市,10014010-014,四維里,10,6,4,106Y
10014,臺東縣,10014010,臺東市,10014010-008,民生里,40,26,14,106Y
10014,臺東縣,10014010,臺東市,10014010-013,民族里,9,5,4,106Y
10014,臺東縣,10014010,臺東市,10014010-018,民權里,6,3,3,106Y
10014,臺東縣,10014010,臺東市,10014010-034,永樂里,18,10,8,106Y
10014,臺東縣,10014010,臺東市,10014010-032,光明里,16,11,5,106Y
10014,臺東縣,10014010,臺東市,10014010-022,成功里,13,6,7,106Y
10014,臺東縣,10014010,臺東市,10014010-012,自強里,30,18,12,106Y
10014,臺東縣,10014010,臺東市,10014010-005,卑南里,28,18,10,106Y
10014,臺東縣,10014010,臺東市,10014010-003,岩灣里,9,5,4,106Y
10014,臺東縣,10014010,臺東市,10014010-036,東海里,33,17,16,106Y
10014,臺東縣,10014010,臺東市,10014010-045,知本里,14,7,7,106Y
10014,臺東縣,10014010,臺東市,10014010-004,南王里,32,16,16,106Y
10014,臺東縣,10014010,臺東市,10014010-006,南榮里,45,39,6,106Y
10014,臺東縣,10014010,臺東市,10014010-042,建和里,19,13,6,106Y
10014,臺東縣,10014010,臺東市,10014010-017,建國里,14,9,5,106Y
10014,臺東縣,10014010,臺東市,10014010-044,建業里,17,9,8,106Y
10014,臺東縣,10014010,臺東市,10014010-046,建農里,26,17,9,106Y
10014,臺東縣,10014010,臺東市,10014010-043,建興里,11,8,3,106Y
10014,臺東縣,10014010,臺東市,10014010-010,馬蘭里,20,16,4,106Y
10014,臺東縣,10014010,臺東市,10014010-035,康樂里,14,10,4,106Y
10014,臺東縣,10014010,臺東市,10014010-016,強國里,5,2,3,106Y
10014,臺東縣,10014010,臺東市,10014010-001,富岡里,15,8,7,106Y
10014,臺東縣,10014010,臺東市,10014010-002,富豐里,14,13,1,106Y
10014,臺東縣,10014010,臺東市,10014010-025,復國里,9,6,3,106Y
10014,臺東縣,10014010,臺東市,10014010-027,復興里,10,7,3,106Y
10014,臺東縣,10014010,臺東市,10014010-007,新生里,58,38,20,106Y
10014,臺東縣,10014010,臺東市,10014010-029,新園里,18,7,11,106Y
10014,臺東縣,10014010,臺東市,10014010-037,新興里,16,12,4,106Y
10014,臺東縣,10014010,臺東市,10014010-026,興國里,2,1,1,106Y
10014,臺東縣,10014010,臺東市,10014010-030,豐田里,28,20,8,106Y
10014,臺東縣,10014010,臺東市,10014010-031,豐年里,33,22,11,106Y
10014,臺東縣,10014010,臺東市,10014010-039,豐谷里,53,41,12,106Y
10014,臺東縣,10014010,臺東市,10014010-040,豐里里,33,16,17,106Y
10014,臺東縣,10014010,臺東市,10014010-041,豐原里,20,9,11,106Y
10014,臺東縣,10014010,臺東市,10014010-038,豐榮里,63,41,22,106Y
10014,臺東縣,10014010,臺東市,10014010-033,豐樂里,13,5,8,106Y
10014,臺東縣,10014010,臺東市,10014010-009,寶桑里,13,8,5,106Y
10014,臺東縣,10014010,臺東市,10014010-028,鐵花里,3,2,1,106Y
10014,臺東縣,10014030,關山鎮,10014030-004,中福里,5,3,2,106Y
10014,臺東縣,10014030,關山鎮,10014030-007,月眉里,14,5,9,106Y
10014,臺東縣,10014030,關山鎮,10014030-005,里里,25,18,7,106Y
10014,臺東縣,10014030,關山鎮,10014030-003,新福里,14,10,4,106Y
10014,臺東縣,10014030,關山鎮,10014030-006,電光里,13,8,5,106Y
10014,臺東縣,10014030,關山鎮,10014030-001,德高里,22,12,10,106Y
10014,臺東縣,10014030,關山鎮,10014030-002,豐泉里,14,11,3,106Y
10014,臺東縣,10014160,蘭嶼鄉,10014160-001,東清村,8,3,5,106Y
10014,臺東縣,10014160,蘭嶼鄉,10014160-003,紅頭村,12,7,5,106Y
10014,臺東縣,10014160,蘭嶼鄉,10014160-002,朗島村,6,1,5,106Y
10014,臺東縣,10014160,蘭嶼鄉,10014160-004,椰油村,10,8,2,106Y
10014,臺東縣,10014100,大武鄉,10014100-001,大竹村,15,11,4,107Y
10014,臺東縣,10014100,大武鄉,10014100-003,大武村,17,9,8,107Y
10014,臺東縣,10014100,大武鄉,10014100-002,大鳥村,24,15,9,107Y
10014,臺東縣,10014100,大武鄉,10014100-004,尚武村,31,22,9,107Y
10014,臺東縣,10014100,大武鄉,10014100-005,南興村,8,5,3,107Y
10014,臺東縣,10014090,太麻里鄉,10014090-002,三和村,4,2,2,107Y
10014,臺東縣,10014090,太麻里鄉,10014090-006,大王村,23,15,8,107Y
10014,臺東縣,10014090,太麻里鄉,10014090-004,北里村,9,6,3,107Y
10014,臺東縣,10014090,太麻里鄉,10014090-009,多良村,14,8,6,107Y
10014,臺東縣,10014090,太麻里鄉,10014090-008,金崙村,18,12,6,107Y
10014,臺東縣,10014090,太麻里鄉,10014090-001,美和村,18,13,5,107Y
10014,臺東縣,10014090,太麻里鄉,10014090-007,香蘭村,13,11,2,107Y
10014,臺東縣,10014090,太麻里鄉,10014090-005,泰和村,19,10,9,107Y
10014,臺東縣,10014090,太麻里鄉,10014090-003,華源村,13,9,4,107Y
10014,臺東縣,10014020,成功鎮,10014020-003,三仙里,16,8,8,107Y
10014,臺東縣,10014020,成功鎮,10014020-004,三民里,37,19,18,107Y
10014,臺東縣,10014020,成功鎮,10014020-007,和平里,10,5,5,107Y
10014,臺東縣,10014020,成功鎮,10014020-006,忠仁里,28,20,8,107Y
10014,臺東縣,10014020,成功鎮,10014020-002,忠孝里,20,11,9,107Y
10014,臺東縣,10014020,成功鎮,10014020-005,忠智里,20,14,6,107Y
10014,臺東縣,10014020,成功鎮,10014020-008,信義里,34,12,22,107Y
10014,臺東縣,10014020,成功鎮,10014020-001,博愛里,16,8,8,107Y
10014,臺東縣,10014060,池上鄉,10014060-003,大坡村,5,4,1,107Y
10014,臺東縣,10014060,池上鄉,10014060-004,大埔村,10,3,7,107Y
10014,臺東縣,10014060,池上鄉,10014060-010,振興村,7,6,1,107Y
10014,臺東縣,10014060,池上鄉,10014060-009,富興村,3,1,2,107Y
10014,臺東縣,10014060,池上鄉,10014060-007,新興村,16,10,6,107Y
10014,臺東縣,10014060,池上鄉,10014060-008,萬安村,6,4,2,107Y
10014,臺東縣,10014060,池上鄉,10014060-001,福文村,18,12,6,107Y
10014,臺東縣,10014060,池上鄉,10014060-005,福原村,19,14,5,107Y
10014,臺東縣,10014060,池上鄉,10014060-002,慶豐村,9,5,4,107Y
10014,臺東縣,10014060,池上鄉,10014060-006,錦園村,2,2,0,107Y
10014,臺東縣,10014040,卑南鄉,10014040-010,太平村,41,24,17,107Y
10014,臺東縣,10014040,卑南鄉,10014040-002,利吉村,6,3,3,107Y
10014,臺東縣,10014040,卑南鄉,10014040-011,利嘉村,11,8,3,107Y
10014,臺東縣,10014040,卑南鄉,10014040-005,明峰村,12,8,4,107Y
10014,臺東縣,10014040,卑南鄉,10014040-012,東興村,13,8,5,107Y
10014,臺東縣,10014040,卑南鄉,10014040-006,初鹿村,23,17,6,107Y
10014,臺東縣,10014040,卑南鄉,10014040-007,美農村,8,3,5,107Y
10014,臺東縣,10014040,卑南鄉,10014040-009,泰安村,17,10,7,107Y
10014,臺東縣,10014040,卑南鄉,10014040-003,富山村,9,6,3,107Y
10014,臺東縣,10014040,卑南鄉,10014040-004,富源村,9,6,3,107Y
10014,臺東縣,10014040,卑南鄉,10014040-013,溫泉村,13,9,4,107Y
10014,臺東縣,10014040,卑南鄉,10014040-001,嘉豐村,11,6,5,107Y
10014,臺東縣,10014040,卑南鄉,10014040-008,賓朗村,36,24,12,107Y
10014,臺東縣,10014130,延平鄉,10014130-002,永康村,6,4,2,107Y
10014,臺東縣,10014130,延平鄉,10014130-001,武陵村,6,4,2,107Y
10014,臺東縣,10014130,延平鄉,10014130-003,紅葉村,4,2,2,107Y
10014,臺東縣,10014130,延平鄉,10014130-005,桃源村,15,11,4,107Y
10014,臺東縣,10014130,延平鄉,10014130-004,鸞山村,7,4,3,107Y
10014,臺東縣,10014070,東河鄉,10014070-001,北源村,33,19,14,107Y
10014,臺東縣,10014070,東河鄉,10014070-004,尚德村,3,2,1,107Y
10014,臺東縣,10014070,東河鄉,10014070-003,東河村,16,10,6,107Y
10014,臺東縣,10014070,東河鄉,10014070-002,泰源村,23,13,10,107Y
10014,臺東縣,10014070,東河鄉,10014070-007,都蘭村,36,24,12,107Y
10014,臺東縣,10014070,東河鄉,10014070-005,隆昌村,5,3,2,107Y
10014,臺東縣,10014070,東河鄉,10014070-006,興昌村,21,10,11,107Y
10014,臺東縣,10014140,金峰鄉,10014140-002,正興村,6,5,1,107Y
10014,臺東縣,10014140,金峰鄉,10014140-001,新興村,12,6,6,107Y
10014,臺東縣,10014140,金峰鄉,10014140-003,嘉蘭村,12,7,5,107Y
10014,臺東縣,10014140,金峰鄉,10014140-004,賓茂村,3,2,1,107Y
10014,臺東縣,10014140,金峰鄉,10014140-005,歷坵村,9,6,3,107Y
10014,臺東縣,10014080,長濱鄉,10014080-002,三間村,30,18,12,107Y
10014,臺東縣,10014080,長濱鄉,10014080-005,竹湖村,13,9,4,107Y
10014,臺東縣,10014080,長濱鄉,10014080-003,忠勇村,11,7,4,107Y
10014,臺東縣,10014080,長濱鄉,10014080-004,長濱村,46,28,18,107Y
10014,臺東縣,10014080,長濱鄉,10014080-006,寧埔村,31,18,13,107Y
10014,臺東縣,10014080,長濱鄉,10014080-001,樟原村,14,10,4,107Y
10014,臺東縣,10014120,海端鄉,10014120-006,加拿村,9,4,5,107Y
10014,臺東縣,10014120,海端鄉,10014120-003,利稻村,3,2,1,107Y
10014,臺東縣,10014120,海端鄉,10014120-005,崁頂村,9,7,2,107Y
10014,臺東縣,10014120,海端鄉,10014120-004,海端村,19,12,7,107Y
10014,臺東縣,10014120,海端鄉,10014120-001,廣原村,9,4,5,107Y
10014,臺東縣,10014120,海端鄉,10014120-002,霧鹿村,5,4,1,107Y
10014,臺東縣,10014050,鹿野鄉,10014050-004,永安村,22,10,12,107Y
10014,臺東縣,10014050,鹿野鄉,10014050-006,鹿野村,15,4,11,107Y
10014,臺東縣,10014050,鹿野鄉,10014050-001,瑞和村,9,5,4,107Y
10014,臺東縣,10014050,鹿野鄉,10014050-005,瑞隆村,12,9,3,107Y
10014,臺東縣,10014050,鹿野鄉,10014050-003,瑞源村,11,4,7,107Y
10014,臺東縣,10014050,鹿野鄉,10014050-002,瑞豐村,23,16,7,107Y
10014,臺東縣,10014050,鹿野鄉,10014050-007,龍田村,15,7,8,107Y
10014,臺東縣,10014150,達仁鄉,10014150-002,土村,10,7,3,107Y
10014,臺東縣,10014150,達仁鄉,10014150-001,台村,13,9,4,107Y
10014,臺東縣,10014150,達仁鄉,10014150-004,安朔村,9,4,5,107Y
10014,臺東縣,10014150,達仁鄉,10014150-006,南田村,8,6,2,107Y
10014,臺東縣,10014150,達仁鄉,10014150-005,森永村,4,3,1,107Y
10014,臺東縣,10014150,達仁鄉,10014150-003,新化村,7,4,3,107Y
10014,臺東縣,10014110,綠島鄉,10014110-002,中寮村,9,5,4,107Y
10014,臺東縣,10014110,綠島鄉,10014110-001,公館村,5,1,4,107Y
10014,臺東縣,10014110,綠島鄉,10014110-003,南寮村,10,5,5,107Y
10014,臺東縣,10014010,臺東市,10014010-021,大同里,6,4,2,107Y
10014,臺東縣,10014010,臺東市,10014010-024,中山里,6,1,5,107Y
10014,臺東縣,10014010,臺東市,10014010-011,中心里,27,17,10,107Y
10014,臺東縣,10014010,臺東市,10014010-020,中正里,7,3,4,107Y
10014,臺東縣,10014010,臺東市,10014010-015,中華里,18,11,7,107Y
10014,臺東縣,10014010,臺東市,10014010-019,仁愛里,7,5,2,107Y
10014,臺東縣,10014010,臺東市,10014010-023,文化里,13,10,3,107Y
10014,臺東縣,10014010,臺東市,10014010-014,四維里,4,3,1,107Y
10014,臺東縣,10014010,臺東市,10014010-008,民生里,19,12,7,107Y
10014,臺東縣,10014010,臺東市,10014010-013,民族里,13,8,5,107Y
10014,臺東縣,10014010,臺東市,10014010-018,民權里,14,7,7,107Y
10014,臺東縣,10014010,臺東市,10014010-034,永樂里,17,13,4,107Y
10014,臺東縣,10014010,臺東市,10014010-032,光明里,22,14,8,107Y
10014,臺東縣,10014010,臺東市,10014010-022,成功里,11,7,4,107Y
10014,臺東縣,10014010,臺東市,10014010-012,自強里,23,15,8,107Y
10014,臺東縣,10014010,臺東市,10014010-005,卑南里,32,18,14,107Y
10014,臺東縣,10014010,臺東市,10014010-003,岩灣里,16,10,6,107Y
10014,臺東縣,10014010,臺東市,10014010-036,東海里,22,13,9,107Y
10014,臺東縣,10014010,臺東市,10014010-045,知本里,17,12,5,107Y
10014,臺東縣,10014010,臺東市,10014010-004,南王里,28,18,10,107Y
10014,臺東縣,10014010,臺東市,10014010-006,南榮里,38,33,5,107Y
10014,臺東縣,10014010,臺東市,10014010-042,建和里,17,10,7,107Y
10014,臺東縣,10014010,臺東市,10014010-017,建國里,15,10,5,107Y
10014,臺東縣,10014010,臺東市,10014010-044,建業里,15,9,6,107Y
10014,臺東縣,10014010,臺東市,10014010-046,建農里,23,13,10,107Y
10014,臺東縣,10014010,臺東市,10014010-043,建興里,14,10,4,107Y
10014,臺東縣,10014010,臺東市,10014010-010,馬蘭里,29,18,11,107Y
10014,臺東縣,10014010,臺東市,10014010-035,康樂里,18,10,8,107Y
10014,臺東縣,10014010,臺東市,10014010-016,強國里,6,4,2,107Y
10014,臺東縣,10014010,臺東市,10014010-001,富岡里,29,20,9,107Y
10014,臺東縣,10014010,臺東市,10014010-002,富豐里,16,7,9,107Y
10014,臺東縣,10014010,臺東市,10014010-025,復國里,12,4,8,107Y
10014,臺東縣,10014010,臺東市,10014010-027,復興里,5,3,2,107Y
10014,臺東縣,10014010,臺東市,10014010-007,新生里,54,31,23,107Y
10014,臺東縣,10014010,臺東市,10014010-029,新園里,25,17,8,107Y
10014,臺東縣,10014010,臺東市,10014010-037,新興里,11,10,1,107Y
10014,臺東縣,10014010,臺東市,10014010-026,興國里,4,1,3,107Y
10014,臺東縣,10014010,臺東市,10014010-030,豐田里,24,15,9,107Y
10014,臺東縣,10014010,臺東市,10014010-031,豐年里,24,15,9,107Y
10014,臺東縣,10014010,臺東市,10014010-039,豐谷里,41,25,16,107Y
10014,臺東縣,10014010,臺東市,10014010-040,豐里里,36,20,16,107Y
10014,臺東縣,10014010,臺東市,10014010-041,豐原里,16,10,6,107Y
10014,臺東縣,10014010,臺東市,10014010-038,豐榮里,51,38,13,107Y
10014,臺東縣,10014010,臺東市,10014010-033,豐樂里,13,12,1,107Y
10014,臺東縣,10014010,臺東市,10014010-009,寶桑里,7,2,5,107Y
10014,臺東縣,10014010,臺東市,10014010-028,鐵花里,8,3,5,107Y
10014,臺東縣,10014030,關山鎮,10014030-004,中福里,9,6,3,107Y
10014,臺東縣,10014030,關山鎮,10014030-007,月眉里,14,4,10,107Y
10014,臺東縣,10014030,關山鎮,10014030-005,里里,16,9,7,107Y
10014,臺東縣,10014030,關山鎮,10014030-003,新福里,8,3,5,107Y
10014,臺東縣,10014030,關山鎮,10014030-006,電光里,11,6,5,107Y
10014,臺東縣,10014030,關山鎮,10014030-001,德高里,23,12,11,107Y
10014,臺東縣,10014030,關山鎮,10014030-002,豐泉里,10,6,4,107Y
10014,臺東縣,10014160,蘭嶼鄉,10014160-001,東清村,12,6,6,107Y
10014,臺東縣,10014160,蘭嶼鄉,10014160-003,紅頭村,8,4,4,107Y
10014,臺東縣,10014160,蘭嶼鄉,10014160-002,朗島村,2,2,0,107Y
10014,臺東縣,10014160,蘭嶼鄉,10014160-004,椰油村,10,3,7,107Y
10014,臺東縣,10014010,臺東市,10014010-001,富岡里,23,17,6,108Y
10014,臺東縣,10014010,臺東市,10014010-002,富豐里,8,4,4,108Y
10014,臺東縣,10014010,臺東市,10014010-003,岩灣里,24,18,6,108Y
10014,臺東縣,10014010,臺東市,10014010-004,南王里,31,17,14,108Y
10014,臺東縣,10014010,臺東市,10014010-005,卑南里,22,9,13,108Y
10014,臺東縣,10014010,臺東市,10014010-006,南榮里,45,30,15,108Y
10014,臺東縣,10014010,臺東市,10014010-007,新生里,63,39,24,108Y
10014,臺東縣,10014010,臺東市,10014010-008,民生里,24,14,10,108Y
10014,臺東縣,10014010,臺東市,10014010-009,寶桑里,11,9,2,108Y
10014,臺東縣,10014010,臺東市,10014010-010,馬蘭里,39,17,22,108Y
10014,臺東縣,10014010,臺東市,10014010-011,中心里,28,14,14,108Y
10014,臺東縣,10014010,臺東市,10014010-012,自強里,30,13,17,108Y
10014,臺東縣,10014010,臺東市,10014010-013,民族里,17,14,3,108Y
10014,臺東縣,10014010,臺東市,10014010-014,四維里,4,3,1,108Y
10014,臺東縣,10014010,臺東市,10014010-015,中華里,12,8,4,108Y
10014,臺東縣,10014010,臺東市,10014010-016,強國里,9,6,3,108Y
10014,臺東縣,10014010,臺東市,10014010-017,建國里,15,9,6,108Y
10014,臺東縣,10014010,臺東市,10014010-018,民權里,10,5,5,108Y
10014,臺東縣,10014010,臺東市,10014010-019,仁愛里,9,5,4,108Y
10014,臺東縣,10014010,臺東市,10014010-020,中正里,10,7,3,108Y
10014,臺東縣,10014010,臺東市,10014010-021,大同里,10,9,1,108Y
10014,臺東縣,10014010,臺東市,10014010-022,成功里,17,10,7,108Y
10014,臺東縣,10014010,臺東市,10014010-023,文化里,5,4,1,108Y
10014,臺東縣,10014010,臺東市,10014010-024,中山里,7,6,1,108Y
10014,臺東縣,10014010,臺東市,10014010-025,復國里,12,7,5,108Y
10014,臺東縣,10014010,臺東市,10014010-026,興國里,7,4,3,108Y
10014,臺東縣,10014010,臺東市,10014010-027,復興里,7,4,3,108Y
10014,臺東縣,10014010,臺東市,10014010-028,鐵花里,7,5,2,108Y
10014,臺東縣,10014010,臺東市,10014010-029,新園里,14,5,9,108Y
10014,臺東縣,10014010,臺東市,10014010-030,豐田里,20,13,7,108Y
10014,臺東縣,10014010,臺東市,10014010-031,豐年里,34,26,8,108Y
10014,臺東縣,10014010,臺東市,10014010-032,光明里,23,13,10,108Y
10014,臺東縣,10014010,臺東市,10014010-033,豐樂里,14,12,2,108Y
10014,臺東縣,10014010,臺東市,10014010-034,永樂里,16,6,10,108Y
10014,臺東縣,10014010,臺東市,10014010-035,康樂里,21,15,6,108Y
10014,臺東縣,10014010,臺東市,10014010-036,東海里,34,22,12,108Y
10014,臺東縣,10014010,臺東市,10014010-037,新興里,12,6,6,108Y
10014,臺東縣,10014010,臺東市,10014010-038,豐榮里,79,45,34,108Y
10014,臺東縣,10014010,臺東市,10014010-039,豐谷里,47,31,16,108Y
10014,臺東縣,10014010,臺東市,10014010-040,豐里里,28,21,7,108Y
10014,臺東縣,10014010,臺東市,10014010-041,豐原里,17,14,3,108Y
10014,臺東縣,10014010,臺東市,10014010-042,建和里,22,11,11,108Y
10014,臺東縣,10014010,臺東市,10014010-043,建興里,10,4,6,108Y
10014,臺東縣,10014010,臺東市,10014010-044,建業里,18,11,7,108Y
10014,臺東縣,10014010,臺東市,10014010-045,知本里,17,13,4,108Y
10014,臺東縣,10014010,臺東市,10014010-046,建農里,27,15,12,108Y
10014,臺東縣,10014020,成功鎮,10014020-001,博愛里,7,3,4,108Y
10014,臺東縣,10014020,成功鎮,10014020-002,忠孝里,13,6,7,108Y
10014,臺東縣,10014020,成功鎮,10014020-003,三仙里,21,11,10,108Y
10014,臺東縣,10014020,成功鎮,10014020-004,三民里,35,23,12,108Y
10014,臺東縣,10014020,成功鎮,10014020-005,忠智里,23,16,7,108Y
10014,臺東縣,10014020,成功鎮,10014020-006,忠仁里,34,20,14,108Y
10014,臺東縣,10014020,成功鎮,10014020-007,和平里,18,10,8,108Y
10014,臺東縣,10014020,成功鎮,10014020-008,信義里,33,18,15,108Y
10014,臺東縣,10014030,關山鎮,10014030-001,德高里,19,14,5,108Y
10014,臺東縣,10014030,關山鎮,10014030-002,豐泉里,13,9,4,108Y
10014,臺東縣,10014030,關山鎮,10014030-003,新福里,11,8,3,108Y
10014,臺東縣,10014030,關山鎮,10014030-004,中福里,11,6,5,108Y
10014,臺東縣,10014030,關山鎮,10014030-005,里里,24,17,7,108Y
10014,臺東縣,10014030,關山鎮,10014030-006,電光里,7,4,3,108Y
10014,臺東縣,10014030,關山鎮,10014030-007,月眉里,4,4,0,108Y
10014,臺東縣,10014040,卑南鄉,10014040-001,嘉豐村,10,4,6,108Y
10014,臺東縣,10014040,卑南鄉,10014040-002,利吉村,7,2,5,108Y
10014,臺東縣,10014040,卑南鄉,10014040-003,富山村,10,7,3,108Y
10014,臺東縣,10014040,卑南鄉,10014040-004,富源村,13,8,5,108Y
10014,臺東縣,10014040,卑南鄉,10014040-005,明峰村,19,14,5,108Y
10014,臺東縣,10014040,卑南鄉,10014040-006,初鹿村,17,10,7,108Y
10014,臺東縣,10014040,卑南鄉,10014040-007,美農村,18,15,3,108Y
10014,臺東縣,10014040,卑南鄉,10014040-008,賓朗村,35,26,9,108Y
10014,臺東縣,10014040,卑南鄉,10014040-009,泰安村,19,12,7,108Y
10014,臺東縣,10014040,卑南鄉,10014040-010,太平村,30,18,12,108Y
10014,臺東縣,10014040,卑南鄉,10014040-011,利嘉村,12,7,5,108Y
10014,臺東縣,10014040,卑南鄉,10014040-012,東興村,25,13,12,108Y
10014,臺東縣,10014040,卑南鄉,10014040-013,溫泉村,15,7,8,108Y
10014,臺東縣,10014050,鹿野鄉,10014050-001,瑞和村,8,4,4,108Y
10014,臺東縣,10014050,鹿野鄉,10014050-002,瑞豐村,12,8,4,108Y
10014,臺東縣,10014050,鹿野鄉,10014050-003,瑞源村,8,7,1,108Y
10014,臺東縣,10014050,鹿野鄉,10014050-004,永安村,14,10,4,108Y
10014,臺東縣,10014050,鹿野鄉,10014050-005,瑞隆村,13,7,6,108Y
10014,臺東縣,10014050,鹿野鄉,10014050-006,鹿野村,23,17,6,108Y
10014,臺東縣,10014050,鹿野鄉,10014050-007,龍田村,13,8,5,108Y
10014,臺東縣,10014060,池上鄉,10014060-001,福文村,30,19,11,108Y
10014,臺東縣,10014060,池上鄉,10014060-002,慶豐村,13,3,10,108Y
10014,臺東縣,10014060,池上鄉,10014060-003,大坡村,9,7,2,108Y
10014,臺東縣,10014060,池上鄉,10014060-004,大埔村,9,7,2,108Y
10014,臺東縣,10014060,池上鄉,10014060-005,福原村,29,14,15,108Y
10014,臺東縣,10014060,池上鄉,10014060-006,錦園村,11,5,6,108Y
10014,臺東縣,10014060,池上鄉,10014060-007,新興村,17,11,6,108Y
10014,臺東縣,10014060,池上鄉,10014060-008,萬安村,5,5,0,108Y
10014,臺東縣,10014060,池上鄉,10014060-009,富興村,6,3,3,108Y
10014,臺東縣,10014060,池上鄉,10014060-010,振興村,11,6,5,108Y
10014,臺東縣,10014070,東河鄉,10014070-001,北源村,33,20,13,108Y
10014,臺東縣,10014070,東河鄉,10014070-002,泰源村,18,10,8,108Y
10014,臺東縣,10014070,東河鄉,10014070-003,東河村,12,7,5,108Y
10014,臺東縣,10014070,東河鄉,10014070-004,尚德村,2,0,2,108Y
10014,臺東縣,10014070,東河鄉,10014070-005,隆昌村,19,14,5,108Y
10014,臺東縣,10014070,東河鄉,10014070-006,興昌村,17,11,6,108Y
10014,臺東縣,10014070,東河鄉,10014070-007,都蘭村,27,19,8,108Y
10014,臺東縣,10014080,長濱鄉,10014080-001,樟原村,18,14,4,108Y
10014,臺東縣,10014080,長濱鄉,10014080-002,三間村,21,17,4,108Y
10014,臺東縣,10014080,長濱鄉,10014080-003,忠勇村,10,5,5,108Y
10014,臺東縣,10014080,長濱鄉,10014080-004,長濱村,34,18,16,108Y
10014,臺東縣,10014080,長濱鄉,10014080-005,竹湖村,19,10,9,108Y
10014,臺東縣,10014080,長濱鄉,10014080-006,寧埔村,27,19,8,108Y
10014,臺東縣,10014090,太麻里鄉,10014090-001,美和村,14,10,4,108Y
10014,臺東縣,10014090,太麻里鄉,10014090-002,三和村,16,9,7,108Y
10014,臺東縣,10014090,太麻里鄉,10014090-003,華源村,5,2,3,108Y
10014,臺東縣,10014090,太麻里鄉,10014090-004,北里村,4,3,1,108Y
10014,臺東縣,10014090,太麻里鄉,10014090-005,泰和村,20,12,8,108Y
10014,臺東縣,10014090,太麻里鄉,10014090-006,大王村,19,15,4,108Y
10014,臺東縣,10014090,太麻里鄉,10014090-007,香蘭村,19,11,8,108Y
10014,臺東縣,10014090,太麻里鄉,10014090-008,金崙村,24,16,8,108Y
10014,臺東縣,10014090,太麻里鄉,10014090-009,多良村,12,7,5,108Y
10014,臺東縣,10014100,大武鄉,10014100-001,大竹村,11,5,6,108Y
10014,臺東縣,10014100,大武鄉,10014100-002,大鳥村,14,9,5,108Y
10014,臺東縣,10014100,大武鄉,10014100-003,大武村,13,5,8,108Y
10014,臺東縣,10014100,大武鄉,10014100-004,尚武村,31,15,16,108Y
10014,臺東縣,10014100,大武鄉,10014100-005,南興村,11,5,6,108Y
10014,臺東縣,10014110,綠島鄉,10014110-001,公館村,4,3,1,108Y
10014,臺東縣,10014110,綠島鄉,10014110-002,中寮村,15,10,5,108Y
10014,臺東縣,10014110,綠島鄉,10014110-003,南寮村,9,6,3,108Y
10014,臺東縣,10014120,海端鄉,10014120-001,廣原村,8,4,4,108Y
10014,臺東縣,10014120,海端鄉,10014120-002,霧鹿村,7,6,1,108Y
10014,臺東縣,10014120,海端鄉,10014120-003,利稻村,2,2,0,108Y
10014,臺東縣,10014120,海端鄉,10014120-004,海端村,10,4,6,108Y
10014,臺東縣,10014120,海端鄉,10014120-005,崁頂村,11,7,4,108Y
10014,臺東縣,10014120,海端鄉,10014120-006,加拿村,13,8,5,108Y
10014,臺東縣,10014130,延平鄉,10014130-001,武陵村,13,8,5,108Y
10014,臺東縣,10014130,延平鄉,10014130-002,永康村,4,2,2,108Y
10014,臺東縣,10014130,延平鄉,10014130-003,紅葉村,9,4,5,108Y
10014,臺東縣,10014130,延平鄉,10014130-004,鸞山村,13,8,5,108Y
10014,臺東縣,10014130,延平鄉,10014130-005,桃源村,15,6,9,108Y
10014,臺東縣,10014140,金峰鄉,10014140-001,新興村,5,2,3,108Y
10014,臺東縣,10014140,金峰鄉,10014140-002,正興村,4,2,2,108Y
10014,臺東縣,10014140,金峰鄉,10014140-003,嘉蘭村,20,15,5,108Y
10014,臺東縣,10014140,金峰鄉,10014140-004,賓茂村,4,3,1,108Y
10014,臺東縣,10014140,金峰鄉,10014140-005,歷坵村,6,3,3,108Y
10014,臺東縣,10014150,達仁鄉,10014150-001,台村,11,9,2,108Y
10014,臺東縣,10014150,達仁鄉,10014150-002,土村,16,12,4,108Y
10014,臺東縣,10014150,達仁鄉,10014150-003,新化村,5,4,1,108Y
10014,臺東縣,10014150,達仁鄉,10014150-004,安朔村,4,4,0,108Y
10014,臺東縣,10014150,達仁鄉,10014150-005,森永村,8,4,4,108Y
10014,臺東縣,10014150,達仁鄉,10014150-006,南田村,1,1,0,108Y
10014,臺東縣,10014160,蘭嶼鄉,10014160-001,東清村,9,7,2,108Y
10014,臺東縣,10014160,蘭嶼鄉,10014160-002,朗島村,10,7,3,108Y
10014,臺東縣,10014160,蘭嶼鄉,10014160-003,紅頭村,10,5,5,108Y
10014,臺東縣,10014160,蘭嶼鄉,10014160-004,椰油村,12,8,4,108Y
10014,臺東縣,10014010,臺東市,10014010-001,富岡里,17,11,6,109Y
10014,臺東縣,10014010,臺東市,10014010-002,富豐里,11,3,8,109Y
10014,臺東縣,10014010,臺東市,10014010-003,岩灣里,28,18,10,109Y
10014,臺東縣,10014010,臺東市,10014010-004,南王里,25,14,11,109Y
10014,臺東縣,10014010,臺東市,10014010-005,卑南里,19,13,6,109Y
10014,臺東縣,10014010,臺東市,10014010-006,南榮里,33,25,8,109Y
10014,臺東縣,10014010,臺東市,10014010-007,新生里,61,37,24,109Y
10014,臺東縣,10014010,臺東市,10014010-008,民生里,31,18,13,109Y
10014,臺東縣,10014010,臺東市,10014010-009,寶桑里,11,8,3,109Y
10014,臺東縣,10014010,臺東市,10014010-010,馬蘭里,22,12,10,109Y
10014,臺東縣,10014010,臺東市,10014010-011,中心里,28,14,14,109Y
10014,臺東縣,10014010,臺東市,10014010-012,自強里,27,12,15,109Y
10014,臺東縣,10014010,臺東市,10014010-013,民族里,9,5,4,109Y
10014,臺東縣,10014010,臺東市,10014010-014,四維里,7,4,3,109Y
10014,臺東縣,10014010,臺東市,10014010-015,中華里,22,12,10,109Y
10014,臺東縣,10014010,臺東市,10014010-016,強國里,8,4,4,109Y
10014,臺東縣,10014010,臺東市,10014010-017,建國里,18,16,2,109Y
10014,臺東縣,10014010,臺東市,10014010-018,民權里,7,5,2,109Y
10014,臺東縣,10014010,臺東市,10014010-019,仁愛里,10,7,3,109Y
10014,臺東縣,10014010,臺東市,10014010-020,中正里,8,6,2,109Y
10014,臺東縣,10014010,臺東市,10014010-021,大同里,12,6,6,109Y
10014,臺東縣,10014010,臺東市,10014010-022,成功里,11,5,6,109Y
10014,臺東縣,10014010,臺東市,10014010-023,文化里,9,4,5,109Y
10014,臺東縣,10014010,臺東市,10014010-024,中山里,10,7,3,109Y
10014,臺東縣,10014010,臺東市,10014010-025,復國里,4,3,1,109Y
10014,臺東縣,10014010,臺東市,10014010-026,興國里,7,3,4,109Y
10014,臺東縣,10014010,臺東市,10014010-027,復興里,7,4,3,109Y
10014,臺東縣,10014010,臺東市,10014010-028,鐵花里,4,2,2,109Y
10014,臺東縣,10014010,臺東市,10014010-029,新園里,21,15,6,109Y
10014,臺東縣,10014010,臺東市,10014010-030,豐田里,23,10,13,109Y
10014,臺東縣,10014010,臺東市,10014010-031,豐年里,37,22,15,109Y
10014,臺東縣,10014010,臺東市,10014010-032,光明里,21,15,6,109Y
10014,臺東縣,10014010,臺東市,10014010-033,豐樂里,15,10,5,109Y
10014,臺東縣,10014010,臺東市,10014010-034,永樂里,18,9,9,109Y
10014,臺東縣,10014010,臺東市,10014010-035,康樂里,18,10,8,109Y
10014,臺東縣,10014010,臺東市,10014010-036,東海里,28,22,6,109Y
10014,臺東縣,10014010,臺東市,10014010-037,新興里,12,7,5,109Y
10014,臺東縣,10014010,臺東市,10014010-038,豐榮里,70,31,39,109Y
10014,臺東縣,10014010,臺東市,10014010-039,豐谷里,58,30,28,109Y
10014,臺東縣,10014010,臺東市,10014010-040,豐里里,26,17,9,109Y
10014,臺東縣,10014010,臺東市,10014010-041,豐原里,12,6,6,109Y
10014,臺東縣,10014010,臺東市,10014010-042,建和里,21,11,10,109Y
10014,臺東縣,10014010,臺東市,10014010-043,建興里,10,7,3,109Y
10014,臺東縣,10014010,臺東市,10014010-044,建業里,19,14,5,109Y
10014,臺東縣,10014010,臺東市,10014010-045,知本里,12,10,2,109Y
10014,臺東縣,10014010,臺東市,10014010-046,建農里,10,5,5,109Y
10014,臺東縣,10014020,成功鎮,10014020-001,博愛里,20,14,6,109Y
10014,臺東縣,10014020,成功鎮,10014020-002,忠孝里,23,11,12,109Y
10014,臺東縣,10014020,成功鎮,10014020-003,三仙里,24,16,8,109Y
10014,臺東縣,10014020,成功鎮,10014020-004,三民里,39,20,19,109Y
10014,臺東縣,10014020,成功鎮,10014020-005,忠智里,29,20,9,109Y
10014,臺東縣,10014020,成功鎮,10014020-006,忠仁里,31,22,9,109Y
10014,臺東縣,10014020,成功鎮,10014020-007,和平里,17,8,9,109Y
10014,臺東縣,10014020,成功鎮,10014020-008,信義里,30,18,12,109Y
10014,臺東縣,10014030,關山鎮,10014030-001,德高里,20,12,8,109Y
10014,臺東縣,10014030,關山鎮,10014030-002,豐泉里,18,11,7,109Y
10014,臺東縣,10014030,關山鎮,10014030-003,新福里,17,11,6,109Y
10014,臺東縣,10014030,關山鎮,10014030-004,中福里,17,10,7,109Y
10014,臺東縣,10014030,關山鎮,10014030-005,里里,27,18,9,109Y
10014,臺東縣,10014030,關山鎮,10014030-006,電光里,13,11,2,109Y
10014,臺東縣,10014030,關山鎮,10014030-007,月眉里,12,7,5,109Y
10014,臺東縣,10014040,卑南鄉,10014040-001,嘉豐村,4,1,3,109Y
10014,臺東縣,10014040,卑南鄉,10014040-002,利吉村,6,4,2,109Y
10014,臺東縣,10014040,卑南鄉,10014040-003,富山村,4,3,1,109Y
10014,臺東縣,10014040,卑南鄉,10014040-004,富源村,6,4,2,109Y
10014,臺東縣,10014040,卑南鄉,10014040-005,明峰村,14,12,2,109Y
10014,臺東縣,10014040,卑南鄉,10014040-006,初鹿村,18,9,9,109Y
10014,臺東縣,10014040,卑南鄉,10014040-007,美農村,21,12,9,109Y
10014,臺東縣,10014040,卑南鄉,10014040-008,賓朗村,24,18,6,109Y
10014,臺東縣,10014040,卑南鄉,10014040-009,泰安村,14,8,6,109Y
10014,臺東縣,10014040,卑南鄉,10014040-010,太平村,39,26,13,109Y
10014,臺東縣,10014040,卑南鄉,10014040-011,利嘉村,24,16,8,109Y
10014,臺東縣,10014040,卑南鄉,10014040-012,東興村,22,13,9,109Y
10014,臺東縣,10014040,卑南鄉,10014040-013,溫泉村,15,8,7,109Y
10014,臺東縣,10014050,鹿野鄉,10014050-001,瑞和村,14,10,4,109Y
10014,臺東縣,10014050,鹿野鄉,10014050-002,瑞豐村,20,13,7,109Y
10014,臺東縣,10014050,鹿野鄉,10014050-003,瑞源村,11,4,7,109Y
10014,臺東縣,10014050,鹿野鄉,10014050-004,永安村,17,11,6,109Y
10014,臺東縣,10014050,鹿野鄉,10014050-005,瑞隆村,12,8,4,109Y
10014,臺東縣,10014050,鹿野鄉,10014050-006,鹿野村,20,16,4,109Y
10014,臺東縣,10014050,鹿野鄉,10014050-007,龍田村,8,6,2,109Y
10014,臺東縣,10014060,池上鄉,10014060-001,福文村,23,11,12,109Y
10014,臺東縣,10014060,池上鄉,10014060-002,慶豐村,8,5,3,109Y
10014,臺東縣,10014060,池上鄉,10014060-003,大坡村,3,1,2,109Y
10014,臺東縣,10014060,池上鄉,10014060-004,大埔村,8,6,2,109Y
10014,臺東縣,10014060,池上鄉,10014060-005,福原村,17,11,6,109Y
10014,臺東縣,10014060,池上鄉,10014060-006,錦園村,6,4,2,109Y
10014,臺東縣,10014060,池上鄉,10014060-007,新興村,9,6,3,109Y
10014,臺東縣,10014060,池上鄉,10014060-008,萬安村,6,3,3,109Y
10014,臺東縣,10014060,池上鄉,10014060-009,富興村,10,7,3,109Y
10014,臺東縣,10014060,池上鄉,10014060-010,振興村,8,6,2,109Y
10014,臺東縣,10014070,東河鄉,10014070-001,北源村,28,16,12,109Y
10014,臺東縣,10014070,東河鄉,10014070-002,泰源村,21,16,5,109Y
10014,臺東縣,10014070,東河鄉,10014070-003,東河村,17,9,8,109Y
10014,臺東縣,10014070,東河鄉,10014070-004,尚德村,5,4,1,109Y
10014,臺東縣,10014070,東河鄉,10014070-005,隆昌村,13,7,6,109Y
10014,臺東縣,10014070,東河鄉,10014070-006,興昌村,16,10,6,109Y
10014,臺東縣,10014070,東河鄉,10014070-007,都蘭村,31,16,15,109Y
10014,臺東縣,10014080,長濱鄉,10014080-001,樟原村,13,6,7,109Y
10014,臺東縣,10014080,長濱鄉,10014080-002,三間村,18,11,7,109Y
10014,臺東縣,10014080,長濱鄉,10014080-003,忠勇村,8,6,2,109Y
10014,臺東縣,10014080,長濱鄉,10014080-004,長濱村,40,26,14,109Y
10014,臺東縣,10014080,長濱鄉,10014080-005,竹湖村,11,9,2,109Y
10014,臺東縣,10014080,長濱鄉,10014080-006,寧埔村,17,12,5,109Y
10014,臺東縣,10014090,太麻里鄉,10014090-001,美和村,17,9,8,109Y
10014,臺東縣,10014090,太麻里鄉,10014090-002,三和村,8,6,2,109Y
10014,臺東縣,10014090,太麻里鄉,10014090-003,華源村,12,8,4,109Y
10014,臺東縣,10014090,太麻里鄉,10014090-004,北里村,5,4,1,109Y
10014,臺東縣,10014090,太麻里鄉,10014090-005,泰和村,15,9,6,109Y
10014,臺東縣,10014090,太麻里鄉,10014090-006,大王村,25,11,14,109Y
10014,臺東縣,10014090,太麻里鄉,10014090-007,香蘭村,5,3,2,109Y
10014,臺東縣,10014090,太麻里鄉,10014090-008,金崙村,21,12,9,109Y
10014,臺東縣,10014090,太麻里鄉,10014090-009,多良村,14,9,5,109Y
10014,臺東縣,10014100,大武鄉,10014100-001,大竹村,14,6,8,109Y
10014,臺東縣,10014100,大武鄉,10014100-002,大鳥村,21,14,7,109Y
10014,臺東縣,10014100,大武鄉,10014100-003,大武村,17,13,4,109Y
10014,臺東縣,10014100,大武鄉,10014100-004,尚武村,21,14,7,109Y
10014,臺東縣,10014100,大武鄉,10014100-005,南興村,3,2,1,109Y
10014,臺東縣,10014110,綠島鄉,10014110-001,公館村,5,3,2,109Y
10014,臺東縣,10014110,綠島鄉,10014110-002,中寮村,9,6,3,109Y
10014,臺東縣,10014110,綠島鄉,10014110-003,南寮村,12,6,6,109Y
10014,臺東縣,10014120,海端鄉,10014120-001,廣原村,10,6,4,109Y
10014,臺東縣,10014120,海端鄉,10014120-002,霧鹿村,3,2,1,109Y
10014,臺東縣,10014120,海端鄉,10014120-003,利稻村,3,3,0,109Y
10014,臺東縣,10014120,海端鄉,10014120-004,海端村,18,17,1,109Y
10014,臺東縣,10014120,海端鄉,10014120-005,崁頂村,7,7,0,109Y
10014,臺東縣,10014120,海端鄉,10014120-006,加拿村,7,6,1,109Y
10014,臺東縣,10014130,延平鄉,10014130-001,武陵村,11,8,3,109Y
10014,臺東縣,10014130,延平鄉,10014130-002,永康村,4,4,0,109Y
10014,臺東縣,10014130,延平鄉,10014130-003,紅葉村,5,3,2,109Y
10014,臺東縣,10014130,延平鄉,10014130-004,鸞山村,10,8,2,109Y
10014,臺東縣,10014130,延平鄉,10014130-005,桃源村,12,8,4,109Y
10014,臺東縣,10014140,金峰鄉,10014140-001,新興村,1,0,1,109Y
10014,臺東縣,10014140,金峰鄉,10014140-002,正興村,7,5,2,109Y
10014,臺東縣,10014140,金峰鄉,10014140-003,嘉蘭村,10,6,4,109Y
10014,臺東縣,10014140,金峰鄉,10014140-004,賓茂村,7,4,3,109Y
10014,臺東縣,10014140,金峰鄉,10014140-005,歷坵村,8,4,4,109Y
10014,臺東縣,10014150,達仁鄉,10014150-001,台村,14,5,9,109Y
10014,臺東縣,10014150,達仁鄉,10014150-002,土村,7,4,3,109Y
10014,臺東縣,10014150,達仁鄉,10014150-003,新化村,3,1,2,109Y
10014,臺東縣,10014150,達仁鄉,10014150-004,安朔村,6,2,4,109Y
10014,臺東縣,10014150,達仁鄉,10014150-005,森永村,4,2,2,109Y
10014,臺東縣,10014150,達仁鄉,10014150-006,南田村,6,4,2,109Y
10014,臺東縣,10014160,蘭嶼鄉,10014160-001,東清村,14,7,7,109Y
10014,臺東縣,10014160,蘭嶼鄉,10014160-002,朗島村,5,4,1,109Y
10014,臺東縣,10014160,蘭嶼鄉,10014160-003,紅頭村,12,7,5,109Y
10014,臺東縣,10014160,蘭嶼鄉,10014160-004,椰油村,5,2,3,109Y
10014,臺東縣,10014010,臺東市,10014010-001,富岡里,26,16,10,110Y
10014,臺東縣,10014010,臺東市,10014010-003,岩灣里,17,9,8,110Y
10014,臺東縣,10014010,臺東市,10014010-004,南王里,32,19,13,110Y
10014,臺東縣,10014010,臺東市,10014010-005,卑南里,23,13,10,110Y
10014,臺東縣,10014010,臺東市,10014010-006,南榮里,22,10,12,110Y
10014,臺東縣,10014010,臺東市,10014010-007,新生里,55,37,18,110Y
10014,臺東縣,10014010,臺東市,10014010-008,民生里,28,15,13,110Y
10014,臺東縣,10014010,臺東市,10014010-009,寶桑里,15,11,4,110Y
10014,臺東縣,10014010,臺東市,10014010-010,馬蘭里,25,13,12,110Y
10014,臺東縣,10014010,臺東市,10014010-011,中心里,28,12,16,110Y
10014,臺東縣,10014010,臺東市,10014010-012,自強里,27,17,10,110Y
10014,臺東縣,10014010,臺東市,10014010-013,民族里,22,16,6,110Y
10014,臺東縣,10014010,臺東市,10014010-015,中華里,32,21,11,110Y
10014,臺東縣,10014010,臺東市,10014010-017,建國里,22,11,11,110Y
10014,臺東縣,10014010,臺東市,10014010-020,中正里,17,9,8,110Y
10014,臺東縣,10014010,臺東市,10014010-022,成功里,23,10,13,110Y
10014,臺東縣,10014010,臺東市,10014010-023,文化里,18,8,10,110Y
10014,臺東縣,10014010,臺東市,10014010-024,中山里,14,7,7,110Y
10014,臺東縣,10014010,臺東市,10014010-029,新園里,33,26,7,110Y
10014,臺東縣,10014010,臺東市,10014010-030,豐田里,28,11,17,110Y
10014,臺東縣,10014010,臺東市,10014010-031,豐年里,28,18,10,110Y
10014,臺東縣,10014010,臺東市,10014010-032,光明里,22,14,8,110Y
10014,臺東縣,10014010,臺東市,10014010-033,豐樂里,14,6,8,110Y
10014,臺東縣,10014010,臺東市,10014010-034,永樂里,26,11,15,110Y
10014,臺東縣,10014010,臺東市,10014010-035,康樂里,17,11,6,110Y
10014,臺東縣,10014010,臺東市,10014010-036,東海里,24,14,10,110Y
10014,臺東縣,10014010,臺東市,10014010-037,新興里,21,8,13,110Y
10014,臺東縣,10014010,臺東市,10014010-038,豐榮里,52,25,27,110Y
10014,臺東縣,10014010,臺東市,10014010-039,豐谷里,52,36,16,110Y
10014,臺東縣,10014010,臺東市,10014010-040,豐里里,32,21,11,110Y
10014,臺東縣,10014010,臺東市,10014010-041,豐原里,14,6,8,110Y
10014,臺東縣,10014010,臺東市,10014010-042,建和里,20,13,7,110Y
10014,臺東縣,10014010,臺東市,10014010-043,建興里,6,2,4,110Y
10014,臺東縣,10014010,臺東市,10014010-045,知本里,23,15,8,110Y
10014,臺東縣,10014010,臺東市,10014010-046,建農里,28,23,5,110Y
10014,臺東縣,10014010,臺東市,10014010-047,仁和里,19,12,7,110Y
10014,臺東縣,10014010,臺東市,10014010-048,豐安里,12,5,7,110Y
10014,臺東縣,10014010,臺東市,10014010-049,豐盛里,12,6,6,110Y
10014,臺東縣,10014020,成功鎮,10014020-001,博愛里,13,9,4,110Y
10014,臺東縣,10014020,成功鎮,10014020-002,忠孝里,9,6,3,110Y
10014,臺東縣,10014020,成功鎮,10014020-003,三仙里,28,13,15,110Y
10014,臺東縣,10014020,成功鎮,10014020-004,三民里,42,24,18,110Y
10014,臺東縣,10014020,成功鎮,10014020-005,忠智里,15,10,5,110Y
10014,臺東縣,10014020,成功鎮,10014020-006,忠仁里,34,21,13,110Y
10014,臺東縣,10014020,成功鎮,10014020-007,和平里,13,9,4,110Y
10014,臺東縣,10014020,成功鎮,10014020-008,信義里,32,20,12,110Y
10014,臺東縣,10014030,關山鎮,10014030-001,德高里,30,19,11,110Y
10014,臺東縣,10014030,關山鎮,10014030-002,豐泉里,7,5,2,110Y
10014,臺東縣,10014030,關山鎮,10014030-003,新福里,21,14,7,110Y
10014,臺東縣,10014030,關山鎮,10014030-004,中福里,13,7,6,110Y
10014,臺東縣,10014030,關山鎮,10014030-005,里■里,29,14,15,110Y
10014,臺東縣,10014030,關山鎮,10014030-006,電光里,8,6,2,110Y
10014,臺東縣,10014030,關山鎮,10014030-007,月眉里,12,5,7,110Y
10014,臺東縣,10014040,卑南鄉,10014040-001,嘉豐村,9,4,5,110Y
10014,臺東縣,10014040,卑南鄉,10014040-002,利吉村,8,5,3,110Y
10014,臺東縣,10014040,卑南鄉,10014040-003,富山村,6,5,1,110Y
10014,臺東縣,10014040,卑南鄉,10014040-004,富源村,5,4,1,110Y
10014,臺東縣,10014040,卑南鄉,10014040-005,明峰村,17,10,7,110Y
10014,臺東縣,10014040,卑南鄉,10014040-006,初鹿村,14,7,7,110Y
10014,臺東縣,10014040,卑南鄉,10014040-007,美農村,11,6,5,110Y
10014,臺東縣,10014040,卑南鄉,10014040-008,賓朗村,25,19,6,110Y
10014,臺東縣,10014040,卑南鄉,10014040-009,泰安村,10,6,4,110Y
10014,臺東縣,10014040,卑南鄉,10014040-010,太平村,31,19,12,110Y
10014,臺東縣,10014040,卑南鄉,10014040-011,利嘉村,16,9,7,110Y
10014,臺東縣,10014040,卑南鄉,10014040-012,東興村,14,7,7,110Y
10014,臺東縣,10014040,卑南鄉,10014040-013,溫泉村,15,11,4,110Y
10014,臺東縣,10014050,鹿野鄉,10014050-001,瑞和村,7,4,3,110Y
10014,臺東縣,10014050,鹿野鄉,10014050-002,瑞豐村,8,5,3,110Y
10014,臺東縣,10014050,鹿野鄉,10014050-003,瑞源村,15,13,2,110Y
10014,臺東縣,10014050,鹿野鄉,10014050-004,永安村,25,15,10,110Y
10014,臺東縣,10014050,鹿野鄉,10014050-005,瑞隆村,18,12,6,110Y
10014,臺東縣,10014050,鹿野鄉,10014050-006,鹿野村,20,18,2,110Y
10014,臺東縣,10014050,鹿野鄉,10014050-007,龍田村,11,8,3,110Y
10014,臺東縣,10014060,池上鄉,10014060-001,福文村,22,10,12,110Y
10014,臺東縣,10014060,池上鄉,10014060-002,慶豐村,15,9,6,110Y
10014,臺東縣,10014060,池上鄉,10014060-003,大坡村,7,6,1,110Y
10014,臺東縣,10014060,池上鄉,10014060-004,大埔村,8,4,4,110Y
10014,臺東縣,10014060,池上鄉,10014060-005,福原村,24,13,11,110Y
10014,臺東縣,10014060,池上鄉,10014060-006,錦園村,4,2,2,110Y
10014,臺東縣,10014060,池上鄉,10014060-007,新興村,12,9,3,110Y
10014,臺東縣,10014060,池上鄉,10014060-008,萬安村,5,2,3,110Y
10014,臺東縣,10014060,池上鄉,10014060-009,富興村,5,4,1,110Y
10014,臺東縣,10014060,池上鄉,10014060-010,振興村,12,7,5,110Y
10014,臺東縣,10014070,東河鄉,10014070-001,北源村,26,13,13,110Y
10014,臺東縣,10014070,東河鄉,10014070-002,泰源村,11,8,3,110Y
10014,臺東縣,10014070,東河鄉,10014070-003,東河村,18,14,4,110Y
10014,臺東縣,10014070,東河鄉,10014070-004,尚德村,5,4,1,110Y
10014,臺東縣,10014070,東河鄉,10014070-005,隆昌村,9,3,6,110Y
10014,臺東縣,10014070,東河鄉,10014070-006,興昌村,19,10,9,110Y
10014,臺東縣,10014070,東河鄉,10014070-007,都蘭村,34,21,13,110Y
10014,臺東縣,10014080,長濱鄉,10014080-001,樟原村,16,7,9,110Y
10014,臺東縣,10014080,長濱鄉,10014080-002,三間村,25,17,8,110Y
10014,臺東縣,10014080,長濱鄉,10014080-003,忠勇村,14,9,5,110Y
10014,臺東縣,10014080,長濱鄉,10014080-004,長濱村,30,23,7,110Y
10014,臺東縣,10014080,長濱鄉,10014080-005,竹湖村,18,13,5,110Y
10014,臺東縣,10014080,長濱鄉,10014080-006,寧埔村,26,14,12,110Y
10014,臺東縣,10014090,太麻里鄉,10014090-001,美和村,15,10,5,110Y
10014,臺東縣,10014090,太麻里鄉,10014090-002,三和村,11,9,2,110Y
10014,臺東縣,10014090,太麻里鄉,10014090-003,華源村,12,9,3,110Y
10014,臺東縣,10014090,太麻里鄉,10014090-004,北里村,13,6,7,110Y
10014,臺東縣,10014090,太麻里鄉,10014090-005,泰和村,21,10,11,110Y
10014,臺東縣,10014090,太麻里鄉,10014090-006,大王村,20,16,4,110Y
10014,臺東縣,10014090,太麻里鄉,10014090-007,香蘭村,15,9,6,110Y
10014,臺東縣,10014090,太麻里鄉,10014090-008,金崙村,18,12,6,110Y
10014,臺東縣,10014090,太麻里鄉,10014090-009,多良村,15,11,4,110Y
10014,臺東縣,10014100,大武鄉,10014100-001,大竹村,13,9,4,110Y
10014,臺東縣,10014100,大武鄉,10014100-002,大鳥村,19,8,11,110Y
10014,臺東縣,10014100,大武鄉,10014100-003,大武村,20,13,7,110Y
10014,臺東縣,10014100,大武鄉,10014100-004,尚武村,13,8,5,110Y
10014,臺東縣,10014100,大武鄉,10014100-005,南興村,6,3,3,110Y
10014,臺東縣,10014110,綠島鄉,10014110-001,公館村,8,5,3,110Y
10014,臺東縣,10014110,綠島鄉,10014110-002,中寮村,4,4,0,110Y
10014,臺東縣,10014110,綠島鄉,10014110-003,南寮村,8,4,4,110Y
10014,臺東縣,10014120,海端鄉,10014120-001,廣原村,9,6,3,110Y
10014,臺東縣,10014120,海端鄉,10014120-002,霧鹿村,6,6,0,110Y
10014,臺東縣,10014120,海端鄉,10014120-003,利稻村,1,1,0,110Y
10014,臺東縣,10014120,海端鄉,10014120-004,海端村,11,6,5,110Y
10014,臺東縣,10014120,海端鄉,10014120-005,崁頂村,10,9,1,110Y
10014,臺東縣,10014120,海端鄉,10014120-006,加拿村,12,9,3,110Y
10014,臺東縣,10014130,延平鄉,10014130-001,武陵村,5,3,2,110Y
10014,臺東縣,10014130,延平鄉,10014130-002,永康村,5,3,2,110Y
10014,臺東縣,10014130,延平鄉,10014130-003,紅葉村,8,5,3,110Y
10014,臺東縣,10014130,延平鄉,10014130-004,鸞山村,10,7,3,110Y
10014,臺東縣,10014130,延平鄉,10014130-005,桃源村,11,5,6,110Y
10014,臺東縣,10014140,金峰鄉,10014140-001,新興村,5,3,2,110Y
10014,臺東縣,10014140,金峰鄉,10014140-002,正興村,10,7,3,110Y
10014,臺東縣,10014140,金峰鄉,10014140-003,嘉蘭村,10,5,5,110Y
10014,臺東縣,10014140,金峰鄉,10014140-004,賓茂村,3,2,1,110Y
10014,臺東縣,10014140,金峰鄉,10014140-005,歷坵村,5,5,0,110Y
10014,臺東縣,10014150,達仁鄉,10014150-001,台■村,9,6,3,110Y
10014,臺東縣,10014150,達仁鄉,10014150-002,土■村,11,4,7,110Y
10014,臺東縣,10014150,達仁鄉,10014150-003,新化村,5,3,2,110Y
10014,臺東縣,10014150,達仁鄉,10014150-004,安朔村,10,7,3,110Y
10014,臺東縣,10014150,達仁鄉,10014150-005,森永村,5,2,3,110Y
10014,臺東縣,10014150,達仁鄉,10014150-006,南田村,5,1,4,110Y
10014,臺東縣,10014160,蘭嶼鄉,10014160-001,東清村,14,10,4,110Y
10014,臺東縣,10014160,蘭嶼鄉,10014160-002,朗島村,9,5,4,110Y
10014,臺東縣,10014160,蘭嶼鄉,10014160-003,紅頭村,7,3,4,110Y
10014,臺東縣,10014160,蘭嶼鄉,10014160-004,椰油村,11,5,6,110Y
10014,臺東縣,10014010,臺東市,10014010-001,富岡里,38,21,17,111Y
10014,臺東縣,10014010,臺東市,10014010-003,岩灣里,21,14,7,111Y
10014,臺東縣,10014010,臺東市,10014010-004,南王里,28,13,15,111Y
10014,臺東縣,10014010,臺東市,10014010-005,卑南里,16,8,8,111Y
10014,臺東縣,10014010,臺東市,10014010-006,南榮里,45,25,20,111Y
10014,臺東縣,10014010,臺東市,10014010-007,新生里,36,22,14,111Y
10014,臺東縣,10014010,臺東市,10014010-008,民生里,31,16,15,111Y
10014,臺東縣,10014010,臺東市,10014010-009,寶桑里,23,12,11,111Y
10014,臺東縣,10014010,臺東市,10014010-010,馬蘭里,10,7,3,111Y
10014,臺東縣,10014010,臺東市,10014010-011,中心里,31,15,16,111Y
10014,臺東縣,10014010,臺東市,10014010-012,自強里,36,20,16,111Y
10014,臺東縣,10014010,臺東市,10014010-013,民族里,22,12,10,111Y
10014,臺東縣,10014010,臺東市,10014010-015,中華里,36,20,16,111Y
10014,臺東縣,10014010,臺東市,10014010-017,建國里,23,13,10,111Y
10014,臺東縣,10014010,臺東市,10014010-020,中正里,30,16,14,111Y
10014,臺東縣,10014010,臺東市,10014010-022,成功里,29,25,4,111Y
10014,臺東縣,10014010,臺東市,10014010-023,文化里,26,13,13,111Y
10014,臺東縣,10014010,臺東市,10014010-024,中山里,28,20,8,111Y
10014,臺東縣,10014010,臺東市,10014010-029,新園里,27,14,13,111Y
10014,臺東縣,10014010,臺東市,10014010-030,豐田里,27,16,11,111Y
10014,臺東縣,10014010,臺東市,10014010-031,豐年里,36,19,17,111Y
10014,臺東縣,10014010,臺東市,10014010-032,光明里,18,13,5,111Y
10014,臺東縣,10014010,臺東市,10014010-033,豐樂里,15,9,6,111Y
10014,臺東縣,10014010,臺東市,10014010-034,永樂里,24,9,15,111Y
10014,臺東縣,10014010,臺東市,10014010-035,康樂里,21,14,7,111Y
10014,臺東縣,10014010,臺東市,10014010-036,東海里,16,7,9,111Y
10014,臺東縣,10014010,臺東市,10014010-037,新興里,32,20,12,111Y
10014,臺東縣,10014010,臺東市,10014010-038,豐榮里,32,23,9,111Y
10014,臺東縣,10014010,臺東市,10014010-039,豐谷里,44,27,17,111Y
10014,臺東縣,10014010,臺東市,10014010-040,豐里里,34,20,14,111Y
10014,臺東縣,10014010,臺東市,10014010-041,豐原里,23,15,8,111Y
10014,臺東縣,10014010,臺東市,10014010-042,建和里,28,18,10,111Y
10014,臺東縣,10014010,臺東市,10014010-043,建興里,18,8,10,111Y
10014,臺東縣,10014010,臺東市,10014010-045,知本里,46,27,19,111Y
10014,臺東縣,10014010,臺東市,10014010-046,建農里,23,16,7,111Y
10014,臺東縣,10014010,臺東市,10014010-047,仁和里,39,26,13,111Y
10014,臺東縣,10014010,臺東市,10014010-048,豐安里,31,21,10,111Y
10014,臺東縣,10014010,臺東市,10014010-049,豐盛里,22,10,12,111Y
10014,臺東縣,10014020,成功鎮,10014020-001,博愛里,13,8,5,111Y
10014,臺東縣,10014020,成功鎮,10014020-002,忠孝里,18,10,8,111Y
10014,臺東縣,10014020,成功鎮,10014020-003,三仙里,29,22,7,111Y
10014,臺東縣,10014020,成功鎮,10014020-004,三民里,45,21,24,111Y
10014,臺東縣,10014020,成功鎮,10014020-005,忠智里,25,14,11,111Y
10014,臺東縣,10014020,成功鎮,10014020-006,忠仁里,33,23,10,111Y
10014,臺東縣,10014020,成功鎮,10014020-007,和平里,16,9,7,111Y
10014,臺東縣,10014020,成功鎮,10014020-008,信義里,39,28,11,111Y
10014,臺東縣,10014030,關山鎮,10014030-001,德高里,33,24,9,111Y
10014,臺東縣,10014030,關山鎮,10014030-002,豐泉里,17,11,6,111Y
10014,臺東縣,10014030,關山鎮,10014030-003,新福里,9,6,3,111Y
10014,臺東縣,10014030,關山鎮,10014030-004,中福里,10,5,5,111Y
10014,臺東縣,10014030,關山鎮,10014030-005,里?里,20,13,7,111Y
10014,臺東縣,10014030,關山鎮,10014030-006,電光里,9,5,4,111Y
10014,臺東縣,10014030,關山鎮,10014030-007,月眉里,14,9,5,111Y
10014,臺東縣,10014040,卑南鄉,10014040-001,嘉豐村,13,10,3,111Y
10014,臺東縣,10014040,卑南鄉,10014040-002,利吉村,9,5,4,111Y
10014,臺東縣,10014040,卑南鄉,10014040-003,富山村,4,2,2,111Y
10014,臺東縣,10014040,卑南鄉,10014040-004,富源村,11,8,3,111Y
10014,臺東縣,10014040,卑南鄉,10014040-005,明峰村,19,14,5,111Y
10014,臺東縣,10014040,卑南鄉,10014040-006,初鹿村,19,13,6,111Y
10014,臺東縣,10014040,卑南鄉,10014040-007,美農村,18,9,9,111Y
10014,臺東縣,10014040,卑南鄉,10014040-008,賓朗村,27,20,7,111Y
10014,臺東縣,10014040,卑南鄉,10014040-009,泰安村,10,7,3,111Y
10014,臺東縣,10014040,卑南鄉,10014040-010,太平村,33,18,15,111Y
10014,臺東縣,10014040,卑南鄉,10014040-011,利嘉村,17,11,6,111Y
10014,臺東縣,10014040,卑南鄉,10014040-012,東興村,9,2,7,111Y
10014,臺東縣,10014040,卑南鄉,10014040-013,溫泉村,24,14,10,111Y
10014,臺東縣,10014050,鹿野鄉,10014050-001,瑞和村,12,6,6,111Y
10014,臺東縣,10014050,鹿野鄉,10014050-002,瑞豐村,12,4,8,111Y
10014,臺東縣,10014050,鹿野鄉,10014050-003,瑞源村,18,12,6,111Y
10014,臺東縣,10014050,鹿野鄉,10014050-004,永安村,26,17,9,111Y
10014,臺東縣,10014050,鹿野鄉,10014050-005,瑞隆村,22,15,7,111Y
10014,臺東縣,10014050,鹿野鄉,10014050-006,鹿野村,21,13,8,111Y
10014,臺東縣,10014050,鹿野鄉,10014050-007,龍田村,22,13,9,111Y
10014,臺東縣,10014060,池上鄉,10014060-001,福文村,26,18,8,111Y
10014,臺東縣,10014060,池上鄉,10014060-002,慶豐村,7,3,4,111Y
10014,臺東縣,10014060,池上鄉,10014060-003,大坡村,5,3,2,111Y
10014,臺東縣,10014060,池上鄉,10014060-004,大埔村,17,8,9,111Y
10014,臺東縣,10014060,池上鄉,10014060-005,福原村,24,14,10,111Y
10014,臺東縣,10014060,池上鄉,10014060-006,錦園村,8,3,5,111Y
10014,臺東縣,10014060,池上鄉,10014060-007,新興村,14,10,4,111Y
10014,臺東縣,10014060,池上鄉,10014060-008,萬安村,3,2,1,111Y
10014,臺東縣,10014060,池上鄉,10014060-009,富興村,11,9,2,111Y
10014,臺東縣,10014060,池上鄉,10014060-010,振興村,9,5,4,111Y
10014,臺東縣,10014070,東河鄉,10014070-001,北源村,31,15,16,111Y
10014,臺東縣,10014070,東河鄉,10014070-002,泰源村,27,18,9,111Y
10014,臺東縣,10014070,東河鄉,10014070-003,東河村,16,7,9,111Y
10014,臺東縣,10014070,東河鄉,10014070-004,尚德村,7,6,1,111Y
10014,臺東縣,10014070,東河鄉,10014070-005,隆昌村,11,5,6,111Y
10014,臺東縣,10014070,東河鄉,10014070-006,興昌村,20,8,12,111Y
10014,臺東縣,10014070,東河鄉,10014070-007,都蘭村,37,23,14,111Y
10014,臺東縣,10014080,長濱鄉,10014080-001,樟原村,14,6,8,111Y
10014,臺東縣,10014080,長濱鄉,10014080-002,三間村,24,14,10,111Y
10014,臺東縣,10014080,長濱鄉,10014080-003,忠勇村,15,13,2,111Y
10014,臺東縣,10014080,長濱鄉,10014080-004,長濱村,45,31,14,111Y
10014,臺東縣,10014080,長濱鄉,10014080-005,竹湖村,18,10,8,111Y
10014,臺東縣,10014080,長濱鄉,10014080-006,寧埔村,27,21,6,111Y
10014,臺東縣,10014090,太麻里鄉,10014090-001,美和村,16,9,7,111Y
10014,臺東縣,10014090,太麻里鄉,10014090-002,三和村,13,11,2,111Y
10014,臺東縣,10014090,太麻里鄉,10014090-003,華源村,9,4,5,111Y
10014,臺東縣,10014090,太麻里鄉,10014090-004,北里村,7,5,2,111Y
10014,臺東縣,10014090,太麻里鄉,10014090-005,泰和村,21,17,4,111Y
10014,臺東縣,10014090,太麻里鄉,10014090-006,大王村,23,13,10,111Y
10014,臺東縣,10014090,太麻里鄉,10014090-007,香蘭村,14,8,6,111Y
10014,臺東縣,10014090,太麻里鄉,10014090-008,金崙村,35,25,10,111Y
10014,臺東縣,10014090,太麻里鄉,10014090-009,多良村,15,8,7,111Y
10014,臺東縣,10014100,大武鄉,10014100-001,大竹村,14,8,6,111Y
10014,臺東縣,10014100,大武鄉,10014100-002,大鳥村,17,11,6,111Y
10014,臺東縣,10014100,大武鄉,10014100-003,大武村,22,14,8,111Y
10014,臺東縣,10014100,大武鄉,10014100-004,尚武村,29,14,15,111Y
10014,臺東縣,10014100,大武鄉,10014100-005,南興村,9,6,3,111Y
10014,臺東縣,10014110,綠島鄉,10014110-001,公館村,5,2,3,111Y
10014,臺東縣,10014110,綠島鄉,10014110-002,中寮村,13,7,6,111Y
10014,臺東縣,10014110,綠島鄉,10014110-003,南寮村,10,5,5,111Y
10014,臺東縣,10014120,海端鄉,10014120-001,廣原村,17,13,4,111Y
10014,臺東縣,10014120,海端鄉,10014120-002,霧鹿村,8,4,4,111Y
10014,臺東縣,10014120,海端鄉,10014120-003,利稻村,4,2,2,111Y
10014,臺東縣,10014120,海端鄉,10014120-004,海端村,17,10,7,111Y
10014,臺東縣,10014120,海端鄉,10014120-005,崁頂村,5,2,3,111Y
10014,臺東縣,10014120,海端鄉,10014120-006,加拿村,6,5,1,111Y
10014,臺東縣,10014130,延平鄉,10014130-001,武陵村,13,11,2,111Y
10014,臺東縣,10014130,延平鄉,10014130-002,永康村,5,2,3,111Y
10014,臺東縣,10014130,延平鄉,10014130-003,紅葉村,13,8,5,111Y
10014,臺東縣,10014130,延平鄉,10014130-004,鸞山村,7,2,5,111Y
10014,臺東縣,10014130,延平鄉,10014130-005,桃源村,16,8,8,111Y
10014,臺東縣,10014140,金峰鄉,10014140-001,新興村,10,5,5,111Y
10014,臺東縣,10014140,金峰鄉,10014140-002,正興村,14,8,6,111Y
10014,臺東縣,10014140,金峰鄉,10014140-003,嘉蘭村,12,6,6,111Y
10014,臺東縣,10014140,金峰鄉,10014140-004,賓茂村,5,2,3,111Y
10014,臺東縣,10014140,金峰鄉,10014140-005,歷坵村,8,6,2,111Y
10014,臺東縣,10014150,達仁鄉,10014150-001,台?村,10,5,5,111Y
10014,臺東縣,10014150,達仁鄉,10014150-002,土?村,11,6,5,111Y
10014,臺東縣,10014150,達仁鄉,10014150-003,新化村,6,5,1,111Y
10014,臺東縣,10014150,達仁鄉,10014150-004,安朔村,8,6,2,111Y
10014,臺東縣,10014150,達仁鄉,10014150-005,森永村,5,4,1,111Y
10014,臺東縣,10014150,達仁鄉,10014150-006,南田村,2,2,0,111Y
10014,臺東縣,10014160,蘭嶼鄉,10014160-001,東清村,13,9,4,111Y
10014,臺東縣,10014160,蘭嶼鄉,10014160-002,朗島村,4,1,3,111Y
10014,臺東縣,10014160,蘭嶼鄉,10014160-003,紅頭村,9,5,4,111Y
10014,臺東縣,10014160,蘭嶼鄉,10014160-004,椰油村,12,6,6,111Y
10014,臺東縣,10014010,臺東市,10014010-001,富岡里,38,20,18,112Y
10014,臺東縣,10014010,臺東市,10014010-003,岩灣里,17,8,9,112Y
10014,臺東縣,10014010,臺東市,10014010-004,南王里,33,23,10,112Y
10014,臺東縣,10014010,臺東市,10014010-005,卑南里,25,11,14,112Y
10014,臺東縣,10014010,臺東市,10014010-006,南榮里,44,32,12,112Y
10014,臺東縣,10014010,臺東市,10014010-007,新生里,31,20,11,112Y
10014,臺東縣,10014010,臺東市,10014010-008,民生里,25,15,10,112Y
10014,臺東縣,10014010,臺東市,10014010-009,寶桑里,16,12,4,112Y
10014,臺東縣,10014010,臺東市,10014010-010,馬蘭里,33,22,11,112Y
10014,臺東縣,10014010,臺東市,10014010-011,中心里,36,27,9,112Y
10014,臺東縣,10014010,臺東市,10014010-012,自強里,29,12,17,112Y
10014,臺東縣,10014010,臺東市,10014010-013,民族里,23,10,13,112Y
10014,臺東縣,10014010,臺東市,10014010-015,中華里,34,24,10,112Y
10014,臺東縣,10014010,臺東市,10014010-017,建國里,30,17,13,112Y
10014,臺東縣,10014010,臺東市,10014010-020,中正里,35,16,19,112Y
10014,臺東縣,10014010,臺東市,10014010-022,成功里,37,27,10,112Y
10014,臺東縣,10014010,臺東市,10014010-023,文化里,27,17,10,112Y
10014,臺東縣,10014010,臺東市,10014010-024,中山里,23,16,7,112Y
10014,臺東縣,10014010,臺東市,10014010-029,新園里,33,21,12,112Y
10014,臺東縣,10014010,臺東市,10014010-030,豐田里,21,11,10,112Y
10014,臺東縣,10014010,臺東市,10014010-031,豐年里,39,21,18,112Y
10014,臺東縣,10014010,臺東市,10014010-032,光明里,23,13,10,112Y
10014,臺東縣,10014010,臺東市,10014010-033,豐樂里,21,13,8,112Y
10014,臺東縣,10014010,臺東市,10014010-034,永樂里,19,13,6,112Y
10014,臺東縣,10014010,臺東市,10014010-035,康樂里,18,12,6,112Y
10014,臺東縣,10014010,臺東市,10014010-036,東海里,18,14,4,112Y
10014,臺東縣,10014010,臺東市,10014010-037,新興里,15,11,4,112Y
10014,臺東縣,10014010,臺東市,10014010-038,豐榮里,27,15,12,112Y
10014,臺東縣,10014010,臺東市,10014010-039,豐谷里,43,35,8,112Y
10014,臺東縣,10014010,臺東市,10014010-040,豐里里,29,14,15,112Y
10014,臺東縣,10014010,臺東市,10014010-041,豐原里,17,11,6,112Y
10014,臺東縣,10014010,臺東市,10014010-042,建和里,24,16,8,112Y
10014,臺東縣,10014010,臺東市,10014010-043,建興里,18,9,9,112Y
10014,臺東縣,10014010,臺東市,10014010-045,知本里,35,20,15,112Y
10014,臺東縣,10014010,臺東市,10014010-046,建農里,27,20,7,112Y
10014,臺東縣,10014010,臺東市,10014010-047,仁和里,38,23,15,112Y
10014,臺東縣,10014010,臺東市,10014010-048,豐安里,25,14,11,112Y
10014,臺東縣,10014010,臺東市,10014010-049,豐盛里,34,24,10,112Y
10014,臺東縣,10014020,成功鎮,10014020-001,博愛里,13,7,6,112Y
10014,臺東縣,10014020,成功鎮,10014020-002,忠孝里,18,11,7,112Y
10014,臺東縣,10014020,成功鎮,10014020-003,三仙里,17,12,5,112Y
10014,臺東縣,10014020,成功鎮,10014020-004,三民里,53,31,22,112Y
10014,臺東縣,10014020,成功鎮,10014020-005,忠智里,28,21,7,112Y
10014,臺東縣,10014020,成功鎮,10014020-006,忠仁里,40,26,14,112Y
10014,臺東縣,10014020,成功鎮,10014020-007,和平里,19,9,10,112Y
10014,臺東縣,10014020,成功鎮,10014020-008,信義里,22,9,13,112Y
10014,臺東縣,10014030,關山鎮,10014030-001,德高里,31,19,12,112Y
10014,臺東縣,10014030,關山鎮,10014030-002,豐泉里,10,5,5,112Y
10014,臺東縣,10014030,關山鎮,10014030-003,新福里,15,9,6,112Y
10014,臺東縣,10014030,關山鎮,10014030-004,中福里,10,5,5,112Y
10014,臺東縣,10014030,關山鎮,10014030-005,里?里,27,19,8,112Y
10014,臺東縣,10014030,關山鎮,10014030-006,電光里,14,8,6,112Y
10014,臺東縣,10014030,關山鎮,10014030-007,月眉里,12,6,6,112Y
10014,臺東縣,10014040,卑南鄉,10014040-001,嘉豐村,18,11,7,112Y
10014,臺東縣,10014040,卑南鄉,10014040-002,利吉村,8,4,4,112Y
10014,臺東縣,10014040,卑南鄉,10014040-003,富山村,9,7,2,112Y
10014,臺東縣,10014040,卑南鄉,10014040-004,富源村,8,5,3,112Y
10014,臺東縣,10014040,卑南鄉,10014040-005,明峰村,17,7,10,112Y
10014,臺東縣,10014040,卑南鄉,10014040-006,初鹿村,27,17,10,112Y
10014,臺東縣,10014040,卑南鄉,10014040-007,美農村,17,8,9,112Y
10014,臺東縣,10014040,卑南鄉,10014040-008,賓朗村,40,26,14,112Y
10014,臺東縣,10014040,卑南鄉,10014040-009,泰安村,14,8,6,112Y
10014,臺東縣,10014040,卑南鄉,10014040-010,太平村,60,34,26,112Y
10014,臺東縣,10014040,卑南鄉,10014040-011,利嘉村,22,14,8,112Y
10014,臺東縣,10014040,卑南鄉,10014040-012,東興村,20,16,4,112Y
10014,臺東縣,10014040,卑南鄉,10014040-013,溫泉村,18,10,8,112Y
10014,臺東縣,10014050,鹿野鄉,10014050-001,瑞和村,10,5,5,112Y
10014,臺東縣,10014050,鹿野鄉,10014050-002,瑞豐村,15,11,4,112Y
10014,臺東縣,10014050,鹿野鄉,10014050-003,瑞源村,21,12,9,112Y
10014,臺東縣,10014050,鹿野鄉,10014050-004,永安村,17,9,8,112Y
10014,臺東縣,10014050,鹿野鄉,10014050-005,瑞隆村,16,9,7,112Y
10014,臺東縣,10014050,鹿野鄉,10014050-006,鹿野村,15,8,7,112Y
10014,臺東縣,10014050,鹿野鄉,10014050-007,龍田村,22,14,8,112Y
10014,臺東縣,10014060,池上鄉,10014060-001,福文村,24,14,10,112Y
10014,臺東縣,10014060,池上鄉,10014060-002,慶豐村,13,6,7,112Y
10014,臺東縣,10014060,池上鄉,10014060-003,大坡村,4,2,2,112Y
10014,臺東縣,10014060,池上鄉,10014060-004,大埔村,9,3,6,112Y
10014,臺東縣,10014060,池上鄉,10014060-005,福原村,34,21,13,112Y
10014,臺東縣,10014060,池上鄉,10014060-006,錦園村,8,6,2,112Y
10014,臺東縣,10014060,池上鄉,10014060-007,新興村,14,10,4,112Y
10014,臺東縣,10014060,池上鄉,10014060-008,萬安村,3,1,2,112Y
10014,臺東縣,10014060,池上鄉,10014060-009,富興村,7,6,1,112Y
10014,臺東縣,10014060,池上鄉,10014060-010,振興村,4,3,1,112Y
10014,臺東縣,10014070,東河鄉,10014070-001,北源村,31,21,10,112Y
10014,臺東縣,10014070,東河鄉,10014070-002,泰源村,22,8,14,112Y
10014,臺東縣,10014070,東河鄉,10014070-003,東河村,18,11,7,112Y
10014,臺東縣,10014070,東河鄉,10014070-004,尚德村,1,1,0,112Y
10014,臺東縣,10014070,東河鄉,10014070-005,隆昌村,9,7,2,112Y
10014,臺東縣,10014070,東河鄉,10014070-006,興昌村,19,13,6,112Y
10014,臺東縣,10014070,東河鄉,10014070-007,都蘭村,26,17,9,112Y
10014,臺東縣,10014080,長濱鄉,10014080-001,樟原村,11,9,2,112Y
10014,臺東縣,10014080,長濱鄉,10014080-002,三間村,37,22,15,112Y
10014,臺東縣,10014080,長濱鄉,10014080-003,忠勇村,11,8,3,112Y
10014,臺東縣,10014080,長濱鄉,10014080-004,長濱村,50,32,18,112Y
10014,臺東縣,10014080,長濱鄉,10014080-005,竹湖村,20,12,8,112Y
10014,臺東縣,10014080,長濱鄉,10014080-006,寧埔村,19,12,7,112Y
10014,臺東縣,10014090,太麻里鄉,10014090-001,美和村,17,12,5,112Y
10014,臺東縣,10014090,太麻里鄉,10014090-002,三和村,15,11,4,112Y
10014,臺東縣,10014090,太麻里鄉,10014090-003,華源村,16,8,8,112Y
10014,臺東縣,10014090,太麻里鄉,10014090-004,北里村,4,3,1,112Y
10014,臺東縣,10014090,太麻里鄉,10014090-005,泰和村,20,10,10,112Y
10014,臺東縣,10014090,太麻里鄉,10014090-006,大王村,18,6,12,112Y
10014,臺東縣,10014090,太麻里鄉,10014090-007,香蘭村,5,5,0,112Y
10014,臺東縣,10014090,太麻里鄉,10014090-008,金崙村,25,17,8,112Y
10014,臺東縣,10014090,太麻里鄉,10014090-009,多良村,20,9,11,112Y
10014,臺東縣,10014100,大武鄉,10014100-001,大竹村,15,8,7,112Y
10014,臺東縣,10014100,大武鄉,10014100-002,大鳥村,13,4,9,112Y
10014,臺東縣,10014100,大武鄉,10014100-003,大武村,17,9,8,112Y
10014,臺東縣,10014100,大武鄉,10014100-004,尚武村,16,11,5,112Y
10014,臺東縣,10014100,大武鄉,10014100-005,南興村,6,3,3,112Y
10014,臺東縣,10014110,綠島鄉,10014110-001,公館村,6,4,2,112Y
10014,臺東縣,10014110,綠島鄉,10014110-002,中寮村,16,12,4,112Y
10014,臺東縣,10014110,綠島鄉,10014110-003,南寮村,13,9,4,112Y
10014,臺東縣,10014120,海端鄉,10014120-001,廣原村,10,5,5,112Y
10014,臺東縣,10014120,海端鄉,10014120-002,霧鹿村,7,4,3,112Y
10014,臺東縣,10014120,海端鄉,10014120-003,利稻村,7,3,4,112Y
10014,臺東縣,10014120,海端鄉,10014120-004,海端村,19,11,8,112Y
10014,臺東縣,10014120,海端鄉,10014120-005,崁頂村,3,1,2,112Y
10014,臺東縣,10014120,海端鄉,10014120-006,加拿村,8,7,1,112Y
10014,臺東縣,10014130,延平鄉,10014130-001,武陵村,11,11,0,112Y
10014,臺東縣,10014130,延平鄉,10014130-002,永康村,5,1,4,112Y
10014,臺東縣,10014130,延平鄉,10014130-003,紅葉村,5,5,0,112Y
10014,臺東縣,10014130,延平鄉,10014130-004,鸞山村,10,7,3,112Y
10014,臺東縣,10014130,延平鄉,10014130-005,桃源村,13,6,7,112Y
10014,臺東縣,10014140,金峰鄉,10014140-001,新興村,8,5,3,112Y
10014,臺東縣,10014140,金峰鄉,10014140-002,正興村,7,3,4,112Y
10014,臺東縣,10014140,金峰鄉,10014140-003,嘉蘭村,12,9,3,112Y
10014,臺東縣,10014140,金峰鄉,10014140-004,賓茂村,7,3,4,112Y
10014,臺東縣,10014140,金峰鄉,10014140-005,歷坵村,8,5,3,112Y
10014,臺東縣,10014150,達仁鄉,10014150-001,台?村,9,5,4,112Y
10014,臺東縣,10014150,達仁鄉,10014150-002,土?村,15,10,5,112Y
10014,臺東縣,10014150,達仁鄉,10014150-003,新化村,5,4,1,112Y
10014,臺東縣,10014150,達仁鄉,10014150-004,安朔村,13,9,4,112Y
10014,臺東縣,10014150,達仁鄉,10014150-005,森永村,6,4,2,112Y
10014,臺東縣,10014150,達仁鄉,10014150-006,南田村,2,1,1,112Y
10014,臺東縣,10014160,蘭嶼鄉,10014160-001,東清村,10,6,4,112Y
10014,臺東縣,10014160,蘭嶼鄉,10014160-002,朗島村,7,4,3,112Y
10014,臺東縣,10014160,蘭嶼鄉,10014160-003,紅頭村,16,12,4,112Y
10014,臺東縣,10014160,蘭嶼鄉,10014160-004,椰油村,5,4,1,112Y
10014,臺東縣,10014010,臺東市,10014010-001,富岡里,25,20,5,113Y
10014,臺東縣,10014010,臺東市,10014010-003,岩灣里,19,14,5,113Y
10014,臺東縣,10014010,臺東市,10014010-004,南王里,40,21,19,113Y
10014,臺東縣,10014010,臺東市,10014010-005,卑南里,24,16,8,113Y
10014,臺東縣,10014010,臺東市,10014010-006,南榮里,38,23,15,113Y
10014,臺東縣,10014010,臺東市,10014010-007,新生里,31,19,12,113Y
10014,臺東縣,10014010,臺東市,10014010-008,民生里,35,22,13,113Y
10014,臺東縣,10014010,臺東市,10014010-009,寶桑里,17,7,10,113Y
10014,臺東縣,10014010,臺東市,10014010-010,馬蘭里,20,11,9,113Y
10014,臺東縣,10014010,臺東市,10014010-011,中心里,31,19,12,113Y
10014,臺東縣,10014010,臺東市,10014010-012,自強里,25,17,8,113Y
10014,臺東縣,10014010,臺東市,10014010-013,民族里,30,16,14,113Y
10014,臺東縣,10014010,臺東市,10014010-015,中華里,25,11,14,113Y
10014,臺東縣,10014010,臺東市,10014010-017,建國里,23,13,10,113Y
10014,臺東縣,10014010,臺東市,10014010-020,中正里,33,23,10,113Y
10014,臺東縣,10014010,臺東市,10014010-022,成功里,29,20,9,113Y
10014,臺東縣,10014010,臺東市,10014010-023,文化里,29,17,12,113Y
10014,臺東縣,10014010,臺東市,10014010-024,中山里,31,15,16,113Y
10014,臺東縣,10014010,臺東市,10014010-029,新園里,18,11,7,113Y
10014,臺東縣,10014010,臺東市,10014010-030,豐田里,23,15,8,113Y
10014,臺東縣,10014010,臺東市,10014010-031,豐年里,26,14,12,113Y
10014,臺東縣,10014010,臺東市,10014010-032,光明里,21,13,8,113Y
10014,臺東縣,10014010,臺東市,10014010-033,豐樂里,22,16,6,113Y
10014,臺東縣,10014010,臺東市,10014010-034,永樂里,26,18,8,113Y
10014,臺東縣,10014010,臺東市,10014010-035,康樂里,15,10,5,113Y
10014,臺東縣,10014010,臺東市,10014010-036,東海里,21,12,9,113Y
10014,臺東縣,10014010,臺東市,10014010-037,新興里,17,13,4,113Y
10014,臺東縣,10014010,臺東市,10014010-038,豐榮里,34,15,19,113Y
10014,臺東縣,10014010,臺東市,10014010-039,豐谷里,24,15,9,113Y
10014,臺東縣,10014010,臺東市,10014010-040,豐里里,31,19,12,113Y
10014,臺東縣,10014010,臺東市,10014010-041,豐原里,18,12,6,113Y
10014,臺東縣,10014010,臺東市,10014010-042,建和里,21,11,10,113Y
10014,臺東縣,10014010,臺東市,10014010-043,建興里,14,10,4,113Y
10014,臺東縣,10014010,臺東市,10014010-045,知本里,38,23,15,113Y
10014,臺東縣,10014010,臺東市,10014010-046,建農里,25,18,7,113Y
10014,臺東縣,10014010,臺東市,10014010-047,仁和里,32,14,18,113Y
10014,臺東縣,10014010,臺東市,10014010-048,豐安里,23,17,6,113Y
10014,臺東縣,10014010,臺東市,10014010-049,豐盛里,32,21,11,113Y
10014,臺東縣,10014020,成功鎮,10014020-001,博愛里,19,11,8,113Y
10014,臺東縣,10014020,成功鎮,10014020-002,忠孝里,17,9,8,113Y
10014,臺東縣,10014020,成功鎮,10014020-003,三仙里,25,17,8,113Y
10014,臺東縣,10014020,成功鎮,10014020-004,三民里,31,21,10,113Y
10014,臺東縣,10014020,成功鎮,10014020-005,忠智里,22,12,10,113Y
10014,臺東縣,10014020,成功鎮,10014020-006,忠仁里,29,16,13,113Y
10014,臺東縣,10014020,成功鎮,10014020-007,和平里,8,6,2,113Y
10014,臺東縣,10014020,成功鎮,10014020-008,信義里,39,23,16,113Y
10014,臺東縣,10014030,關山鎮,10014030-001,德高里,28,13,15,113Y
10014,臺東縣,10014030,關山鎮,10014030-002,豐泉里,16,8,8,113Y
10014,臺東縣,10014030,關山鎮,10014030-003,新福里,13,9,4,113Y
10014,臺東縣,10014030,關山鎮,10014030-004,中福里,8,6,2,113Y
10014,臺東縣,10014030,關山鎮,10014030-005,里?里,25,13,12,113Y
10014,臺東縣,10014030,關山鎮,10014030-006,電光里,13,6,7,113Y
10014,臺東縣,10014030,關山鎮,10014030-007,月眉里,10,4,6,113Y
10014,臺東縣,10014040,卑南鄉,10014040-001,嘉豐村,10,5,5,113Y
10014,臺東縣,10014040,卑南鄉,10014040-002,利吉村,12,8,4,113Y
10014,臺東縣,10014040,卑南鄉,10014040-003,富山村,7,1,6,113Y
10014,臺東縣,10014040,卑南鄉,10014040-004,富源村,3,1,2,113Y
10014,臺東縣,10014040,卑南鄉,10014040-005,明峰村,18,12,6,113Y
10014,臺東縣,10014040,卑南鄉,10014040-006,初鹿村,21,13,8,113Y
10014,臺東縣,10014040,卑南鄉,10014040-007,美農村,12,9,3,113Y
10014,臺東縣,10014040,卑南鄉,10014040-008,賓朗村,27,14,13,113Y
10014,臺東縣,10014040,卑南鄉,10014040-009,泰安村,16,10,6,113Y
10014,臺東縣,10014040,卑南鄉,10014040-010,太平村,36,22,14,113Y
10014,臺東縣,10014040,卑南鄉,10014040-011,利嘉村,12,8,4,113Y
10014,臺東縣,10014040,卑南鄉,10014040-012,東興村,22,13,9,113Y
10014,臺東縣,10014040,卑南鄉,10014040-013,溫泉村,15,10,5,113Y
10014,臺東縣,10014050,鹿野鄉,10014050-001,瑞和村,14,9,5,113Y
10014,臺東縣,10014050,鹿野鄉,10014050-002,瑞豐村,13,8,5,113Y
10014,臺東縣,10014050,鹿野鄉,10014050-003,瑞源村,12,5,7,113Y
10014,臺東縣,10014050,鹿野鄉,10014050-004,永安村,23,13,10,113Y
10014,臺東縣,10014050,鹿野鄉,10014050-005,瑞隆村,13,9,4,113Y
10014,臺東縣,10014050,鹿野鄉,10014050-006,鹿野村,25,10,15,113Y
10014,臺東縣,10014050,鹿野鄉,10014050-007,龍田村,13,6,7,113Y
10014,臺東縣,10014060,池上鄉,10014060-001,福文村,26,15,11,113Y
10014,臺東縣,10014060,池上鄉,10014060-002,慶豐村,12,8,4,113Y
10014,臺東縣,10014060,池上鄉,10014060-003,大坡村,7,3,4,113Y
10014,臺東縣,10014060,池上鄉,10014060-004,大埔村,16,11,5,113Y
10014,臺東縣,10014060,池上鄉,10014060-005,福原村,29,12,17,113Y
10014,臺東縣,10014060,池上鄉,10014060-006,錦園村,9,5,4,113Y
10014,臺東縣,10014060,池上鄉,10014060-007,新興村,16,7,9,113Y
10014,臺東縣,10014060,池上鄉,10014060-008,萬安村,6,2,4,113Y
10014,臺東縣,10014060,池上鄉,10014060-009,富興村,4,3,1,113Y
10014,臺東縣,10014060,池上鄉,10014060-010,振興村,10,7,3,113Y
10014,臺東縣,10014070,東河鄉,10014070-001,北源村,35,23,12,113Y
10014,臺東縣,10014070,東河鄉,10014070-002,泰源村,23,10,13,113Y
10014,臺東縣,10014070,東河鄉,10014070-003,東河村,21,15,6,113Y
10014,臺東縣,10014070,東河鄉,10014070-004,尚德村,2,1,1,113Y
10014,臺東縣,10014070,東河鄉,10014070-005,隆昌村,13,11,2,113Y
10014,臺東縣,10014070,東河鄉,10014070-006,興昌村,17,12,5,113Y
10014,臺東縣,10014070,東河鄉,10014070-007,都蘭村,38,23,15,113Y
10014,臺東縣,10014080,長濱鄉,10014080-001,樟原村,13,7,6,113Y
10014,臺東縣,10014080,長濱鄉,10014080-002,三間村,28,18,10,113Y
10014,臺東縣,10014080,長濱鄉,10014080-003,忠勇村,10,6,4,113Y
10014,臺東縣,10014080,長濱鄉,10014080-004,長濱村,36,25,11,113Y
10014,臺東縣,10014080,長濱鄉,10014080-005,竹湖村,18,10,8,113Y
10014,臺東縣,10014080,長濱鄉,10014080-006,寧埔村,19,11,8,113Y
10014,臺東縣,10014090,太麻里鄉,10014090-001,美和村,18,10,8,113Y
10014,臺東縣,10014090,太麻里鄉,10014090-002,三和村,2,2,0,113Y
10014,臺東縣,10014090,太麻里鄉,10014090-003,華源村,10,4,6,113Y
10014,臺東縣,10014090,太麻里鄉,10014090-004,北里村,11,5,6,113Y
10014,臺東縣,10014090,太麻里鄉,10014090-005,泰和村,13,7,6,113Y
10014,臺東縣,10014090,太麻里鄉,10014090-006,大王村,30,18,12,113Y
10014,臺東縣,10014090,太麻里鄉,10014090-007,香蘭村,22,10,12,113Y
10014,臺東縣,10014090,太麻里鄉,10014090-008,金崙村,30,16,14,113Y
10014,臺東縣,10014090,太麻里鄉,10014090-009,多良村,14,7,7,113Y
10014,臺東縣,10014100,大武鄉,10014100-001,大竹村,8,3,5,113Y
10014,臺東縣,10014100,大武鄉,10014100-002,大鳥村,24,14,10,113Y
10014,臺東縣,10014100,大武鄉,10014100-003,大武村,19,13,6,113Y
10014,臺東縣,10014100,大武鄉,10014100-004,尚武村,24,11,13,113Y
10014,臺東縣,10014100,大武鄉,10014100-005,南興村,8,5,3,113Y
10014,臺東縣,10014110,綠島鄉,10014110-001,公館村,7,6,1,113Y
10014,臺東縣,10014110,綠島鄉,10014110-002,中寮村,11,8,3,113Y
10014,臺東縣,10014110,綠島鄉,10014110-003,南寮村,15,9,6,113Y
10014,臺東縣,10014120,海端鄉,10014120-001,廣原村,12,6,6,113Y
10014,臺東縣,10014120,海端鄉,10014120-002,霧鹿村,5,4,1,113Y
10014,臺東縣,10014120,海端鄉,10014120-003,利稻村,2,2,0,113Y
10014,臺東縣,10014120,海端鄉,10014120-004,海端村,17,13,4,113Y
10014,臺東縣,10014120,海端鄉,10014120-005,崁頂村,9,5,4,113Y
10014,臺東縣,10014120,海端鄉,10014120-006,加拿村,5,3,2,113Y
10014,臺東縣,10014130,延平鄉,10014130-001,武陵村,11,7,4,113Y
10014,臺東縣,10014130,延平鄉,10014130-002,永康村,3,3,0,113Y
10014,臺東縣,10014130,延平鄉,10014130-003,紅葉村,10,8,2,113Y
10014,臺東縣,10014130,延平鄉,10014130-004,鸞山村,17,8,9,113Y
10014,臺東縣,10014130,延平鄉,10014130-005,桃源村,17,8,9,113Y
10014,臺東縣,10014140,金峰鄉,10014140-001,新興村,6,3,3,113Y
10014,臺東縣,10014140,金峰鄉,10014140-002,正興村,9,6,3,113Y
10014,臺東縣,10014140,金峰鄉,10014140-003,嘉蘭村,23,19,4,113Y
10014,臺東縣,10014140,金峰鄉,10014140-004,賓茂村,3,1,2,113Y
10014,臺東縣,10014140,金峰鄉,10014140-005,歷坵村,6,4,2,113Y
10014,臺東縣,10014150,達仁鄉,10014150-001,台?村,11,6,5,113Y
10014,臺東縣,10014150,達仁鄉,10014150-002,土?村,11,10,1,113Y
10014,臺東縣,10014150,達仁鄉,10014150-003,新化村,7,7,0,113Y
10014,臺東縣,10014150,達仁鄉,10014150-004,安朔村,6,5,1,113Y
10014,臺東縣,10014150,達仁鄉,10014150-005,森永村,6,2,4,113Y
10014,臺東縣,10014150,達仁鄉,10014150-006,南田村,1,1,0,113Y
10014,臺東縣,10014160,蘭嶼鄉,10014160-001,東清村,15,10,5,113Y
10014,臺東縣,10014160,蘭嶼鄉,10014160-002,朗島村,7,4,3,113Y
10014,臺東縣,10014160,蘭嶼鄉,10014160-003,紅頭村,12,8,4,113Y
10014,臺東縣,10014160,蘭嶼鄉,10014160-004,椰油村,9,6,3,113Y
