COUNTY_ID,COUNTY,TOWN_ID,TOWN,V_ID,VILLAGE,BORN_CNT,BORN_M_CNT,BORN_F_CNT,MARRY_B_CNT,CLAIM_B_CNT,NO_CLAIM_B_CNT,ABANDONED_B_CNT,TAIWAN_B_CNT,NON_TAIWAN_B_CNT,INFO_TIME
縣市代碼,縣市名稱,鄉鎮市區代碼,鄉鎮市區名稱,村里代碼,村里名稱,出生數,出生登記男嬰人口數,出生登記女嬰人口數,婚生人數,非婚生已認領人數,非婚生未認領人數,棄嬰或無依兒童人數,本國籍生母之嬰兒出生數,非本國籍生母之嬰兒出生數,資料時間
10014,臺東縣,10014100,大武鄉,10014100-001,大竹村,8,4,4,5,2,1,0,8,0,104Y
10014,臺東縣,10014100,大武鄉,10014100-003,大武村,14,6,8,12,0,2,0,14,0,104Y
10014,臺東縣,10014100,大武鄉,10014100-002,大鳥村,7,2,5,3,1,3,0,7,0,104Y
10014,臺東縣,10014100,大武鄉,10014100-004,尚武村,14,6,8,13,0,1,0,12,2,104Y
10014,臺東縣,10014100,大武鄉,10014100-005,南興村,3,2,1,1,0,2,0,3,0,104Y
10014,臺東縣,10014090,太麻里鄉,10014090-002,三和村,5,3,2,5,0,0,0,4,1,104Y
10014,臺東縣,10014090,太麻里鄉,10014090-006,大王村,12,7,5,11,0,1,0,12,0,104Y
10014,臺東縣,10014090,太麻里鄉,10014090-004,北里村,6,1,5,2,1,3,0,5,1,104Y
10014,臺東縣,10014090,太麻里鄉,10014090-009,多良村,8,5,3,4,0,4,0,8,0,104Y
10014,臺東縣,10014090,太麻里鄉,10014090-008,金崙村,15,11,4,11,0,4,0,15,0,104Y
10014,臺東縣,10014090,太麻里鄉,10014090-001,美和村,11,7,4,8,0,3,0,10,1,104Y
10014,臺東縣,10014090,太麻里鄉,10014090-007,香蘭村,5,2,3,5,0,0,0,5,0,104Y
10014,臺東縣,10014090,太麻里鄉,10014090-005,泰和村,9,5,4,7,0,2,0,9,0,104Y
10014,臺東縣,10014090,太麻里鄉,10014090-003,華源村,4,0,4,4,0,0,0,4,0,104Y
10014,臺東縣,10014020,成功鎮,10014020-003,三仙里,13,5,8,11,2,0,0,13,0,104Y
10014,臺東縣,10014020,成功鎮,10014020-004,三民里,20,8,12,17,0,3,0,17,3,104Y
10014,臺東縣,10014020,成功鎮,10014020-007,和平里,3,2,1,3,0,0,0,2,1,104Y
10014,臺東縣,10014020,成功鎮,10014020-006,忠仁里,12,5,7,10,1,1,0,10,2,104Y
10014,臺東縣,10014020,成功鎮,10014020-002,忠孝里,6,2,4,3,0,3,0,5,1,104Y
10014,臺東縣,10014020,成功鎮,10014020-005,忠智里,8,6,2,8,0,0,0,8,0,104Y
10014,臺東縣,10014020,成功鎮,10014020-008,信義里,10,3,7,10,0,0,0,10,0,104Y
10014,臺東縣,10014020,成功鎮,10014020-001,博愛里,1,0,1,1,0,0,0,0,1,104Y
10014,臺東縣,10014060,池上鄉,10014060-003,大坡村,3,2,1,3,0,0,0,3,0,104Y
10014,臺東縣,10014060,池上鄉,10014060-004,大埔村,9,5,4,8,1,0,0,6,3,104Y
10014,臺東縣,10014060,池上鄉,10014060-010,振興村,3,3,0,3,0,0,0,3,0,104Y
10014,臺東縣,10014060,池上鄉,10014060-009,富興村,3,2,1,2,0,1,0,3,0,104Y
10014,臺東縣,10014060,池上鄉,10014060-007,新興村,9,3,6,7,0,2,0,9,0,104Y
10014,臺東縣,10014060,池上鄉,10014060-008,萬安村,3,2,1,3,0,0,0,1,2,104Y
10014,臺東縣,10014060,池上鄉,10014060-001,福文村,5,2,3,5,0,0,0,3,2,104Y
10014,臺東縣,10014060,池上鄉,10014060-005,福原村,14,4,10,13,1,0,0,14,0,104Y
10014,臺東縣,10014060,池上鄉,10014060-002,慶豐村,2,2,0,2,0,0,0,2,0,104Y
10014,臺東縣,10014060,池上鄉,10014060-006,錦園村,4,1,3,3,1,0,0,4,0,104Y
10014,臺東縣,10014040,卑南鄉,10014040-010,太平村,21,14,7,19,0,2,0,20,1,104Y
10014,臺東縣,10014040,卑南鄉,10014040-002,利吉村,3,2,1,3,0,0,0,3,0,104Y
10014,臺東縣,10014040,卑南鄉,10014040-011,利嘉村,8,5,3,6,0,2,0,8,0,104Y
10014,臺東縣,10014040,卑南鄉,10014040-005,明峰村,12,9,3,12,0,0,0,12,0,104Y
10014,臺東縣,10014040,卑南鄉,10014040-012,東興村,12,6,6,10,0,2,0,12,0,104Y
10014,臺東縣,10014040,卑南鄉,10014040-006,初鹿村,9,1,8,8,0,1,0,9,0,104Y
10014,臺東縣,10014040,卑南鄉,10014040-007,美農村,6,1,5,3,0,3,0,6,0,104Y
10014,臺東縣,10014040,卑南鄉,10014040-009,泰安村,14,7,7,12,0,2,0,14,0,104Y
10014,臺東縣,10014040,卑南鄉,10014040-003,富山村,2,0,2,2,0,0,0,2,0,104Y
10014,臺東縣,10014040,卑南鄉,10014040-004,富源村,2,1,1,2,0,0,0,2,0,104Y
10014,臺東縣,10014040,卑南鄉,10014040-013,溫泉村,8,6,2,8,0,0,0,5,3,104Y
10014,臺東縣,10014040,卑南鄉,10014040-001,嘉豐村,5,3,2,4,1,0,0,5,0,104Y
10014,臺東縣,10014040,卑南鄉,10014040-008,賓朗村,15,9,6,15,0,0,0,15,0,104Y
10014,臺東縣,10014130,延平鄉,10014130-002,永康村,6,2,4,4,0,2,0,6,0,104Y
10014,臺東縣,10014130,延平鄉,10014130-001,武陵村,16,8,8,14,0,2,0,16,0,104Y
10014,臺東縣,10014130,延平鄉,10014130-003,紅葉村,8,3,5,6,0,2,0,8,0,104Y
10014,臺東縣,10014130,延平鄉,10014130-005,桃源村,17,8,9,16,0,1,0,17,0,104Y
10014,臺東縣,10014130,延平鄉,10014130-004,鸞山村,14,4,10,12,2,0,0,13,1,104Y
10014,臺東縣,10014070,東河鄉,10014070-001,北源村,8,1,7,6,0,2,0,8,0,104Y
10014,臺東縣,10014070,東河鄉,10014070-003,東河村,8,5,3,6,1,1,0,8,0,104Y
10014,臺東縣,10014070,東河鄉,10014070-002,泰源村,7,5,2,6,0,1,0,7,0,104Y
10014,臺東縣,10014070,東河鄉,10014070-007,都蘭村,28,14,14,26,1,1,0,26,2,104Y
10014,臺東縣,10014070,東河鄉,10014070-005,隆昌村,1,1,0,1,0,0,0,1,0,104Y
10014,臺東縣,10014070,東河鄉,10014070-006,興昌村,2,1,1,2,0,0,0,2,0,104Y
10014,臺東縣,10014140,金峰鄉,10014140-002,正興村,7,4,3,6,0,1,0,7,0,104Y
10014,臺東縣,10014140,金峰鄉,10014140-001,新興村,13,5,8,11,1,1,0,13,0,104Y
10014,臺東縣,10014140,金峰鄉,10014140-003,嘉蘭村,12,7,5,8,0,4,0,12,0,104Y
10014,臺東縣,10014140,金峰鄉,10014140-004,賓茂村,7,5,2,6,0,1,0,7,0,104Y
10014,臺東縣,10014140,金峰鄉,10014140-005,歷坵村,4,2,2,4,0,0,0,4,0,104Y
10014,臺東縣,10014080,長濱鄉,10014080-002,三間村,6,4,2,5,0,1,0,6,0,104Y
10014,臺東縣,10014080,長濱鄉,10014080-005,竹湖村,10,3,7,9,0,1,0,8,2,104Y
10014,臺東縣,10014080,長濱鄉,10014080-003,忠勇村,3,0,3,3,0,0,0,3,0,104Y
10014,臺東縣,10014080,長濱鄉,10014080-004,長濱村,6,5,1,6,0,0,0,5,1,104Y
10014,臺東縣,10014080,長濱鄉,10014080-006,寧埔村,7,4,3,5,1,1,0,7,0,104Y
10014,臺東縣,10014080,長濱鄉,10014080-001,樟原村,1,0,1,0,0,1,0,1,0,104Y
10014,臺東縣,10014120,海端鄉,10014120-006,加拿村,6,2,4,4,0,2,0,6,0,104Y
10014,臺東縣,10014120,海端鄉,10014120-003,利稻村,6,2,4,6,0,0,0,6,0,104Y
10014,臺東縣,10014120,海端鄉,10014120-005,崁頂村,4,4,0,4,0,0,0,4,0,104Y
10014,臺東縣,10014120,海端鄉,10014120-004,海端村,10,3,7,7,1,2,0,10,0,104Y
10014,臺東縣,10014120,海端鄉,10014120-001,廣原村,13,6,7,13,0,0,0,13,0,104Y
10014,臺東縣,10014120,海端鄉,10014120-002,霧鹿村,9,4,5,7,1,1,0,9,0,104Y
10014,臺東縣,10014050,鹿野鄉,10014050-004,永安村,11,4,7,10,0,1,0,10,1,104Y
10014,臺東縣,10014050,鹿野鄉,10014050-006,鹿野村,7,5,2,7,0,0,0,7,0,104Y
10014,臺東縣,10014050,鹿野鄉,10014050-001,瑞和村,7,0,7,3,0,4,0,7,0,104Y
10014,臺東縣,10014050,鹿野鄉,10014050-005,瑞隆村,1,0,1,1,0,0,0,1,0,104Y
10014,臺東縣,10014050,鹿野鄉,10014050-003,瑞源村,12,7,5,8,0,4,0,12,0,104Y
10014,臺東縣,10014050,鹿野鄉,10014050-002,瑞豐村,2,1,1,2,0,0,0,0,2,104Y
10014,臺東縣,10014050,鹿野鄉,10014050-007,龍田村,4,1,3,4,0,0,0,2,2,104Y
10014,臺東縣,10014150,達仁鄉,10014150-002,土村,7,4,3,4,0,3,0,7,0,104Y
10014,臺東縣,10014150,達仁鄉,10014150-001,台村,10,5,5,9,0,1,0,10,0,104Y
10014,臺東縣,10014150,達仁鄉,10014150-004,安朔村,3,3,0,3,0,0,0,3,0,104Y
10014,臺東縣,10014150,達仁鄉,10014150-005,森永村,3,1,2,2,0,1,0,3,0,104Y
10014,臺東縣,10014150,達仁鄉,10014150-003,新化村,5,3,2,4,0,1,0,5,0,104Y
10014,臺東縣,10014110,綠島鄉,10014110-002,中寮村,13,3,10,12,1,0,0,13,0,104Y
10014,臺東縣,10014110,綠島鄉,10014110-001,公館村,12,9,3,12,0,0,0,12,0,104Y
10014,臺東縣,10014110,綠島鄉,10014110-003,南寮村,11,7,4,11,0,0,0,11,0,104Y
10014,臺東縣,10014010,臺東市,10014010-021,大同里,5,2,3,4,1,0,0,4,1,104Y
10014,臺東縣,10014010,臺東市,10014010-024,中山里,9,7,2,9,0,0,0,9,0,104Y
10014,臺東縣,10014010,臺東市,10014010-011,中心里,26,13,13,24,0,2,0,24,2,104Y
10014,臺東縣,10014010,臺東市,10014010-020,中正里,5,3,2,5,0,0,0,5,0,104Y
10014,臺東縣,10014010,臺東市,10014010-015,中華里,14,7,7,12,0,2,0,13,1,104Y
10014,臺東縣,10014010,臺東市,10014010-019,仁愛里,3,1,2,3,0,0,0,3,0,104Y
10014,臺東縣,10014010,臺東市,10014010-023,文化里,13,9,4,13,0,0,0,13,0,104Y
10014,臺東縣,10014010,臺東市,10014010-014,四維里,3,2,1,2,0,1,0,2,1,104Y
10014,臺東縣,10014010,臺東市,10014010-008,民生里,21,9,12,21,0,0,0,21,0,104Y
10014,臺東縣,10014010,臺東市,10014010-013,民族里,28,15,13,26,1,1,0,28,0,104Y
10014,臺東縣,10014010,臺東市,10014010-018,民權里,20,9,11,17,0,3,0,20,0,104Y
10014,臺東縣,10014010,臺東市,10014010-034,永樂里,18,13,5,17,0,1,0,18,0,104Y
10014,臺東縣,10014010,臺東市,10014010-032,光明里,25,9,16,24,0,1,0,25,0,104Y
10014,臺東縣,10014010,臺東市,10014010-022,成功里,7,4,3,7,0,0,0,6,1,104Y
10014,臺東縣,10014010,臺東市,10014010-012,自強里,46,20,26,42,2,2,0,45,1,104Y
10014,臺東縣,10014010,臺東市,10014010-005,卑南里,19,10,9,19,0,0,0,17,2,104Y
10014,臺東縣,10014010,臺東市,10014010-003,岩灣里,15,9,6,15,0,0,0,15,0,104Y
10014,臺東縣,10014010,臺東市,10014010-036,東海里,41,15,26,41,0,0,0,40,1,104Y
10014,臺東縣,10014010,臺東市,10014010-045,知本里,12,8,4,12,0,0,0,11,1,104Y
10014,臺東縣,10014010,臺東市,10014010-004,南王里,14,8,6,14,0,0,0,14,0,104Y
10014,臺東縣,10014010,臺東市,10014010-006,南榮里,29,14,15,23,1,5,0,27,2,104Y
10014,臺東縣,10014010,臺東市,10014010-042,建和里,9,5,4,7,1,1,0,9,0,104Y
10014,臺東縣,10014010,臺東市,10014010-017,建國里,9,8,1,9,0,0,0,8,1,104Y
10014,臺東縣,10014010,臺東市,10014010-044,建業里,10,4,6,9,0,1,0,10,0,104Y
10014,臺東縣,10014010,臺東市,10014010-046,建農里,26,13,13,24,1,1,0,25,1,104Y
10014,臺東縣,10014010,臺東市,10014010-043,建興里,5,1,4,4,0,1,0,5,0,104Y
10014,臺東縣,10014010,臺東市,10014010-010,馬蘭里,26,12,14,26,0,0,0,25,1,104Y
10014,臺東縣,10014010,臺東市,10014010-035,康樂里,14,8,6,14,0,0,0,11,3,104Y
10014,臺東縣,10014010,臺東市,10014010-016,強國里,5,4,1,5,0,0,0,5,0,104Y
10014,臺東縣,10014010,臺東市,10014010-001,富岡里,9,4,5,9,0,0,0,8,1,104Y
10014,臺東縣,10014010,臺東市,10014010-002,富豐里,11,3,8,8,0,3,0,10,1,104Y
10014,臺東縣,10014010,臺東市,10014010-025,復國里,4,1,3,4,0,0,0,3,1,104Y
10014,臺東縣,10014010,臺東市,10014010-027,復興里,5,2,3,5,0,0,0,5,0,104Y
10014,臺東縣,10014010,臺東市,10014010-007,新生里,59,28,31,49,3,7,0,59,0,104Y
10014,臺東縣,10014010,臺東市,10014010-029,新園里,20,10,10,18,0,2,0,19,1,104Y
10014,臺東縣,10014010,臺東市,10014010-037,新興里,5,3,2,5,0,0,0,4,1,104Y
10014,臺東縣,10014010,臺東市,10014010-026,興國里,17,10,7,17,0,0,0,17,0,104Y
10014,臺東縣,10014010,臺東市,10014010-030,豐田里,14,4,10,13,0,1,0,12,2,104Y
10014,臺東縣,10014010,臺東市,10014010-031,豐年里,28,15,13,24,1,3,0,26,2,104Y
10014,臺東縣,10014010,臺東市,10014010-039,豐谷里,39,12,27,34,0,5,0,38,1,104Y
10014,臺東縣,10014010,臺東市,10014010-040,豐里里,18,9,9,16,0,2,0,18,0,104Y
10014,臺東縣,10014010,臺東市,10014010-041,豐原里,5,2,3,4,0,1,0,5,0,104Y
10014,臺東縣,10014010,臺東市,10014010-038,豐榮里,58,31,27,54,0,4,0,56,2,104Y
10014,臺東縣,10014010,臺東市,10014010-033,豐樂里,13,5,8,10,0,3,0,12,1,104Y
10014,臺東縣,10014010,臺東市,10014010-009,寶桑里,4,0,4,4,0,0,0,4,0,104Y
10014,臺東縣,10014010,臺東市,10014010-028,鐵花里,2,1,1,1,0,1,0,2,0,104Y
10014,臺東縣,10014030,關山鎮,10014030-004,中福里,5,2,3,5,0,0,0,5,0,104Y
10014,臺東縣,10014030,關山鎮,10014030-007,月眉里,5,4,1,5,0,0,0,5,0,104Y
10014,臺東縣,10014030,關山鎮,10014030-005,里里,7,5,2,6,1,0,0,6,1,104Y
10014,臺東縣,10014030,關山鎮,10014030-003,新福里,10,3,7,8,0,2,0,10,0,104Y
10014,臺東縣,10014030,關山鎮,10014030-006,電光里,6,3,3,5,0,1,0,6,0,104Y
10014,臺東縣,10014030,關山鎮,10014030-001,德高里,12,7,5,10,0,2,0,10,2,104Y
10014,臺東縣,10014030,關山鎮,10014030-002,豐泉里,5,3,2,4,0,1,0,5,0,104Y
10014,臺東縣,10014160,蘭嶼鄉,10014160-001,東清村,19,11,8,18,1,0,0,19,0,104Y
10014,臺東縣,10014160,蘭嶼鄉,10014160-003,紅頭村,13,5,8,10,0,3,0,13,0,104Y
10014,臺東縣,10014160,蘭嶼鄉,10014160-002,朗島村,7,4,3,7,0,0,0,7,0,104Y
10014,臺東縣,10014160,蘭嶼鄉,10014160-004,椰油村,15,5,10,15,0,0,0,15,0,104Y
10014,臺東縣,10014100,大武鄉,10014100-001,大竹村,3,1,2,2,0,1,0,3,0,105Y
10014,臺東縣,10014100,大武鄉,10014100-003,大武村,3,0,3,2,0,1,0,3,0,105Y
10014,臺東縣,10014100,大武鄉,10014100-002,大鳥村,9,7,2,5,0,4,0,9,0,105Y
10014,臺東縣,10014100,大武鄉,10014100-004,尚武村,9,4,5,6,0,3,0,9,0,105Y
10014,臺東縣,10014100,大武鄉,10014100-005,南興村,3,1,2,3,0,0,0,3,0,105Y
10014,臺東縣,10014090,太麻里鄉,10014090-002,三和村,3,1,2,2,1,0,0,3,0,105Y
10014,臺東縣,10014090,太麻里鄉,10014090-006,大王村,19,8,11,14,1,4,0,18,1,105Y
10014,臺東縣,10014090,太麻里鄉,10014090-004,北里村,3,3,0,3,0,0,0,2,1,105Y
10014,臺東縣,10014090,太麻里鄉,10014090-009,多良村,10,8,2,9,0,1,0,10,0,105Y
10014,臺東縣,10014090,太麻里鄉,10014090-008,金崙村,18,12,6,12,1,5,0,17,1,105Y
10014,臺東縣,10014090,太麻里鄉,10014090-001,美和村,11,6,5,10,0,1,0,11,0,105Y
10014,臺東縣,10014090,太麻里鄉,10014090-007,香蘭村,5,2,3,4,0,1,0,5,0,105Y
10014,臺東縣,10014090,太麻里鄉,10014090-005,泰和村,13,8,5,11,0,2,0,12,1,105Y
10014,臺東縣,10014090,太麻里鄉,10014090-003,華源村,4,2,2,4,0,0,0,3,1,105Y
10014,臺東縣,10014020,成功鎮,10014020-003,三仙里,9,5,4,7,0,2,0,9,0,105Y
10014,臺東縣,10014020,成功鎮,10014020-004,三民里,8,5,3,8,0,0,0,8,0,105Y
10014,臺東縣,10014020,成功鎮,10014020-007,和平里,3,3,0,3,0,0,0,2,1,105Y
10014,臺東縣,10014020,成功鎮,10014020-006,忠仁里,19,13,6,18,1,0,0,17,2,105Y
10014,臺東縣,10014020,成功鎮,10014020-002,忠孝里,7,0,7,5,1,1,0,7,0,105Y
10014,臺東縣,10014020,成功鎮,10014020-005,忠智里,8,6,2,8,0,0,0,8,0,105Y
10014,臺東縣,10014020,成功鎮,10014020-008,信義里,10,5,5,9,0,1,0,9,1,105Y
10014,臺東縣,10014020,成功鎮,10014020-001,博愛里,3,2,1,3,0,0,0,3,0,105Y
10014,臺東縣,10014060,池上鄉,10014060-003,大坡村,1,1,0,1,0,0,0,1,0,105Y
10014,臺東縣,10014060,池上鄉,10014060-004,大埔村,2,1,1,2,0,0,0,2,0,105Y
10014,臺東縣,10014060,池上鄉,10014060-010,振興村,3,1,2,3,0,0,0,3,0,105Y
10014,臺東縣,10014060,池上鄉,10014060-009,富興村,1,0,1,1,0,0,0,1,0,105Y
10014,臺東縣,10014060,池上鄉,10014060-007,新興村,3,1,2,1,1,1,0,3,0,105Y
10014,臺東縣,10014060,池上鄉,10014060-001,福文村,8,5,3,4,1,3,0,8,0,105Y
10014,臺東縣,10014060,池上鄉,10014060-005,福原村,13,8,5,11,2,0,0,12,1,105Y
10014,臺東縣,10014060,池上鄉,10014060-002,慶豐村,2,2,0,2,0,0,0,1,1,105Y
10014,臺東縣,10014060,池上鄉,10014060-006,錦園村,1,1,0,1,0,0,0,1,0,105Y
10014,臺東縣,10014040,卑南鄉,10014040-010,太平村,28,14,14,26,0,2,0,26,2,105Y
10014,臺東縣,10014040,卑南鄉,10014040-002,利吉村,3,2,1,3,0,0,0,2,1,105Y
10014,臺東縣,10014040,卑南鄉,10014040-011,利嘉村,12,6,6,12,0,0,0,11,1,105Y
10014,臺東縣,10014040,卑南鄉,10014040-005,明峰村,10,3,7,9,0,1,0,9,1,105Y
10014,臺東縣,10014040,卑南鄉,10014040-012,東興村,15,10,5,11,1,3,0,15,0,105Y
10014,臺東縣,10014040,卑南鄉,10014040-006,初鹿村,10,6,4,7,0,3,0,10,0,105Y
10014,臺東縣,10014040,卑南鄉,10014040-007,美農村,10,3,7,8,0,2,0,9,1,105Y
10014,臺東縣,10014040,卑南鄉,10014040-009,泰安村,14,8,6,12,1,1,0,12,2,105Y
10014,臺東縣,10014040,卑南鄉,10014040-003,富山村,4,3,1,3,1,0,0,4,0,105Y
10014,臺東縣,10014040,卑南鄉,10014040-004,富源村,1,0,1,1,0,0,0,1,0,105Y
10014,臺東縣,10014040,卑南鄉,10014040-013,溫泉村,9,4,5,8,0,1,0,9,0,105Y
10014,臺東縣,10014040,卑南鄉,10014040-001,嘉豐村,1,1,0,1,0,0,0,1,0,105Y
10014,臺東縣,10014040,卑南鄉,10014040-008,賓朗村,22,9,13,18,2,2,0,22,0,105Y
10014,臺東縣,10014130,延平鄉,10014130-002,永康村,5,1,4,4,0,1,0,5,0,105Y
10014,臺東縣,10014130,延平鄉,10014130-001,武陵村,8,3,5,8,0,0,0,8,0,105Y
10014,臺東縣,10014130,延平鄉,10014130-003,紅葉村,6,2,4,6,0,0,0,5,1,105Y
10014,臺東縣,10014130,延平鄉,10014130-005,桃源村,19,11,8,18,1,0,0,18,1,105Y
10014,臺東縣,10014130,延平鄉,10014130-004,鸞山村,7,3,4,5,1,1,0,7,0,105Y
10014,臺東縣,10014070,東河鄉,10014070-001,北源村,5,5,0,5,0,0,0,3,2,105Y
10014,臺東縣,10014070,東河鄉,10014070-004,尚德村,4,2,2,4,0,0,0,4,0,105Y
10014,臺東縣,10014070,東河鄉,10014070-003,東河村,2,1,1,2,0,0,0,2,0,105Y
10014,臺東縣,10014070,東河鄉,10014070-002,泰源村,6,1,5,6,0,0,0,6,0,105Y
10014,臺東縣,10014070,東河鄉,10014070-007,都蘭村,9,6,3,9,0,0,0,9,0,105Y
10014,臺東縣,10014070,東河鄉,10014070-005,隆昌村,1,1,0,1,0,0,0,1,0,105Y
10014,臺東縣,10014070,東河鄉,10014070-006,興昌村,2,1,1,2,0,0,0,2,0,105Y
10014,臺東縣,10014140,金峰鄉,10014140-002,正興村,5,2,3,5,0,0,0,5,0,105Y
10014,臺東縣,10014140,金峰鄉,10014140-001,新興村,9,1,8,8,0,1,0,9,0,105Y
10014,臺東縣,10014140,金峰鄉,10014140-003,嘉蘭村,21,11,10,17,0,4,0,20,1,105Y
10014,臺東縣,10014140,金峰鄉,10014140-004,賓茂村,4,3,1,4,0,0,0,4,0,105Y
10014,臺東縣,10014140,金峰鄉,10014140-005,歷坵村,4,1,3,4,0,0,0,4,0,105Y
10014,臺東縣,10014080,長濱鄉,10014080-002,三間村,7,4,3,4,1,2,0,6,1,105Y
10014,臺東縣,10014080,長濱鄉,10014080-005,竹湖村,2,0,2,1,0,1,0,2,0,105Y
10014,臺東縣,10014080,長濱鄉,10014080-003,忠勇村,4,1,3,3,0,1,0,3,1,105Y
10014,臺東縣,10014080,長濱鄉,10014080-004,長濱村,13,8,5,11,0,2,0,12,1,105Y
10014,臺東縣,10014080,長濱鄉,10014080-006,寧埔村,8,4,4,7,0,1,0,7,1,105Y
10014,臺東縣,10014080,長濱鄉,10014080-001,樟原村,5,2,3,5,0,0,0,5,0,105Y
10014,臺東縣,10014120,海端鄉,10014120-006,加拿村,8,6,2,7,0,1,0,8,0,105Y
10014,臺東縣,10014120,海端鄉,10014120-003,利稻村,6,4,2,6,0,0,0,6,0,105Y
10014,臺東縣,10014120,海端鄉,10014120-005,崁頂村,11,5,6,11,0,0,0,11,0,105Y
10014,臺東縣,10014120,海端鄉,10014120-004,海端村,19,11,8,18,0,1,0,19,0,105Y
10014,臺東縣,10014120,海端鄉,10014120-001,廣原村,10,4,6,8,1,1,0,10,0,105Y
10014,臺東縣,10014120,海端鄉,10014120-002,霧鹿村,3,1,2,2,0,1,0,2,1,105Y
10014,臺東縣,10014050,鹿野鄉,10014050-004,永安村,12,6,6,11,0,1,0,10,2,105Y
10014,臺東縣,10014050,鹿野鄉,10014050-006,鹿野村,7,3,4,4,0,3,0,7,0,105Y
10014,臺東縣,10014050,鹿野鄉,10014050-001,瑞和村,4,1,3,4,0,0,0,4,0,105Y
10014,臺東縣,10014050,鹿野鄉,10014050-005,瑞隆村,2,2,0,2,0,0,0,2,0,105Y
10014,臺東縣,10014050,鹿野鄉,10014050-003,瑞源村,7,5,2,5,1,1,0,7,0,105Y
10014,臺東縣,10014050,鹿野鄉,10014050-002,瑞豐村,3,1,2,3,0,0,0,3,0,105Y
10014,臺東縣,10014050,鹿野鄉,10014050-007,龍田村,5,2,3,4,1,0,0,5,0,105Y
10014,臺東縣,10014150,達仁鄉,10014150-002,土村,9,4,5,9,0,0,0,9,0,105Y
10014,臺東縣,10014150,達仁鄉,10014150-001,台村,7,2,5,7,0,0,0,7,0,105Y
10014,臺東縣,10014150,達仁鄉,10014150-004,安朔村,8,4,4,8,0,0,0,8,0,105Y
10014,臺東縣,10014150,達仁鄉,10014150-006,南田村,3,1,2,3,0,0,0,3,0,105Y
10014,臺東縣,10014150,達仁鄉,10014150-005,森永村,4,2,2,3,0,1,0,4,0,105Y
10014,臺東縣,10014150,達仁鄉,10014150-003,新化村,3,1,2,3,0,0,0,3,0,105Y
10014,臺東縣,10014110,綠島鄉,10014110-002,中寮村,22,13,9,21,0,1,0,20,2,105Y
10014,臺東縣,10014110,綠島鄉,10014110-001,公館村,10,6,4,9,0,1,0,9,1,105Y
10014,臺東縣,10014110,綠島鄉,10014110-003,南寮村,16,8,8,16,0,0,0,16,0,105Y
10014,臺東縣,10014010,臺東市,10014010-021,大同里,6,3,3,6,0,0,0,6,0,105Y
10014,臺東縣,10014010,臺東市,10014010-024,中山里,15,9,6,15,0,0,0,14,1,105Y
10014,臺東縣,10014010,臺東市,10014010-011,中心里,35,20,15,34,0,1,0,35,0,105Y
10014,臺東縣,10014010,臺東市,10014010-020,中正里,3,3,0,2,0,1,0,3,0,105Y
10014,臺東縣,10014010,臺東市,10014010-015,中華里,11,6,5,11,0,0,0,11,0,105Y
10014,臺東縣,10014010,臺東市,10014010-019,仁愛里,7,5,2,5,0,2,0,7,0,105Y
10014,臺東縣,10014010,臺東市,10014010-023,文化里,7,4,3,7,0,0,0,7,0,105Y
10014,臺東縣,10014010,臺東市,10014010-014,四維里,5,4,1,5,0,0,0,5,0,105Y
10014,臺東縣,10014010,臺東市,10014010-008,民生里,24,11,13,23,0,1,0,23,1,105Y
10014,臺東縣,10014010,臺東市,10014010-013,民族里,26,14,12,24,1,1,0,25,1,105Y
10014,臺東縣,10014010,臺東市,10014010-018,民權里,9,5,4,7,0,2,0,9,0,105Y
10014,臺東縣,10014010,臺東市,10014010-034,永樂里,13,10,3,12,0,1,0,11,2,105Y
10014,臺東縣,10014010,臺東市,10014010-032,光明里,18,10,8,18,0,0,0,16,2,105Y
10014,臺東縣,10014010,臺東市,10014010-022,成功里,5,3,2,5,0,0,0,5,0,105Y
10014,臺東縣,10014010,臺東市,10014010-012,自強里,44,29,15,37,1,6,0,42,2,105Y
10014,臺東縣,10014010,臺東市,10014010-005,卑南里,25,13,12,25,0,0,0,21,4,105Y
10014,臺東縣,10014010,臺東市,10014010-003,岩灣里,18,12,6,15,0,3,0,17,1,105Y
10014,臺東縣,10014010,臺東市,10014010-036,東海里,30,15,15,29,0,1,0,30,0,105Y
10014,臺東縣,10014010,臺東市,10014010-045,知本里,10,6,4,10,0,0,0,10,0,105Y
10014,臺東縣,10014010,臺東市,10014010-004,南王里,15,7,8,14,0,1,0,15,0,105Y
10014,臺東縣,10014010,臺東市,10014010-006,南榮里,30,15,15,23,2,5,0,29,1,105Y
10014,臺東縣,10014010,臺東市,10014010-042,建和里,13,2,11,13,0,0,0,13,0,105Y
10014,臺東縣,10014010,臺東市,10014010-017,建國里,6,4,2,5,0,1,0,6,0,105Y
10014,臺東縣,10014010,臺東市,10014010-044,建業里,4,2,2,4,0,0,0,3,1,105Y
10014,臺東縣,10014010,臺東市,10014010-046,建農里,22,10,12,19,1,2,0,21,1,105Y
10014,臺東縣,10014010,臺東市,10014010-043,建興里,6,4,2,6,0,0,0,6,0,105Y
10014,臺東縣,10014010,臺東市,10014010-010,馬蘭里,26,15,11,25,0,1,0,26,0,105Y
10014,臺東縣,10014010,臺東市,10014010-035,康樂里,12,8,4,12,0,0,0,12,0,105Y
10014,臺東縣,10014010,臺東市,10014010-016,強國里,6,4,2,5,1,0,0,6,0,105Y
10014,臺東縣,10014010,臺東市,10014010-001,富岡里,8,2,6,6,1,1,0,8,0,105Y
10014,臺東縣,10014010,臺東市,10014010-002,富豐里,11,8,3,10,0,1,0,11,0,105Y
10014,臺東縣,10014010,臺東市,10014010-025,復國里,2,1,1,2,0,0,0,2,0,105Y
10014,臺東縣,10014010,臺東市,10014010-027,復興里,2,1,1,2,0,0,0,1,1,105Y
10014,臺東縣,10014010,臺東市,10014010-007,新生里,55,22,33,53,0,2,0,54,1,105Y
10014,臺東縣,10014010,臺東市,10014010-029,新園里,16,12,4,15,0,1,0,15,1,105Y
10014,臺東縣,10014010,臺東市,10014010-037,新興里,7,4,3,6,0,1,0,7,0,105Y
10014,臺東縣,10014010,臺東市,10014010-026,興國里,9,4,5,9,0,0,0,9,0,105Y
10014,臺東縣,10014010,臺東市,10014010-030,豐田里,17,9,8,15,2,0,0,16,1,105Y
10014,臺東縣,10014010,臺東市,10014010-031,豐年里,28,17,11,25,0,3,0,27,1,105Y
10014,臺東縣,10014010,臺東市,10014010-039,豐谷里,38,19,19,34,1,3,0,36,2,105Y
10014,臺東縣,10014010,臺東市,10014010-040,豐里里,26,15,11,24,0,2,0,23,3,105Y
10014,臺東縣,10014010,臺東市,10014010-041,豐原里,9,8,1,8,0,1,0,8,1,105Y
10014,臺東縣,10014010,臺東市,10014010-038,豐榮里,68,39,29,66,0,2,0,67,1,105Y
10014,臺東縣,10014010,臺東市,10014010-033,豐樂里,13,4,9,11,0,2,0,13,0,105Y
10014,臺東縣,10014010,臺東市,10014010-009,寶桑里,8,4,4,7,0,1,0,6,2,105Y
10014,臺東縣,10014010,臺東市,10014010-028,鐵花里,1,1,0,1,0,0,0,1,0,105Y
10014,臺東縣,10014030,關山鎮,10014030-004,中福里,5,3,2,5,0,0,0,5,0,105Y
10014,臺東縣,10014030,關山鎮,10014030-007,月眉里,8,5,3,7,0,1,0,7,1,105Y
10014,臺東縣,10014030,關山鎮,10014030-005,里里,10,4,6,9,0,1,0,10,0,105Y
10014,臺東縣,10014030,關山鎮,10014030-003,新福里,8,5,3,8,0,0,0,7,1,105Y
10014,臺東縣,10014030,關山鎮,10014030-006,電光里,6,2,4,6,0,0,0,6,0,105Y
10014,臺東縣,10014030,關山鎮,10014030-001,德高里,12,6,6,11,0,1,0,12,0,105Y
10014,臺東縣,10014030,關山鎮,10014030-002,豐泉里,6,1,5,6,0,0,0,6,0,105Y
10014,臺東縣,10014160,蘭嶼鄉,10014160-001,東清村,15,8,7,15,0,0,0,15,0,105Y
10014,臺東縣,10014160,蘭嶼鄉,10014160-003,紅頭村,10,7,3,9,0,1,0,9,1,105Y
10014,臺東縣,10014160,蘭嶼鄉,10014160-002,朗島村,12,7,5,11,1,0,0,12,0,105Y
10014,臺東縣,10014160,蘭嶼鄉,10014160-004,椰油村,6,3,3,6,0,0,0,6,0,105Y
10014,臺東縣,10014100,大武鄉,10014100-001,大竹村,10,8,2,7,0,3,0,10,0,106Y
10014,臺東縣,10014100,大武鄉,10014100-003,大武村,8,4,4,8,0,0,0,8,0,106Y
10014,臺東縣,10014100,大武鄉,10014100-002,大鳥村,12,5,7,7,2,3,0,12,0,106Y
10014,臺東縣,10014100,大武鄉,10014100-004,尚武村,8,5,3,7,0,1,0,8,0,106Y
10014,臺東縣,10014100,大武鄉,10014100-005,南興村,4,3,1,4,0,0,0,4,0,106Y
10014,臺東縣,10014090,太麻里鄉,10014090-002,三和村,3,2,1,3,0,0,0,2,1,106Y
10014,臺東縣,10014090,太麻里鄉,10014090-006,大王村,12,9,3,10,1,1,0,10,2,106Y
10014,臺東縣,10014090,太麻里鄉,10014090-004,北里村,5,4,1,5,0,0,0,4,1,106Y
10014,臺東縣,10014090,太麻里鄉,10014090-009,多良村,11,8,3,10,0,1,0,11,0,106Y
10014,臺東縣,10014090,太麻里鄉,10014090-008,金崙村,13,5,8,10,0,3,0,12,1,106Y
10014,臺東縣,10014090,太麻里鄉,10014090-001,美和村,10,5,5,8,1,1,0,8,2,106Y
10014,臺東縣,10014090,太麻里鄉,10014090-007,香蘭村,4,0,4,2,1,1,0,3,1,106Y
10014,臺東縣,10014090,太麻里鄉,10014090-005,泰和村,10,5,5,9,0,1,0,10,0,106Y
10014,臺東縣,10014090,太麻里鄉,10014090-003,華源村,2,1,1,2,0,0,0,1,1,106Y
10014,臺東縣,10014020,成功鎮,10014020-003,三仙里,11,4,7,10,1,0,0,11,0,106Y
10014,臺東縣,10014020,成功鎮,10014020-004,三民里,26,18,8,25,0,1,0,24,2,106Y
10014,臺東縣,10014020,成功鎮,10014020-007,和平里,1,1,0,1,0,0,0,1,0,106Y
10014,臺東縣,10014020,成功鎮,10014020-006,忠仁里,17,9,8,15,0,2,0,13,4,106Y
10014,臺東縣,10014020,成功鎮,10014020-002,忠孝里,5,3,2,5,0,0,0,5,0,106Y
10014,臺東縣,10014020,成功鎮,10014020-005,忠智里,12,7,5,11,0,1,0,10,2,106Y
10014,臺東縣,10014020,成功鎮,10014020-008,信義里,8,3,5,6,0,2,0,8,0,106Y
10014,臺東縣,10014020,成功鎮,10014020-001,博愛里,6,2,4,4,2,0,0,5,1,106Y
10014,臺東縣,10014060,池上鄉,10014060-003,大坡村,2,1,1,2,0,0,0,2,0,106Y
10014,臺東縣,10014060,池上鄉,10014060-004,大埔村,3,2,1,3,0,0,0,3,0,106Y
10014,臺東縣,10014060,池上鄉,10014060-010,振興村,3,2,1,3,0,0,0,3,0,106Y
10014,臺東縣,10014060,池上鄉,10014060-009,富興村,4,3,1,4,0,0,0,4,0,106Y
10014,臺東縣,10014060,池上鄉,10014060-007,新興村,4,3,1,4,0,0,0,4,0,106Y
10014,臺東縣,10014060,池上鄉,10014060-008,萬安村,3,2,1,3,0,0,0,3,0,106Y
10014,臺東縣,10014060,池上鄉,10014060-001,福文村,4,1,3,3,0,1,0,4,0,106Y
10014,臺東縣,10014060,池上鄉,10014060-005,福原村,17,8,9,14,1,2,0,16,1,106Y
10014,臺東縣,10014060,池上鄉,10014060-002,慶豐村,4,3,1,4,0,0,0,3,1,106Y
10014,臺東縣,10014060,池上鄉,10014060-006,錦園村,1,1,0,1,0,0,0,1,0,106Y
10014,臺東縣,10014040,卑南鄉,10014040-010,太平村,25,10,15,22,0,3,0,22,3,106Y
10014,臺東縣,10014040,卑南鄉,10014040-002,利吉村,2,0,2,1,1,0,0,2,0,106Y
10014,臺東縣,10014040,卑南鄉,10014040-011,利嘉村,10,8,2,9,0,1,0,10,0,106Y
10014,臺東縣,10014040,卑南鄉,10014040-005,明峰村,9,4,5,9,0,0,0,9,0,106Y
10014,臺東縣,10014040,卑南鄉,10014040-012,東興村,14,7,7,8,0,6,0,14,0,106Y
10014,臺東縣,10014040,卑南鄉,10014040-006,初鹿村,10,5,5,7,1,2,0,10,0,106Y
10014,臺東縣,10014040,卑南鄉,10014040-007,美農村,10,7,3,10,0,0,0,9,1,106Y
10014,臺東縣,10014040,卑南鄉,10014040-009,泰安村,9,3,6,4,1,4,0,8,1,106Y
10014,臺東縣,10014040,卑南鄉,10014040-003,富山村,1,1,0,1,0,0,0,1,0,106Y
10014,臺東縣,10014040,卑南鄉,10014040-004,富源村,1,0,1,1,0,0,0,1,0,106Y
10014,臺東縣,10014040,卑南鄉,10014040-013,溫泉村,5,2,3,5,0,0,0,5,0,106Y
10014,臺東縣,10014040,卑南鄉,10014040-001,嘉豐村,4,1,3,4,0,0,0,4,0,106Y
10014,臺東縣,10014040,卑南鄉,10014040-008,賓朗村,12,4,8,8,1,3,0,11,1,106Y
10014,臺東縣,10014130,延平鄉,10014130-002,永康村,6,4,2,5,0,1,0,6,0,106Y
10014,臺東縣,10014130,延平鄉,10014130-001,武陵村,3,1,2,3,0,0,0,3,0,106Y
10014,臺東縣,10014130,延平鄉,10014130-003,紅葉村,5,4,1,3,0,2,0,5,0,106Y
10014,臺東縣,10014130,延平鄉,10014130-005,桃源村,11,6,5,9,1,1,0,11,0,106Y
10014,臺東縣,10014130,延平鄉,10014130-004,鸞山村,5,3,2,5,0,0,0,5,0,106Y
10014,臺東縣,10014070,東河鄉,10014070-001,北源村,5,4,1,4,0,1,0,4,1,106Y
10014,臺東縣,10014070,東河鄉,10014070-003,東河村,3,1,2,2,1,0,0,3,0,106Y
10014,臺東縣,10014070,東河鄉,10014070-002,泰源村,6,2,4,6,0,0,0,6,0,106Y
10014,臺東縣,10014070,東河鄉,10014070-007,都蘭村,12,5,7,9,2,1,0,11,1,106Y
10014,臺東縣,10014070,東河鄉,10014070-005,隆昌村,1,1,0,1,0,0,0,1,0,106Y
10014,臺東縣,10014070,東河鄉,10014070-006,興昌村,5,5,0,3,1,1,0,5,0,106Y
10014,臺東縣,10014140,金峰鄉,10014140-002,正興村,5,2,3,4,0,1,0,5,0,106Y
10014,臺東縣,10014140,金峰鄉,10014140-001,新興村,4,3,1,3,1,0,0,4,0,106Y
10014,臺東縣,10014140,金峰鄉,10014140-003,嘉蘭村,19,8,11,10,1,8,0,19,0,106Y
10014,臺東縣,10014140,金峰鄉,10014140-004,賓茂村,2,2,0,2,0,0,0,2,0,106Y
10014,臺東縣,10014140,金峰鄉,10014140-005,歷坵村,7,4,3,6,0,1,0,7,0,106Y
10014,臺東縣,10014080,長濱鄉,10014080-002,三間村,6,1,5,5,0,1,0,5,1,106Y
10014,臺東縣,10014080,長濱鄉,10014080-005,竹湖村,8,3,5,5,2,1,0,8,0,106Y
10014,臺東縣,10014080,長濱鄉,10014080-003,忠勇村,2,1,1,1,0,1,0,2,0,106Y
10014,臺東縣,10014080,長濱鄉,10014080-004,長濱村,15,9,6,11,0,4,0,15,0,106Y
10014,臺東縣,10014080,長濱鄉,10014080-006,寧埔村,3,2,1,3,0,0,0,3,0,106Y
10014,臺東縣,10014080,長濱鄉,10014080-001,樟原村,5,3,2,5,0,0,0,5,0,106Y
10014,臺東縣,10014120,海端鄉,10014120-006,加拿村,4,1,3,3,0,1,0,4,0,106Y
10014,臺東縣,10014120,海端鄉,10014120-003,利稻村,4,3,1,4,0,0,0,4,0,106Y
10014,臺東縣,10014120,海端鄉,10014120-005,崁頂村,4,2,2,3,0,1,0,4,0,106Y
10014,臺東縣,10014120,海端鄉,10014120-004,海端村,8,4,4,7,0,1,0,7,1,106Y
10014,臺東縣,10014120,海端鄉,10014120-001,廣原村,10,3,7,8,0,2,0,10,0,106Y
10014,臺東縣,10014120,海端鄉,10014120-002,霧鹿村,5,3,2,3,0,2,0,5,0,106Y
10014,臺東縣,10014050,鹿野鄉,10014050-004,永安村,9,5,4,8,0,1,0,9,0,106Y
10014,臺東縣,10014050,鹿野鄉,10014050-006,鹿野村,7,0,7,7,0,0,0,7,0,106Y
10014,臺東縣,10014050,鹿野鄉,10014050-001,瑞和村,5,4,1,5,0,0,0,5,0,106Y
10014,臺東縣,10014050,鹿野鄉,10014050-005,瑞隆村,8,4,4,7,0,1,0,8,0,106Y
10014,臺東縣,10014050,鹿野鄉,10014050-003,瑞源村,9,3,6,8,0,1,0,9,0,106Y
10014,臺東縣,10014050,鹿野鄉,10014050-002,瑞豐村,3,0,3,2,0,1,0,3,0,106Y
10014,臺東縣,10014050,鹿野鄉,10014050-007,龍田村,4,3,1,4,0,0,0,2,2,106Y
10014,臺東縣,10014150,達仁鄉,10014150-002,土村,13,5,8,7,1,5,0,13,0,106Y
10014,臺東縣,10014150,達仁鄉,10014150-001,台村,7,4,3,5,0,2,0,7,0,106Y
10014,臺東縣,10014150,達仁鄉,10014150-004,安朔村,4,3,1,3,1,0,0,4,0,106Y
10014,臺東縣,10014150,達仁鄉,10014150-006,南田村,3,3,0,2,0,1,0,3,0,106Y
10014,臺東縣,10014150,達仁鄉,10014150-005,森永村,1,0,1,1,0,0,0,1,0,106Y
10014,臺東縣,10014150,達仁鄉,10014150-003,新化村,2,2,0,2,0,0,0,2,0,106Y
10014,臺東縣,10014110,綠島鄉,10014110-002,中寮村,10,6,4,9,0,1,0,9,1,106Y
10014,臺東縣,10014110,綠島鄉,10014110-001,公館村,9,6,3,9,0,0,0,9,0,106Y
10014,臺東縣,10014110,綠島鄉,10014110-003,南寮村,22,11,11,21,0,1,0,21,1,106Y
10014,臺東縣,10014010,臺東市,10014010-021,大同里,5,3,2,4,1,0,0,5,0,106Y
10014,臺東縣,10014010,臺東市,10014010-024,中山里,12,6,6,12,0,0,0,11,1,106Y
10014,臺東縣,10014010,臺東市,10014010-011,中心里,26,15,11,24,0,2,0,26,0,106Y
10014,臺東縣,10014010,臺東市,10014010-020,中正里,4,3,1,4,0,0,0,4,0,106Y
10014,臺東縣,10014010,臺東市,10014010-015,中華里,12,8,4,12,0,0,0,12,0,106Y
10014,臺東縣,10014010,臺東市,10014010-019,仁愛里,7,6,1,6,1,0,0,7,0,106Y
10014,臺東縣,10014010,臺東市,10014010-023,文化里,25,17,8,25,0,0,0,25,0,106Y
10014,臺東縣,10014010,臺東市,10014010-014,四維里,5,2,3,5,0,0,0,5,0,106Y
10014,臺東縣,10014010,臺東市,10014010-008,民生里,16,9,7,14,0,2,0,15,1,106Y
10014,臺東縣,10014010,臺東市,10014010-013,民族里,18,10,8,17,1,0,0,17,1,106Y
10014,臺東縣,10014010,臺東市,10014010-018,民權里,12,5,7,9,0,3,0,12,0,106Y
10014,臺東縣,10014010,臺東市,10014010-034,永樂里,16,6,10,14,1,1,0,16,0,106Y
10014,臺東縣,10014010,臺東市,10014010-032,光明里,27,8,19,26,0,1,0,26,1,106Y
10014,臺東縣,10014010,臺東市,10014010-022,成功里,5,2,3,5,0,0,0,5,0,106Y
10014,臺東縣,10014010,臺東市,10014010-012,自強里,31,14,17,29,2,0,0,29,2,106Y
10014,臺東縣,10014010,臺東市,10014010-005,卑南里,21,17,4,21,0,0,0,17,4,106Y
10014,臺東縣,10014010,臺東市,10014010-003,岩灣里,10,5,5,10,0,0,0,10,0,106Y
10014,臺東縣,10014010,臺東市,10014010-036,東海里,38,19,19,34,1,3,0,36,2,106Y
10014,臺東縣,10014010,臺東市,10014010-045,知本里,11,5,6,8,0,3,0,9,2,106Y
10014,臺東縣,10014010,臺東市,10014010-004,南王里,24,12,12,22,0,2,0,24,0,106Y
10014,臺東縣,10014010,臺東市,10014010-006,南榮里,20,10,10,17,0,3,0,20,0,106Y
10014,臺東縣,10014010,臺東市,10014010-042,建和里,9,5,4,9,0,0,0,8,1,106Y
10014,臺東縣,10014010,臺東市,10014010-017,建國里,8,4,4,7,0,1,0,8,0,106Y
10014,臺東縣,10014010,臺東市,10014010-044,建業里,13,5,8,11,0,2,0,13,0,106Y
10014,臺東縣,10014010,臺東市,10014010-046,建農里,20,8,12,18,0,2,0,20,0,106Y
10014,臺東縣,10014010,臺東市,10014010-043,建興里,9,4,5,9,0,0,0,7,2,106Y
10014,臺東縣,10014010,臺東市,10014010-010,馬蘭里,16,11,5,15,0,1,0,16,0,106Y
10014,臺東縣,10014010,臺東市,10014010-035,康樂里,8,4,4,7,0,1,0,8,0,106Y
10014,臺東縣,10014010,臺東市,10014010-016,強國里,7,4,3,7,0,0,0,7,0,106Y
10014,臺東縣,10014010,臺東市,10014010-001,富岡里,9,4,5,6,0,3,0,9,0,106Y
10014,臺東縣,10014010,臺東市,10014010-002,富豐里,9,4,5,7,0,2,0,9,0,106Y
10014,臺東縣,10014010,臺東市,10014010-025,復國里,2,1,1,1,0,1,0,2,0,106Y
10014,臺東縣,10014010,臺東市,10014010-027,復興里,2,2,0,2,0,0,0,2,0,106Y
10014,臺東縣,10014010,臺東市,10014010-007,新生里,44,23,21,41,0,3,0,43,1,106Y
10014,臺東縣,10014010,臺東市,10014010-029,新園里,18,13,5,14,1,3,0,17,1,106Y
10014,臺東縣,10014010,臺東市,10014010-037,新興里,7,5,2,7,0,0,0,6,1,106Y
10014,臺東縣,10014010,臺東市,10014010-026,興國里,15,11,4,15,0,0,0,15,0,106Y
10014,臺東縣,10014010,臺東市,10014010-030,豐田里,23,10,13,22,0,1,0,23,0,106Y
10014,臺東縣,10014010,臺東市,10014010-031,豐年里,29,12,17,26,2,1,0,28,1,106Y
10014,臺東縣,10014010,臺東市,10014010-039,豐谷里,44,26,18,40,0,4,0,43,1,106Y
10014,臺東縣,10014010,臺東市,10014010-040,豐里里,15,6,9,15,0,0,0,14,1,106Y
10014,臺東縣,10014010,臺東市,10014010-041,豐原里,12,6,6,9,1,2,0,12,0,106Y
10014,臺東縣,10014010,臺東市,10014010-038,豐榮里,56,28,28,51,1,4,0,51,5,106Y
10014,臺東縣,10014010,臺東市,10014010-033,豐樂里,10,3,7,9,0,1,0,10,0,106Y
10014,臺東縣,10014010,臺東市,10014010-009,寶桑里,7,4,3,7,0,0,0,6,1,106Y
10014,臺東縣,10014010,臺東市,10014010-028,鐵花里,2,2,0,2,0,0,0,2,0,106Y
10014,臺東縣,10014030,關山鎮,10014030-004,中福里,4,0,4,4,0,0,0,4,0,106Y
10014,臺東縣,10014030,關山鎮,10014030-007,月眉里,1,0,1,1,0,0,0,1,0,106Y
10014,臺東縣,10014030,關山鎮,10014030-005,里里,8,5,3,8,0,0,0,7,1,106Y
10014,臺東縣,10014030,關山鎮,10014030-003,新福里,11,6,5,9,0,2,0,10,1,106Y
10014,臺東縣,10014030,關山鎮,10014030-006,電光里,3,1,2,2,0,1,0,2,1,106Y
10014,臺東縣,10014030,關山鎮,10014030-001,德高里,10,2,8,9,0,1,0,10,0,106Y
10014,臺東縣,10014030,關山鎮,10014030-002,豐泉里,11,5,6,8,0,3,0,11,0,106Y
10014,臺東縣,10014160,蘭嶼鄉,10014160-001,東清村,16,7,9,14,0,2,0,16,0,106Y
10014,臺東縣,10014160,蘭嶼鄉,10014160-003,紅頭村,13,8,5,13,0,0,0,13,0,106Y
10014,臺東縣,10014160,蘭嶼鄉,10014160-002,朗島村,13,8,5,13,0,0,0,13,0,106Y
10014,臺東縣,10014160,蘭嶼鄉,10014160-004,椰油村,11,5,6,10,0,1,0,11,0,106Y
10014,臺東縣,10014100,大武鄉,10014100-001,大竹村,14,6,8,11,0,3,0,14,0,107Y
10014,臺東縣,10014100,大武鄉,10014100-003,大武村,15,8,7,12,0,3,0,15,0,107Y
10014,臺東縣,10014100,大武鄉,10014100-002,大鳥村,13,8,5,7,0,6,0,13,0,107Y
10014,臺東縣,10014100,大武鄉,10014100-004,尚武村,7,5,2,5,0,2,0,7,0,107Y
10014,臺東縣,10014100,大武鄉,10014100-005,南興村,6,5,1,4,1,1,0,6,0,107Y
10014,臺東縣,10014090,太麻里鄉,10014090-002,三和村,6,4,2,5,1,0,0,6,0,107Y
10014,臺東縣,10014090,太麻里鄉,10014090-006,大王村,19,8,11,18,1,0,0,18,1,107Y
10014,臺東縣,10014090,太麻里鄉,10014090-004,北里村,3,2,1,3,0,0,0,3,0,107Y
10014,臺東縣,10014090,太麻里鄉,10014090-009,多良村,8,4,4,7,1,0,0,8,0,107Y
10014,臺東縣,10014090,太麻里鄉,10014090-008,金崙村,15,6,9,13,0,2,0,15,0,107Y
10014,臺東縣,10014090,太麻里鄉,10014090-001,美和村,5,3,2,3,2,0,0,2,3,107Y
10014,臺東縣,10014090,太麻里鄉,10014090-007,香蘭村,5,3,2,4,0,1,0,4,1,107Y
10014,臺東縣,10014090,太麻里鄉,10014090-005,泰和村,11,5,6,7,0,4,0,11,0,107Y
10014,臺東縣,10014090,太麻里鄉,10014090-003,華源村,6,2,4,5,0,1,0,6,0,107Y
10014,臺東縣,10014020,成功鎮,10014020-003,三仙里,9,6,3,5,0,4,0,9,0,107Y
10014,臺東縣,10014020,成功鎮,10014020-004,三民里,14,7,7,14,0,0,0,13,1,107Y
10014,臺東縣,10014020,成功鎮,10014020-007,和平里,3,1,2,3,0,0,0,2,1,107Y
10014,臺東縣,10014020,成功鎮,10014020-006,忠仁里,12,9,3,12,0,0,0,11,1,107Y
10014,臺東縣,10014020,成功鎮,10014020-002,忠孝里,3,2,1,1,1,1,0,3,0,107Y
10014,臺東縣,10014020,成功鎮,10014020-005,忠智里,10,5,5,8,1,1,0,9,1,107Y
10014,臺東縣,10014020,成功鎮,10014020-008,信義里,14,5,9,13,0,1,0,13,1,107Y
10014,臺東縣,10014020,成功鎮,10014020-001,博愛里,1,1,0,1,0,0,0,1,0,107Y
10014,臺東縣,10014060,池上鄉,10014060-003,大坡村,3,2,1,2,0,1,0,3,0,107Y
10014,臺東縣,10014060,池上鄉,10014060-004,大埔村,6,2,4,6,0,0,0,6,0,107Y
10014,臺東縣,10014060,池上鄉,10014060-010,振興村,3,0,3,3,0,0,0,3,0,107Y
10014,臺東縣,10014060,池上鄉,10014060-007,新興村,5,0,5,4,1,0,0,4,1,107Y
10014,臺東縣,10014060,池上鄉,10014060-001,福文村,6,4,2,6,0,0,0,6,0,107Y
10014,臺東縣,10014060,池上鄉,10014060-005,福原村,14,8,6,13,1,0,0,14,0,107Y
10014,臺東縣,10014060,池上鄉,10014060-002,慶豐村,4,3,1,3,0,1,0,4,0,107Y
10014,臺東縣,10014060,池上鄉,10014060-006,錦園村,3,2,1,3,0,0,0,3,0,107Y
10014,臺東縣,10014040,卑南鄉,10014040-010,太平村,30,19,11,24,0,6,0,29,1,107Y
10014,臺東縣,10014040,卑南鄉,10014040-002,利吉村,3,0,3,2,1,0,0,3,0,107Y
10014,臺東縣,10014040,卑南鄉,10014040-011,利嘉村,15,9,6,13,0,2,0,15,0,107Y
10014,臺東縣,10014040,卑南鄉,10014040-005,明峰村,11,4,7,9,1,1,0,10,1,107Y
10014,臺東縣,10014040,卑南鄉,10014040-012,東興村,8,5,3,7,0,1,0,8,0,107Y
10014,臺東縣,10014040,卑南鄉,10014040-006,初鹿村,14,10,4,13,1,0,0,12,2,107Y
10014,臺東縣,10014040,卑南鄉,10014040-007,美農村,10,6,4,9,0,1,0,10,0,107Y
10014,臺東縣,10014040,卑南鄉,10014040-009,泰安村,9,3,6,8,0,1,0,8,1,107Y
10014,臺東縣,10014040,卑南鄉,10014040-003,富山村,4,2,2,2,0,2,0,4,0,107Y
10014,臺東縣,10014040,卑南鄉,10014040-013,溫泉村,7,2,5,7,0,0,0,5,2,107Y
10014,臺東縣,10014040,卑南鄉,10014040-001,嘉豐村,2,0,2,2,0,0,0,1,1,107Y
10014,臺東縣,10014040,卑南鄉,10014040-008,賓朗村,13,7,6,11,1,1,0,12,1,107Y
10014,臺東縣,10014130,延平鄉,10014130-002,永康村,6,4,2,6,0,0,0,6,0,107Y
10014,臺東縣,10014130,延平鄉,10014130-001,武陵村,13,6,7,11,1,1,0,13,0,107Y
10014,臺東縣,10014130,延平鄉,10014130-003,紅葉村,5,4,1,5,0,0,0,5,0,107Y
10014,臺東縣,10014130,延平鄉,10014130-005,桃源村,15,8,7,13,0,2,0,15,0,107Y
10014,臺東縣,10014130,延平鄉,10014130-004,鸞山村,9,4,5,8,0,1,0,9,0,107Y
10014,臺東縣,10014070,東河鄉,10014070-001,北源村,8,4,4,6,1,1,0,8,0,107Y
10014,臺東縣,10014070,東河鄉,10014070-004,尚德村,2,2,0,2,0,0,0,2,0,107Y
10014,臺東縣,10014070,東河鄉,10014070-003,東河村,9,7,2,8,0,1,0,9,0,107Y
10014,臺東縣,10014070,東河鄉,10014070-002,泰源村,6,2,4,6,0,0,0,5,1,107Y
10014,臺東縣,10014070,東河鄉,10014070-007,都蘭村,10,8,2,9,0,1,0,10,0,107Y
10014,臺東縣,10014070,東河鄉,10014070-005,隆昌村,2,0,2,2,0,0,0,2,0,107Y
10014,臺東縣,10014070,東河鄉,10014070-006,興昌村,3,1,2,3,0,0,0,3,0,107Y
10014,臺東縣,10014140,金峰鄉,10014140-002,正興村,6,2,4,6,0,0,0,6,0,107Y
10014,臺東縣,10014140,金峰鄉,10014140-001,新興村,8,4,4,8,0,0,0,8,0,107Y
10014,臺東縣,10014140,金峰鄉,10014140-003,嘉蘭村,21,10,11,16,0,5,0,21,0,107Y
10014,臺東縣,10014140,金峰鄉,10014140-004,賓茂村,2,1,1,2,0,0,0,2,0,107Y
10014,臺東縣,10014080,長濱鄉,10014080-002,三間村,7,4,3,7,0,0,0,7,0,107Y
10014,臺東縣,10014080,長濱鄉,10014080-005,竹湖村,4,1,3,3,0,1,0,4,0,107Y
10014,臺東縣,10014080,長濱鄉,10014080-003,忠勇村,1,1,0,1,0,0,0,1,0,107Y
10014,臺東縣,10014080,長濱鄉,10014080-004,長濱村,13,6,7,12,1,0,0,12,1,107Y
10014,臺東縣,10014080,長濱鄉,10014080-006,寧埔村,7,3,4,6,0,1,0,7,0,107Y
10014,臺東縣,10014080,長濱鄉,10014080-001,樟原村,3,0,3,3,0,0,0,3,0,107Y
10014,臺東縣,10014120,海端鄉,10014120-006,加拿村,6,2,4,3,0,3,0,6,0,107Y
10014,臺東縣,10014120,海端鄉,10014120-003,利稻村,7,4,3,7,0,0,0,7,0,107Y
10014,臺東縣,10014120,海端鄉,10014120-005,崁頂村,9,6,3,8,0,1,0,9,0,107Y
10014,臺東縣,10014120,海端鄉,10014120-004,海端村,6,3,3,6,0,0,0,5,1,107Y
10014,臺東縣,10014120,海端鄉,10014120-001,廣原村,11,7,4,9,0,2,0,11,0,107Y
10014,臺東縣,10014120,海端鄉,10014120-002,霧鹿村,4,3,1,3,0,1,0,4,0,107Y
10014,臺東縣,10014050,鹿野鄉,10014050-004,永安村,15,9,6,13,0,2,0,14,1,107Y
10014,臺東縣,10014050,鹿野鄉,10014050-006,鹿野村,3,1,2,3,0,0,0,2,1,107Y
10014,臺東縣,10014050,鹿野鄉,10014050-001,瑞和村,10,4,6,7,0,3,0,9,1,107Y
10014,臺東縣,10014050,鹿野鄉,10014050-005,瑞隆村,4,4,0,2,0,2,0,4,0,107Y
10014,臺東縣,10014050,鹿野鄉,10014050-003,瑞源村,3,3,0,3,0,0,0,2,1,107Y
10014,臺東縣,10014050,鹿野鄉,10014050-002,瑞豐村,3,3,0,3,0,0,0,2,1,107Y
10014,臺東縣,10014050,鹿野鄉,10014050-007,龍田村,1,0,1,0,0,1,0,1,0,107Y
10014,臺東縣,10014150,達仁鄉,10014150-002,土村,8,3,5,4,0,4,0,8,0,107Y
10014,臺東縣,10014150,達仁鄉,10014150-001,台村,6,5,1,6,0,0,0,6,0,107Y
10014,臺東縣,10014150,達仁鄉,10014150-004,安朔村,3,2,1,3,0,0,0,3,0,107Y
10014,臺東縣,10014150,達仁鄉,10014150-006,南田村,2,1,1,2,0,0,0,2,0,107Y
10014,臺東縣,10014150,達仁鄉,10014150-005,森永村,4,3,1,2,0,2,0,4,0,107Y
10014,臺東縣,10014150,達仁鄉,10014150-003,新化村,1,1,0,1,0,0,0,1,0,107Y
10014,臺東縣,10014110,綠島鄉,10014110-002,中寮村,21,8,13,20,0,1,0,20,1,107Y
10014,臺東縣,10014110,綠島鄉,10014110-001,公館村,13,9,4,13,0,0,0,13,0,107Y
10014,臺東縣,10014110,綠島鄉,10014110-003,南寮村,19,11,8,19,0,0,0,19,0,107Y
10014,臺東縣,10014010,臺東市,10014010-021,大同里,5,2,3,1,4,0,0,5,0,107Y
10014,臺東縣,10014010,臺東市,10014010-024,中山里,10,6,4,10,0,0,0,10,0,107Y
10014,臺東縣,10014010,臺東市,10014010-011,中心里,34,19,15,33,0,1,0,31,3,107Y
10014,臺東縣,10014010,臺東市,10014010-020,中正里,2,2,0,2,0,0,0,2,0,107Y
10014,臺東縣,10014010,臺東市,10014010-015,中華里,11,4,7,10,1,0,0,11,0,107Y
10014,臺東縣,10014010,臺東市,10014010-019,仁愛里,6,3,3,5,0,1,0,6,0,107Y
10014,臺東縣,10014010,臺東市,10014010-023,文化里,17,8,9,17,0,0,0,17,0,107Y
10014,臺東縣,10014010,臺東市,10014010-014,四維里,4,1,3,4,0,0,0,4,0,107Y
10014,臺東縣,10014010,臺東市,10014010-008,民生里,18,11,7,16,0,2,0,17,1,107Y
10014,臺東縣,10014010,臺東市,10014010-013,民族里,22,11,11,22,0,0,0,21,1,107Y
10014,臺東縣,10014010,臺東市,10014010-018,民權里,4,4,0,3,0,1,0,4,0,107Y
10014,臺東縣,10014010,臺東市,10014010-034,永樂里,19,9,10,18,0,1,0,18,1,107Y
10014,臺東縣,10014010,臺東市,10014010-032,光明里,15,8,7,14,0,1,0,13,2,107Y
10014,臺東縣,10014010,臺東市,10014010-022,成功里,2,1,1,1,0,1,0,2,0,107Y
10014,臺東縣,10014010,臺東市,10014010-012,自強里,36,19,17,35,0,1,0,36,0,107Y
10014,臺東縣,10014010,臺東市,10014010-005,卑南里,22,13,9,21,0,1,0,22,0,107Y
10014,臺東縣,10014010,臺東市,10014010-003,岩灣里,13,5,8,12,0,1,0,13,0,107Y
10014,臺東縣,10014010,臺東市,10014010-036,東海里,37,14,23,36,1,0,0,36,1,107Y
10014,臺東縣,10014010,臺東市,10014010-045,知本里,9,4,5,8,0,1,0,7,2,107Y
10014,臺東縣,10014010,臺東市,10014010-004,南王里,18,10,8,17,0,1,0,17,1,107Y
10014,臺東縣,10014010,臺東市,10014010-006,南榮里,28,17,11,23,0,5,0,28,0,107Y
10014,臺東縣,10014010,臺東市,10014010-042,建和里,16,8,8,15,1,0,0,16,0,107Y
10014,臺東縣,10014010,臺東市,10014010-017,建國里,8,2,6,6,1,1,0,6,2,107Y
10014,臺東縣,10014010,臺東市,10014010-044,建業里,11,7,4,10,0,1,0,9,2,107Y
10014,臺東縣,10014010,臺東市,10014010-046,建農里,19,11,8,16,0,3,0,19,0,107Y
10014,臺東縣,10014010,臺東市,10014010-043,建興里,5,2,3,5,0,0,0,5,0,107Y
10014,臺東縣,10014010,臺東市,10014010-010,馬蘭里,22,14,8,21,0,1,0,21,1,107Y
10014,臺東縣,10014010,臺東市,10014010-035,康樂里,14,9,5,14,0,0,0,14,0,107Y
10014,臺東縣,10014010,臺東市,10014010-016,強國里,10,5,5,9,0,1,0,9,1,107Y
10014,臺東縣,10014010,臺東市,10014010-001,富岡里,8,5,3,8,0,0,0,8,0,107Y
10014,臺東縣,10014010,臺東市,10014010-002,富豐里,8,6,2,6,0,2,0,8,0,107Y
10014,臺東縣,10014010,臺東市,10014010-025,復國里,3,1,2,3,0,0,0,3,0,107Y
10014,臺東縣,10014010,臺東市,10014010-027,復興里,4,2,2,3,0,1,0,4,0,107Y
10014,臺東縣,10014010,臺東市,10014010-007,新生里,50,30,20,46,2,2,0,49,1,107Y
10014,臺東縣,10014010,臺東市,10014010-029,新園里,9,6,3,9,0,0,0,8,1,107Y
10014,臺東縣,10014010,臺東市,10014010-037,新興里,6,3,3,5,0,1,0,6,0,107Y
10014,臺東縣,10014010,臺東市,10014010-026,興國里,7,2,5,7,0,0,0,7,0,107Y
10014,臺東縣,10014010,臺東市,10014010-030,豐田里,15,6,9,13,0,2,0,14,1,107Y
10014,臺東縣,10014010,臺東市,10014010-031,豐年里,35,16,19,29,0,6,0,35,0,107Y
10014,臺東縣,10014010,臺東市,10014010-039,豐谷里,36,20,16,32,1,3,0,35,1,107Y
10014,臺東縣,10014010,臺東市,10014010-040,豐里里,14,11,3,13,0,1,0,13,1,107Y
10014,臺東縣,10014010,臺東市,10014010-041,豐原里,11,4,7,9,0,2,0,10,1,107Y
10014,臺東縣,10014010,臺東市,10014010-038,豐榮里,46,20,26,43,1,2,0,44,2,107Y
10014,臺東縣,10014010,臺東市,10014010-033,豐樂里,12,5,7,12,0,0,0,12,0,107Y
10014,臺東縣,10014010,臺東市,10014010-009,寶桑里,3,2,1,3,0,0,0,3,0,107Y
10014,臺東縣,10014010,臺東市,10014010-028,鐵花里,1,1,0,1,0,0,0,1,0,107Y
10014,臺東縣,10014030,關山鎮,10014030-004,中福里,6,3,3,6,0,0,0,5,1,107Y
10014,臺東縣,10014030,關山鎮,10014030-007,月眉里,6,2,4,6,0,0,0,6,0,107Y
10014,臺東縣,10014030,關山鎮,10014030-005,里里,9,5,4,7,0,2,0,8,1,107Y
10014,臺東縣,10014030,關山鎮,10014030-003,新福里,4,2,2,4,0,0,0,3,1,107Y
10014,臺東縣,10014030,關山鎮,10014030-006,電光里,3,3,0,3,0,0,0,3,0,107Y
10014,臺東縣,10014030,關山鎮,10014030-001,德高里,7,2,5,6,0,1,0,6,1,107Y
10014,臺東縣,10014030,關山鎮,10014030-002,豐泉里,6,3,3,3,1,2,0,6,0,107Y
10014,臺東縣,10014160,蘭嶼鄉,10014160-001,東清村,16,10,6,16,0,0,0,16,0,107Y
10014,臺東縣,10014160,蘭嶼鄉,10014160-003,紅頭村,11,4,7,9,1,1,0,11,0,107Y
10014,臺東縣,10014160,蘭嶼鄉,10014160-002,朗島村,7,4,3,4,1,2,0,7,0,107Y
10014,臺東縣,10014160,蘭嶼鄉,10014160-004,椰油村,11,4,7,11,0,0,0,11,0,107Y
10014,臺東縣,10014010,臺東市,10014010-001,富岡里,7,5,2,6,1,0,0,7,0,108Y
10014,臺東縣,10014010,臺東市,10014010-002,富豐里,15,7,8,13,1,1,0,15,0,108Y
10014,臺東縣,10014010,臺東市,10014010-003,岩灣里,17,11,6,14,1,2,0,17,0,108Y
10014,臺東縣,10014010,臺東市,10014010-004,南王里,20,15,5,16,2,2,0,20,0,108Y
10014,臺東縣,10014010,臺東市,10014010-005,卑南里,20,7,13,19,0,1,0,17,3,108Y
10014,臺東縣,10014010,臺東市,10014010-006,南榮里,22,13,9,21,0,1,0,21,1,108Y
10014,臺東縣,10014010,臺東市,10014010-007,新生里,47,27,20,46,1,0,0,42,5,108Y
10014,臺東縣,10014010,臺東市,10014010-008,民生里,17,10,7,16,0,1,0,17,0,108Y
10014,臺東縣,10014010,臺東市,10014010-009,寶桑里,4,3,1,3,1,0,0,4,0,108Y
10014,臺東縣,10014010,臺東市,10014010-010,馬蘭里,13,6,7,11,1,1,0,12,1,108Y
10014,臺東縣,10014010,臺東市,10014010-011,中心里,28,17,11,26,1,1,0,27,1,108Y
10014,臺東縣,10014010,臺東市,10014010-012,自強里,34,14,20,32,0,2,0,32,2,108Y
10014,臺東縣,10014010,臺東市,10014010-013,民族里,20,12,8,20,0,0,0,20,0,108Y
10014,臺東縣,10014010,臺東市,10014010-014,四維里,9,4,5,9,0,0,0,9,0,108Y
10014,臺東縣,10014010,臺東市,10014010-015,中華里,9,7,2,8,0,1,0,8,1,108Y
10014,臺東縣,10014010,臺東市,10014010-016,強國里,5,2,3,5,0,0,0,4,1,108Y
10014,臺東縣,10014010,臺東市,10014010-017,建國里,11,4,7,10,1,0,0,10,1,108Y
10014,臺東縣,10014010,臺東市,10014010-018,民權里,8,6,2,7,0,1,0,8,0,108Y
10014,臺東縣,10014010,臺東市,10014010-019,仁愛里,2,0,2,1,1,0,0,2,0,108Y
10014,臺東縣,10014010,臺東市,10014010-020,中正里,1,1,0,1,0,0,0,1,0,108Y
10014,臺東縣,10014010,臺東市,10014010-021,大同里,1,1,0,1,0,0,0,1,0,108Y
10014,臺東縣,10014010,臺東市,10014010-022,成功里,5,3,2,5,0,0,0,4,1,108Y
10014,臺東縣,10014010,臺東市,10014010-023,文化里,22,9,13,22,0,0,0,22,0,108Y
10014,臺東縣,10014010,臺東市,10014010-024,中山里,9,6,3,8,0,1,0,9,0,108Y
10014,臺東縣,10014010,臺東市,10014010-025,復國里,2,2,0,2,0,0,0,2,0,108Y
10014,臺東縣,10014010,臺東市,10014010-026,興國里,4,2,2,3,1,0,0,4,0,108Y
10014,臺東縣,10014010,臺東市,10014010-027,復興里,3,1,2,3,0,0,0,2,1,108Y
10014,臺東縣,10014010,臺東市,10014010-028,鐵花里,1,0,1,1,0,0,0,1,0,108Y
10014,臺東縣,10014010,臺東市,10014010-029,新園里,19,8,11,19,0,0,0,19,0,108Y
10014,臺東縣,10014010,臺東市,10014010-030,豐田里,15,6,9,15,0,0,0,13,2,108Y
10014,臺東縣,10014010,臺東市,10014010-031,豐年里,43,20,23,41,0,2,0,41,2,108Y
10014,臺東縣,10014010,臺東市,10014010-032,光明里,15,7,8,12,0,3,0,15,0,108Y
10014,臺東縣,10014010,臺東市,10014010-033,豐樂里,10,5,5,9,0,1,0,10,0,108Y
10014,臺東縣,10014010,臺東市,10014010-034,永樂里,16,11,5,15,0,1,0,16,0,108Y
10014,臺東縣,10014010,臺東市,10014010-035,康樂里,9,5,4,9,0,0,0,9,0,108Y
10014,臺東縣,10014010,臺東市,10014010-036,東海里,22,14,8,20,1,1,0,21,1,108Y
10014,臺東縣,10014010,臺東市,10014010-037,新興里,2,2,0,2,0,0,0,2,0,108Y
10014,臺東縣,10014010,臺東市,10014010-038,豐榮里,62,34,28,60,1,1,0,59,3,108Y
10014,臺東縣,10014010,臺東市,10014010-039,豐谷里,49,26,23,43,2,4,0,46,3,108Y
10014,臺東縣,10014010,臺東市,10014010-040,豐里里,21,3,18,18,0,3,0,18,3,108Y
10014,臺東縣,10014010,臺東市,10014010-041,豐原里,8,3,5,8,0,0,0,8,0,108Y
10014,臺東縣,10014010,臺東市,10014010-042,建和里,19,2,17,17,0,2,0,17,2,108Y
10014,臺東縣,10014010,臺東市,10014010-043,建興里,11,9,2,10,0,1,0,9,2,108Y
10014,臺東縣,10014010,臺東市,10014010-044,建業里,11,6,5,9,0,2,0,11,0,108Y
10014,臺東縣,10014010,臺東市,10014010-045,知本里,14,9,5,14,0,0,0,14,0,108Y
10014,臺東縣,10014010,臺東市,10014010-046,建農里,18,10,8,16,0,2,0,17,1,108Y
10014,臺東縣,10014020,成功鎮,10014020-002,忠孝里,7,3,4,4,0,3,0,6,1,108Y
10014,臺東縣,10014020,成功鎮,10014020-003,三仙里,7,4,3,5,1,1,0,7,0,108Y
10014,臺東縣,10014020,成功鎮,10014020-004,三民里,14,7,7,12,0,2,0,12,2,108Y
10014,臺東縣,10014020,成功鎮,10014020-005,忠智里,12,8,4,12,0,0,0,10,2,108Y
10014,臺東縣,10014020,成功鎮,10014020-006,忠仁里,12,6,6,12,0,0,0,11,1,108Y
10014,臺東縣,10014020,成功鎮,10014020-007,和平里,3,2,1,2,0,1,0,1,2,108Y
10014,臺東縣,10014020,成功鎮,10014020-008,信義里,7,5,2,7,0,0,0,7,0,108Y
10014,臺東縣,10014030,關山鎮,10014030-001,德高里,12,8,4,10,0,2,0,12,0,108Y
10014,臺東縣,10014030,關山鎮,10014030-002,豐泉里,4,3,1,3,0,1,0,3,1,108Y
10014,臺東縣,10014030,關山鎮,10014030-003,新福里,9,5,4,9,0,0,0,8,1,108Y
10014,臺東縣,10014030,關山鎮,10014030-004,中福里,5,4,1,4,0,1,0,5,0,108Y
10014,臺東縣,10014030,關山鎮,10014030-005,里里,11,5,6,9,2,0,0,9,2,108Y
10014,臺東縣,10014030,關山鎮,10014030-006,電光里,6,2,4,4,1,1,0,6,0,108Y
10014,臺東縣,10014030,關山鎮,10014030-007,月眉里,4,3,1,3,1,0,0,4,0,108Y
10014,臺東縣,10014040,卑南鄉,10014040-001,嘉豐村,3,2,1,3,0,0,0,2,1,108Y
10014,臺東縣,10014040,卑南鄉,10014040-002,利吉村,2,0,2,1,1,0,0,2,0,108Y
10014,臺東縣,10014040,卑南鄉,10014040-003,富山村,3,3,0,3,0,0,0,3,0,108Y
10014,臺東縣,10014040,卑南鄉,10014040-004,富源村,2,1,1,2,0,0,0,2,0,108Y
10014,臺東縣,10014040,卑南鄉,10014040-005,明峰村,9,6,3,9,0,0,0,8,1,108Y
10014,臺東縣,10014040,卑南鄉,10014040-006,初鹿村,8,1,7,6,1,1,0,8,0,108Y
10014,臺東縣,10014040,卑南鄉,10014040-007,美農村,8,6,2,7,0,1,0,8,0,108Y
10014,臺東縣,10014040,卑南鄉,10014040-008,賓朗村,21,11,10,19,0,2,0,20,1,108Y
10014,臺東縣,10014040,卑南鄉,10014040-009,泰安村,13,5,8,10,0,3,0,11,2,108Y
10014,臺東縣,10014040,卑南鄉,10014040-010,太平村,34,14,20,30,1,3,0,33,1,108Y
10014,臺東縣,10014040,卑南鄉,10014040-011,利嘉村,12,6,6,9,2,1,0,11,1,108Y
10014,臺東縣,10014040,卑南鄉,10014040-012,東興村,8,4,4,7,0,1,0,7,1,108Y
10014,臺東縣,10014040,卑南鄉,10014040-013,溫泉村,4,2,2,4,0,0,0,4,0,108Y
10014,臺東縣,10014050,鹿野鄉,10014050-001,瑞和村,5,3,2,3,0,2,0,5,0,108Y
10014,臺東縣,10014050,鹿野鄉,10014050-002,瑞豐村,5,2,3,4,0,1,0,5,0,108Y
10014,臺東縣,10014050,鹿野鄉,10014050-003,瑞源村,5,2,3,5,0,0,0,5,0,108Y
10014,臺東縣,10014050,鹿野鄉,10014050-004,永安村,15,10,5,13,0,2,0,15,0,108Y
10014,臺東縣,10014050,鹿野鄉,10014050-005,瑞隆村,8,4,4,7,1,0,0,7,1,108Y
10014,臺東縣,10014050,鹿野鄉,10014050-006,鹿野村,3,1,2,3,0,0,0,2,1,108Y
10014,臺東縣,10014050,鹿野鄉,10014050-007,龍田村,6,2,4,6,0,0,0,6,0,108Y
10014,臺東縣,10014060,池上鄉,10014060-001,福文村,18,10,8,16,0,2,0,18,0,108Y
10014,臺東縣,10014060,池上鄉,10014060-002,慶豐村,10,7,3,10,0,0,0,10,0,108Y
10014,臺東縣,10014060,池上鄉,10014060-004,大埔村,9,7,2,9,0,0,0,9,0,108Y
10014,臺東縣,10014060,池上鄉,10014060-005,福原村,22,12,10,22,0,0,0,22,0,108Y
10014,臺東縣,10014060,池上鄉,10014060-006,錦園村,3,2,1,2,0,1,0,3,0,108Y
10014,臺東縣,10014060,池上鄉,10014060-007,新興村,6,3,3,6,0,0,0,4,2,108Y
10014,臺東縣,10014060,池上鄉,10014060-008,萬安村,2,0,2,2,0,0,0,2,0,108Y
10014,臺東縣,10014060,池上鄉,10014060-009,富興村,4,2,2,4,0,0,0,3,1,108Y
10014,臺東縣,10014060,池上鄉,10014060-010,振興村,4,2,2,3,0,1,0,4,0,108Y
10014,臺東縣,10014070,東河鄉,10014070-001,北源村,6,5,1,4,0,2,0,6,0,108Y
10014,臺東縣,10014070,東河鄉,10014070-002,泰源村,7,3,4,7,0,0,0,7,0,108Y
10014,臺東縣,10014070,東河鄉,10014070-004,尚德村,2,1,1,2,0,0,0,2,0,108Y
10014,臺東縣,10014070,東河鄉,10014070-005,隆昌村,3,2,1,3,0,0,0,3,0,108Y
10014,臺東縣,10014070,東河鄉,10014070-006,興昌村,5,4,1,4,0,1,0,4,1,108Y
10014,臺東縣,10014070,東河鄉,10014070-007,都蘭村,9,3,6,9,0,0,0,9,0,108Y
10014,臺東縣,10014080,長濱鄉,10014080-001,樟原村,1,0,1,0,0,1,0,1,0,108Y
10014,臺東縣,10014080,長濱鄉,10014080-002,三間村,3,1,2,2,0,1,0,3,0,108Y
10014,臺東縣,10014080,長濱鄉,10014080-003,忠勇村,5,5,0,3,0,2,0,5,0,108Y
10014,臺東縣,10014080,長濱鄉,10014080-004,長濱村,15,6,9,13,1,1,0,15,0,108Y
10014,臺東縣,10014080,長濱鄉,10014080-005,竹湖村,2,1,1,2,0,0,0,2,0,108Y
10014,臺東縣,10014080,長濱鄉,10014080-006,寧埔村,6,3,3,5,1,0,0,4,2,108Y
10014,臺東縣,10014090,太麻里鄉,10014090-001,美和村,8,5,3,7,0,1,0,8,0,108Y
10014,臺東縣,10014090,太麻里鄉,10014090-002,三和村,2,2,0,0,1,1,0,2,0,108Y
10014,臺東縣,10014090,太麻里鄉,10014090-003,華源村,2,1,1,2,0,0,0,1,1,108Y
10014,臺東縣,10014090,太麻里鄉,10014090-005,泰和村,8,6,2,8,0,0,0,7,1,108Y
10014,臺東縣,10014090,太麻里鄉,10014090-006,大王村,4,1,3,4,0,0,0,4,0,108Y
10014,臺東縣,10014090,太麻里鄉,10014090-007,香蘭村,2,1,1,2,0,0,0,2,0,108Y
10014,臺東縣,10014090,太麻里鄉,10014090-008,金崙村,16,8,8,13,1,2,0,14,2,108Y
10014,臺東縣,10014090,太麻里鄉,10014090-009,多良村,7,4,3,6,0,1,0,7,0,108Y
10014,臺東縣,10014100,大武鄉,10014100-001,大竹村,4,3,1,4,0,0,0,4,0,108Y
10014,臺東縣,10014100,大武鄉,10014100-002,大鳥村,18,13,5,10,2,6,0,18,0,108Y
10014,臺東縣,10014100,大武鄉,10014100-003,大武村,11,7,4,8,0,3,0,11,0,108Y
10014,臺東縣,10014100,大武鄉,10014100-004,尚武村,10,3,7,8,1,1,0,10,0,108Y
10014,臺東縣,10014100,大武鄉,10014100-005,南興村,3,3,0,2,1,0,0,3,0,108Y
10014,臺東縣,10014110,綠島鄉,10014110-001,公館村,8,5,3,8,0,0,0,8,0,108Y
10014,臺東縣,10014110,綠島鄉,10014110-002,中寮村,13,7,6,11,0,2,0,10,3,108Y
10014,臺東縣,10014110,綠島鄉,10014110-003,南寮村,18,11,7,18,0,0,0,17,1,108Y
10014,臺東縣,10014120,海端鄉,10014120-001,廣原村,12,6,6,10,0,2,0,12,0,108Y
10014,臺東縣,10014120,海端鄉,10014120-002,霧鹿村,2,1,1,2,0,0,0,2,0,108Y
10014,臺東縣,10014120,海端鄉,10014120-003,利稻村,1,0,1,1,0,0,0,1,0,108Y
10014,臺東縣,10014120,海端鄉,10014120-004,海端村,11,4,7,8,1,2,0,11,0,108Y
10014,臺東縣,10014120,海端鄉,10014120-005,崁頂村,14,10,4,11,0,3,0,14,0,108Y
10014,臺東縣,10014120,海端鄉,10014120-006,加拿村,4,2,2,4,0,0,0,4,0,108Y
10014,臺東縣,10014130,延平鄉,10014130-001,武陵村,4,2,2,4,0,0,0,4,0,108Y
10014,臺東縣,10014130,延平鄉,10014130-002,永康村,4,1,3,3,0,1,0,4,0,108Y
10014,臺東縣,10014130,延平鄉,10014130-003,紅葉村,4,3,1,3,0,1,0,4,0,108Y
10014,臺東縣,10014130,延平鄉,10014130-004,鸞山村,10,4,6,9,1,0,0,9,1,108Y
10014,臺東縣,10014130,延平鄉,10014130-005,桃源村,16,6,10,14,0,2,0,16,0,108Y
10014,臺東縣,10014140,金峰鄉,10014140-001,新興村,9,7,2,7,0,2,0,9,0,108Y
10014,臺東縣,10014140,金峰鄉,10014140-002,正興村,8,6,2,6,0,2,0,8,0,108Y
10014,臺東縣,10014140,金峰鄉,10014140-003,嘉蘭村,21,12,9,17,0,4,0,21,0,108Y
10014,臺東縣,10014140,金峰鄉,10014140-004,賓茂村,3,2,1,3,0,0,0,3,0,108Y
10014,臺東縣,10014140,金峰鄉,10014140-005,歷坵村,9,5,4,7,1,1,0,9,0,108Y
10014,臺東縣,10014150,達仁鄉,10014150-001,台村,7,4,3,5,0,2,0,7,0,108Y
10014,臺東縣,10014150,達仁鄉,10014150-002,土村,7,3,4,7,0,0,0,6,1,108Y
10014,臺東縣,10014150,達仁鄉,10014150-003,新化村,2,1,1,2,0,0,0,2,0,108Y
10014,臺東縣,10014150,達仁鄉,10014150-004,安朔村,7,1,6,7,0,0,0,7,0,108Y
10014,臺東縣,10014150,達仁鄉,10014150-005,森永村,3,2,1,2,0,1,0,3,0,108Y
10014,臺東縣,10014150,達仁鄉,10014150-006,南田村,2,2,0,1,0,1,0,2,0,108Y
10014,臺東縣,10014160,蘭嶼鄉,10014160-001,東清村,24,14,10,22,1,1,0,24,0,108Y
10014,臺東縣,10014160,蘭嶼鄉,10014160-002,朗島村,7,4,3,6,0,1,0,7,0,108Y
10014,臺東縣,10014160,蘭嶼鄉,10014160-003,紅頭村,9,6,3,8,0,1,0,8,1,108Y
10014,臺東縣,10014160,蘭嶼鄉,10014160-004,椰油村,11,6,5,11,0,0,0,10,1,108Y
10014,臺東縣,10014010,臺東市,10014010-001,富岡里,8,4,4,6,0,2,0,8,0,109Y
10014,臺東縣,10014010,臺東市,10014010-002,富豐里,12,4,8,11,0,1,0,12,0,109Y
10014,臺東縣,10014010,臺東市,10014010-003,岩灣里,9,7,2,9,0,0,0,8,1,109Y
10014,臺東縣,10014010,臺東市,10014010-004,南王里,28,14,14,26,0,2,0,26,2,109Y
10014,臺東縣,10014010,臺東市,10014010-005,卑南里,9,5,4,9,0,0,0,9,0,109Y
10014,臺東縣,10014010,臺東市,10014010-006,南榮里,23,12,11,19,1,3,0,23,0,109Y
10014,臺東縣,10014010,臺東市,10014010-007,新生里,42,23,19,41,0,1,0,40,2,109Y
10014,臺東縣,10014010,臺東市,10014010-008,民生里,13,6,7,12,1,0,0,13,0,109Y
10014,臺東縣,10014010,臺東市,10014010-009,寶桑里,3,0,3,2,0,1,0,3,0,109Y
10014,臺東縣,10014010,臺東市,10014010-010,馬蘭里,20,13,7,20,0,0,0,20,0,109Y
10014,臺東縣,10014010,臺東市,10014010-011,中心里,18,9,9,18,0,0,0,17,1,109Y
10014,臺東縣,10014010,臺東市,10014010-012,自強里,37,21,16,34,1,2,0,35,2,109Y
10014,臺東縣,10014010,臺東市,10014010-013,民族里,17,10,7,17,0,0,0,17,0,109Y
10014,臺東縣,10014010,臺東市,10014010-014,四維里,5,2,3,5,0,0,0,5,0,109Y
10014,臺東縣,10014010,臺東市,10014010-015,中華里,10,6,4,6,0,4,0,10,0,109Y
10014,臺東縣,10014010,臺東市,10014010-016,強國里,4,0,4,3,1,0,0,4,0,109Y
10014,臺東縣,10014010,臺東市,10014010-017,建國里,5,3,2,4,0,1,0,5,0,109Y
10014,臺東縣,10014010,臺東市,10014010-018,民權里,7,4,3,6,0,1,0,7,0,109Y
10014,臺東縣,10014010,臺東市,10014010-019,仁愛里,4,1,3,4,0,0,0,4,0,109Y
10014,臺東縣,10014010,臺東市,10014010-020,中正里,3,1,2,3,0,0,0,3,0,109Y
10014,臺東縣,10014010,臺東市,10014010-021,大同里,7,3,4,6,0,1,0,6,1,109Y
10014,臺東縣,10014010,臺東市,10014010-022,成功里,6,4,2,5,0,1,0,6,0,109Y
10014,臺東縣,10014010,臺東市,10014010-023,文化里,11,6,5,11,0,0,0,11,0,109Y
10014,臺東縣,10014010,臺東市,10014010-024,中山里,9,7,2,9,0,0,0,9,0,109Y
10014,臺東縣,10014010,臺東市,10014010-025,復國里,5,3,2,4,0,1,0,5,0,109Y
10014,臺東縣,10014010,臺東市,10014010-026,興國里,10,10,0,10,0,0,0,10,0,109Y
10014,臺東縣,10014010,臺東市,10014010-027,復興里,2,1,1,2,0,0,0,2,0,109Y
10014,臺東縣,10014010,臺東市,10014010-028,鐵花里,2,1,1,2,0,0,0,2,0,109Y
10014,臺東縣,10014010,臺東市,10014010-029,新園里,8,6,2,7,0,1,0,8,0,109Y
10014,臺東縣,10014010,臺東市,10014010-030,豐田里,16,7,9,15,0,1,0,15,1,109Y
10014,臺東縣,10014010,臺東市,10014010-031,豐年里,31,16,15,28,1,2,0,29,2,109Y
10014,臺東縣,10014010,臺東市,10014010-032,光明里,11,5,6,11,0,0,0,11,0,109Y
10014,臺東縣,10014010,臺東市,10014010-033,豐樂里,10,5,5,8,1,1,0,9,1,109Y
10014,臺東縣,10014010,臺東市,10014010-034,永樂里,11,4,7,11,0,0,0,10,1,109Y
10014,臺東縣,10014010,臺東市,10014010-035,康樂里,13,7,6,13,0,0,0,12,1,109Y
10014,臺東縣,10014010,臺東市,10014010-036,東海里,31,17,14,31,0,0,0,31,0,109Y
10014,臺東縣,10014010,臺東市,10014010-037,新興里,5,4,1,5,0,0,0,5,0,109Y
10014,臺東縣,10014010,臺東市,10014010-038,豐榮里,39,16,23,34,1,4,0,36,3,109Y
10014,臺東縣,10014010,臺東市,10014010-039,豐谷里,29,14,15,24,1,4,0,28,1,109Y
10014,臺東縣,10014010,臺東市,10014010-040,豐里里,18,8,10,16,2,0,0,18,0,109Y
10014,臺東縣,10014010,臺東市,10014010-041,豐原里,5,1,4,4,0,1,0,5,0,109Y
10014,臺東縣,10014010,臺東市,10014010-042,建和里,17,9,8,16,0,1,0,17,0,109Y
10014,臺東縣,10014010,臺東市,10014010-043,建興里,1,1,0,1,0,0,0,0,1,109Y
10014,臺東縣,10014010,臺東市,10014010-044,建業里,13,7,6,12,1,0,0,13,0,109Y
10014,臺東縣,10014010,臺東市,10014010-045,知本里,9,3,6,9,0,0,0,8,1,109Y
10014,臺東縣,10014010,臺東市,10014010-046,建農里,21,12,9,16,3,2,0,21,0,109Y
10014,臺東縣,10014020,成功鎮,10014020-001,博愛里,1,0,1,1,0,0,0,1,0,109Y
10014,臺東縣,10014020,成功鎮,10014020-002,忠孝里,5,2,3,5,0,0,0,5,0,109Y
10014,臺東縣,10014020,成功鎮,10014020-003,三仙里,5,2,3,5,0,0,0,5,0,109Y
10014,臺東縣,10014020,成功鎮,10014020-004,三民里,19,5,14,16,0,3,0,19,0,109Y
10014,臺東縣,10014020,成功鎮,10014020-005,忠智里,11,7,4,11,0,0,0,10,1,109Y
10014,臺東縣,10014020,成功鎮,10014020-006,忠仁里,15,10,5,14,0,1,0,14,1,109Y
10014,臺東縣,10014020,成功鎮,10014020-007,和平里,2,2,0,2,0,0,0,2,0,109Y
10014,臺東縣,10014020,成功鎮,10014020-008,信義里,7,4,3,6,0,1,0,7,0,109Y
10014,臺東縣,10014030,關山鎮,10014030-001,德高里,12,4,8,10,0,2,0,12,0,109Y
10014,臺東縣,10014030,關山鎮,10014030-002,豐泉里,5,3,2,5,0,0,0,4,1,109Y
10014,臺東縣,10014030,關山鎮,10014030-003,新福里,7,4,3,5,0,2,0,7,0,109Y
10014,臺東縣,10014030,關山鎮,10014030-004,中福里,1,1,0,1,0,0,0,1,0,109Y
10014,臺東縣,10014030,關山鎮,10014030-005,里里,8,4,4,6,1,1,0,7,1,109Y
10014,臺東縣,10014030,關山鎮,10014030-006,電光里,5,4,1,5,0,0,0,5,0,109Y
10014,臺東縣,10014030,關山鎮,10014030-007,月眉里,3,1,2,3,0,0,0,2,1,109Y
10014,臺東縣,10014040,卑南鄉,10014040-001,嘉豐村,2,2,0,2,0,0,0,2,0,109Y
10014,臺東縣,10014040,卑南鄉,10014040-002,利吉村,3,3,0,2,0,1,0,2,1,109Y
10014,臺東縣,10014040,卑南鄉,10014040-004,富源村,2,2,0,2,0,0,0,2,0,109Y
10014,臺東縣,10014040,卑南鄉,10014040-005,明峰村,11,7,4,11,0,0,0,10,1,109Y
10014,臺東縣,10014040,卑南鄉,10014040-006,初鹿村,15,8,7,12,0,3,0,13,2,109Y
10014,臺東縣,10014040,卑南鄉,10014040-007,美農村,9,7,2,8,0,1,0,9,0,109Y
10014,臺東縣,10014040,卑南鄉,10014040-008,賓朗村,19,10,9,16,1,2,0,18,1,109Y
10014,臺東縣,10014040,卑南鄉,10014040-009,泰安村,13,9,4,11,1,1,0,13,0,109Y
10014,臺東縣,10014040,卑南鄉,10014040-010,太平村,29,14,15,27,0,2,0,29,0,109Y
10014,臺東縣,10014040,卑南鄉,10014040-011,利嘉村,5,0,5,4,0,1,0,5,0,109Y
10014,臺東縣,10014040,卑南鄉,10014040-012,東興村,8,3,5,8,0,0,0,8,0,109Y
10014,臺東縣,10014040,卑南鄉,10014040-013,溫泉村,6,1,5,6,0,0,0,6,0,109Y
10014,臺東縣,10014050,鹿野鄉,10014050-001,瑞和村,1,0,1,0,0,1,0,1,0,109Y
10014,臺東縣,10014050,鹿野鄉,10014050-002,瑞豐村,5,1,4,4,0,1,0,3,2,109Y
10014,臺東縣,10014050,鹿野鄉,10014050-003,瑞源村,11,5,6,10,0,1,0,10,1,109Y
10014,臺東縣,10014050,鹿野鄉,10014050-004,永安村,11,5,6,8,0,3,0,10,1,109Y
10014,臺東縣,10014050,鹿野鄉,10014050-005,瑞隆村,4,2,2,2,0,2,0,4,0,109Y
10014,臺東縣,10014050,鹿野鄉,10014050-006,鹿野村,1,0,1,1,0,0,0,1,0,109Y
10014,臺東縣,10014050,鹿野鄉,10014050-007,龍田村,2,0,2,2,0,0,0,2,0,109Y
10014,臺東縣,10014060,池上鄉,10014060-001,福文村,7,3,4,7,0,0,0,7,0,109Y
10014,臺東縣,10014060,池上鄉,10014060-002,慶豐村,10,6,4,10,0,0,0,9,1,109Y
10014,臺東縣,10014060,池上鄉,10014060-003,大坡村,3,2,1,3,0,0,0,3,0,109Y
10014,臺東縣,10014060,池上鄉,10014060-004,大埔村,9,4,5,9,0,0,0,9,0,109Y
10014,臺東縣,10014060,池上鄉,10014060-005,福原村,35,16,19,35,0,0,0,32,3,109Y
10014,臺東縣,10014060,池上鄉,10014060-006,錦園村,1,0,1,1,0,0,0,1,0,109Y
10014,臺東縣,10014060,池上鄉,10014060-007,新興村,9,5,4,8,0,1,0,9,0,109Y
10014,臺東縣,10014060,池上鄉,10014060-008,萬安村,2,1,1,2,0,0,0,2,0,109Y
10014,臺東縣,10014060,池上鄉,10014060-009,富興村,2,0,2,2,0,0,0,1,1,109Y
10014,臺東縣,10014060,池上鄉,10014060-010,振興村,6,2,4,6,0,0,0,6,0,109Y
10014,臺東縣,10014070,東河鄉,10014070-001,北源村,6,4,2,5,0,1,0,5,1,109Y
10014,臺東縣,10014070,東河鄉,10014070-002,泰源村,6,5,1,6,0,0,0,4,2,109Y
10014,臺東縣,10014070,東河鄉,10014070-003,東河村,3,2,1,3,0,0,0,3,0,109Y
10014,臺東縣,10014070,東河鄉,10014070-004,尚德村,1,1,0,1,0,0,0,1,0,109Y
10014,臺東縣,10014070,東河鄉,10014070-005,隆昌村,1,0,1,1,0,0,0,1,0,109Y
10014,臺東縣,10014070,東河鄉,10014070-006,興昌村,5,4,1,5,0,0,0,5,0,109Y
10014,臺東縣,10014070,東河鄉,10014070-007,都蘭村,11,4,7,11,0,0,0,11,0,109Y
10014,臺東縣,10014080,長濱鄉,10014080-001,樟原村,2,1,1,2,0,0,0,2,0,109Y
10014,臺東縣,10014080,長濱鄉,10014080-002,三間村,4,3,1,4,0,0,0,4,0,109Y
10014,臺東縣,10014080,長濱鄉,10014080-003,忠勇村,1,1,0,1,0,0,0,1,0,109Y
10014,臺東縣,10014080,長濱鄉,10014080-004,長濱村,10,3,7,8,1,1,0,8,2,109Y
10014,臺東縣,10014080,長濱鄉,10014080-005,竹湖村,5,4,1,5,0,0,0,4,1,109Y
10014,臺東縣,10014080,長濱鄉,10014080-006,寧埔村,1,0,1,1,0,0,0,1,0,109Y
10014,臺東縣,10014090,太麻里鄉,10014090-001,美和村,4,3,1,4,0,0,0,4,0,109Y
10014,臺東縣,10014090,太麻里鄉,10014090-002,三和村,3,3,0,2,1,0,0,3,0,109Y
10014,臺東縣,10014090,太麻里鄉,10014090-003,華源村,1,0,1,1,0,0,0,0,1,109Y
10014,臺東縣,10014090,太麻里鄉,10014090-004,北里村,4,3,1,4,0,0,0,4,0,109Y
10014,臺東縣,10014090,太麻里鄉,10014090-005,泰和村,7,4,3,7,0,0,0,7,0,109Y
10014,臺東縣,10014090,太麻里鄉,10014090-006,大王村,10,4,6,9,0,1,0,9,1,109Y
10014,臺東縣,10014090,太麻里鄉,10014090-007,香蘭村,6,3,3,6,0,0,0,6,0,109Y
10014,臺東縣,10014090,太麻里鄉,10014090-008,金崙村,19,10,9,17,0,2,0,19,0,109Y
10014,臺東縣,10014090,太麻里鄉,10014090-009,多良村,8,3,5,4,1,3,0,8,0,109Y
10014,臺東縣,10014100,大武鄉,10014100-001,大竹村,11,5,6,8,1,2,0,11,0,109Y
10014,臺東縣,10014100,大武鄉,10014100-002,大鳥村,9,2,7,4,1,4,0,9,0,109Y
10014,臺東縣,10014100,大武鄉,10014100-003,大武村,8,4,4,6,0,2,0,8,0,109Y
10014,臺東縣,10014100,大武鄉,10014100-004,尚武村,10,5,5,9,1,0,0,10,0,109Y
10014,臺東縣,10014100,大武鄉,10014100-005,南興村,3,1,2,3,0,0,0,3,0,109Y
10014,臺東縣,10014110,綠島鄉,10014110-001,公館村,8,5,3,8,0,0,0,8,0,109Y
10014,臺東縣,10014110,綠島鄉,10014110-002,中寮村,10,4,6,10,0,0,0,9,1,109Y
10014,臺東縣,10014110,綠島鄉,10014110-003,南寮村,12,4,8,11,0,1,0,11,1,109Y
10014,臺東縣,10014120,海端鄉,10014120-001,廣原村,6,3,3,6,0,0,0,6,0,109Y
10014,臺東縣,10014120,海端鄉,10014120-002,霧鹿村,2,1,1,2,0,0,0,2,0,109Y
10014,臺東縣,10014120,海端鄉,10014120-003,利稻村,7,6,1,6,0,1,0,7,0,109Y
10014,臺東縣,10014120,海端鄉,10014120-004,海端村,17,7,10,15,0,2,0,17,0,109Y
10014,臺東縣,10014120,海端鄉,10014120-005,崁頂村,7,7,0,6,0,1,0,7,0,109Y
10014,臺東縣,10014120,海端鄉,10014120-006,加拿村,6,5,1,6,0,0,0,6,0,109Y
10014,臺東縣,10014130,延平鄉,10014130-001,武陵村,5,3,2,5,0,0,0,5,0,109Y
10014,臺東縣,10014130,延平鄉,10014130-002,永康村,2,2,0,2,0,0,0,2,0,109Y
10014,臺東縣,10014130,延平鄉,10014130-003,紅葉村,7,3,4,7,0,0,0,7,0,109Y
10014,臺東縣,10014130,延平鄉,10014130-004,鸞山村,9,3,6,8,0,1,0,9,0,109Y
10014,臺東縣,10014130,延平鄉,10014130-005,桃源村,16,10,6,15,0,1,0,16,0,109Y
10014,臺東縣,10014140,金峰鄉,10014140-001,新興村,9,4,5,8,1,0,0,9,0,109Y
10014,臺東縣,10014140,金峰鄉,10014140-002,正興村,10,4,6,10,0,0,0,10,0,109Y
10014,臺東縣,10014140,金峰鄉,10014140-003,嘉蘭村,16,9,7,13,1,2,0,16,0,109Y
10014,臺東縣,10014140,金峰鄉,10014140-004,賓茂村,4,2,2,2,1,1,0,4,0,109Y
10014,臺東縣,10014140,金峰鄉,10014140-005,歷坵村,6,3,3,4,0,2,0,6,0,109Y
10014,臺東縣,10014150,達仁鄉,10014150-001,台村,10,5,5,9,0,1,0,10,0,109Y
10014,臺東縣,10014150,達仁鄉,10014150-002,土村,5,2,3,3,0,2,0,5,0,109Y
10014,臺東縣,10014150,達仁鄉,10014150-003,新化村,3,1,2,3,0,0,0,3,0,109Y
10014,臺東縣,10014150,達仁鄉,10014150-004,安朔村,9,4,5,8,1,0,0,8,1,109Y
10014,臺東縣,10014150,達仁鄉,10014150-005,森永村,2,0,2,1,0,1,0,2,0,109Y
10014,臺東縣,10014150,達仁鄉,10014150-006,南田村,3,1,2,3,0,0,0,3,0,109Y
10014,臺東縣,10014160,蘭嶼鄉,10014160-001,東清村,16,9,7,15,0,1,0,16,0,109Y
10014,臺東縣,10014160,蘭嶼鄉,10014160-002,朗島村,9,8,1,9,0,0,0,9,0,109Y
10014,臺東縣,10014160,蘭嶼鄉,10014160-003,紅頭村,15,9,6,14,1,0,0,15,0,109Y
10014,臺東縣,10014160,蘭嶼鄉,10014160-004,椰油村,10,6,4,9,1,0,0,10,0,109Y
10014,臺東縣,10014010,臺東市,10014010-001,富岡里,12,7,5,10,0,2,0,12,0,110Y
10014,臺東縣,10014010,臺東市,10014010-003,岩灣里,14,7,7,14,0,0,0,14,0,110Y
10014,臺東縣,10014010,臺東市,10014010-004,南王里,23,9,14,21,0,2,0,23,0,110Y
10014,臺東縣,10014010,臺東市,10014010-005,卑南里,13,10,3,12,0,1,0,11,2,110Y
10014,臺東縣,10014010,臺東市,10014010-006,南榮里,25,15,10,25,0,0,0,24,1,110Y
10014,臺東縣,10014010,臺東市,10014010-007,新生里,26,13,13,25,0,1,0,25,1,110Y
10014,臺東縣,10014010,臺東市,10014010-008,民生里,17,9,8,15,2,0,0,17,0,110Y
10014,臺東縣,10014010,臺東市,10014010-009,寶桑里,7,4,3,7,0,0,0,7,0,110Y
10014,臺東縣,10014010,臺東市,10014010-010,馬蘭里,21,12,9,21,0,0,0,18,3,110Y
10014,臺東縣,10014010,臺東市,10014010-011,中心里,20,11,9,20,0,0,0,18,2,110Y
10014,臺東縣,10014010,臺東市,10014010-012,自強里,42,24,18,40,0,2,0,42,0,110Y
10014,臺東縣,10014010,臺東市,10014010-013,民族里,21,8,13,19,0,2,0,20,1,110Y
10014,臺東縣,10014010,臺東市,10014010-015,中華里,16,5,11,14,0,2,0,14,2,110Y
10014,臺東縣,10014010,臺東市,10014010-017,建國里,6,6,0,6,0,0,0,6,0,110Y
10014,臺東縣,10014010,臺東市,10014010-020,中正里,10,8,2,10,0,0,0,10,0,110Y
10014,臺東縣,10014010,臺東市,10014010-022,成功里,5,3,2,5,0,0,0,4,1,110Y
10014,臺東縣,10014010,臺東市,10014010-023,文化里,11,6,5,10,1,0,0,11,0,110Y
10014,臺東縣,10014010,臺東市,10014010-024,中山里,15,5,10,14,1,0,0,15,0,110Y
10014,臺東縣,10014010,臺東市,10014010-029,新園里,10,6,4,9,1,0,0,9,1,110Y
10014,臺東縣,10014010,臺東市,10014010-030,豐田里,12,8,4,11,1,0,0,12,0,110Y
10014,臺東縣,10014010,臺東市,10014010-031,豐年里,33,16,17,31,2,0,0,32,1,110Y
10014,臺東縣,10014010,臺東市,10014010-032,光明里,25,14,11,25,0,0,0,25,0,110Y
10014,臺東縣,10014010,臺東市,10014010-033,豐樂里,13,7,6,11,1,1,0,13,0,110Y
10014,臺東縣,10014010,臺東市,10014010-034,永樂里,19,12,7,19,0,0,0,19,0,110Y
10014,臺東縣,10014010,臺東市,10014010-035,康樂里,13,8,5,13,0,0,0,13,0,110Y
10014,臺東縣,10014010,臺東市,10014010-036,東海里,22,12,10,21,0,1,0,21,1,110Y
10014,臺東縣,10014010,臺東市,10014010-037,新興里,8,5,3,8,0,0,0,8,0,110Y
10014,臺東縣,10014010,臺東市,10014010-038,豐榮里,51,27,24,48,1,2,0,47,4,110Y
10014,臺東縣,10014010,臺東市,10014010-039,豐谷里,34,21,13,32,1,1,0,33,1,110Y
10014,臺東縣,10014010,臺東市,10014010-040,豐里里,16,5,11,15,0,1,0,14,2,110Y
10014,臺東縣,10014010,臺東市,10014010-041,豐原里,5,3,2,5,0,0,0,5,0,110Y
10014,臺東縣,10014010,臺東市,10014010-042,建和里,20,10,10,17,0,3,0,20,0,110Y
10014,臺東縣,10014010,臺東市,10014010-043,建興里,13,5,8,11,2,0,0,11,2,110Y
10014,臺東縣,10014010,臺東市,10014010-045,知本里,13,10,3,12,1,0,0,13,0,110Y
10014,臺東縣,10014010,臺東市,10014010-046,建農里,19,10,9,15,3,1,0,18,1,110Y
10014,臺東縣,10014010,臺東市,10014010-047,仁和里,15,8,7,13,0,2,0,15,0,110Y
10014,臺東縣,10014010,臺東市,10014010-048,豐安里,10,5,5,9,0,1,0,9,1,110Y
10014,臺東縣,10014010,臺東市,10014010-049,豐盛里,10,4,6,9,0,1,0,10,0,110Y
10014,臺東縣,10014020,成功鎮,10014020-001,博愛里,3,2,1,2,0,1,0,3,0,110Y
10014,臺東縣,10014020,成功鎮,10014020-002,忠孝里,4,1,3,4,0,0,0,3,1,110Y
10014,臺東縣,10014020,成功鎮,10014020-003,三仙里,4,3,1,3,0,1,0,3,1,110Y
10014,臺東縣,10014020,成功鎮,10014020-004,三民里,16,8,8,14,0,2,0,16,0,110Y
10014,臺東縣,10014020,成功鎮,10014020-005,忠智里,5,2,3,5,0,0,0,5,0,110Y
10014,臺東縣,10014020,成功鎮,10014020-006,忠仁里,8,3,5,8,0,0,0,7,1,110Y
10014,臺東縣,10014020,成功鎮,10014020-007,和平里,0,0,0,0,0,0,0,0,0,110Y
10014,臺東縣,10014020,成功鎮,10014020-008,信義里,7,4,3,6,1,0,0,7,0,110Y
10014,臺東縣,10014030,關山鎮,10014030-001,德高里,8,2,6,4,0,4,0,8,0,110Y
10014,臺東縣,10014030,關山鎮,10014030-002,豐泉里,7,3,4,5,0,2,0,7,0,110Y
10014,臺東縣,10014030,關山鎮,10014030-003,新福里,8,7,1,7,0,1,0,6,2,110Y
10014,臺東縣,10014030,關山鎮,10014030-004,中福里,6,5,1,6,0,0,0,6,0,110Y
10014,臺東縣,10014030,關山鎮,10014030-005,里■里,3,3,0,3,0,0,0,2,1,110Y
10014,臺東縣,10014030,關山鎮,10014030-006,電光里,2,2,0,2,0,0,0,2,0,110Y
10014,臺東縣,10014030,關山鎮,10014030-007,月眉里,4,2,2,4,0,0,0,4,0,110Y
10014,臺東縣,10014040,卑南鄉,10014040-001,嘉豐村,5,3,2,5,0,0,0,2,3,110Y
10014,臺東縣,10014040,卑南鄉,10014040-002,利吉村,2,1,1,2,0,0,0,2,0,110Y
10014,臺東縣,10014040,卑南鄉,10014040-003,富山村,4,4,0,4,0,0,0,4,0,110Y
10014,臺東縣,10014040,卑南鄉,10014040-004,富源村,4,2,2,4,0,0,0,4,0,110Y
10014,臺東縣,10014040,卑南鄉,10014040-005,明峰村,5,4,1,3,1,1,0,5,0,110Y
10014,臺東縣,10014040,卑南鄉,10014040-006,初鹿村,10,2,8,7,0,3,0,9,1,110Y
10014,臺東縣,10014040,卑南鄉,10014040-007,美農村,3,1,2,2,1,0,0,3,0,110Y
10014,臺東縣,10014040,卑南鄉,10014040-008,賓朗村,10,6,4,9,1,0,0,9,1,110Y
10014,臺東縣,10014040,卑南鄉,10014040-009,泰安村,12,3,9,11,0,1,0,11,1,110Y
10014,臺東縣,10014040,卑南鄉,10014040-010,太平村,27,15,12,25,0,2,0,26,1,110Y
10014,臺東縣,10014040,卑南鄉,10014040-011,利嘉村,9,9,0,7,2,0,0,8,1,110Y
10014,臺東縣,10014040,卑南鄉,10014040-012,東興村,11,5,6,9,0,2,0,11,0,110Y
10014,臺東縣,10014040,卑南鄉,10014040-013,溫泉村,1,1,0,1,0,0,0,1,0,110Y
10014,臺東縣,10014050,鹿野鄉,10014050-001,瑞和村,2,1,1,2,0,0,0,2,0,110Y
10014,臺東縣,10014050,鹿野鄉,10014050-002,瑞豐村,3,0,3,1,2,0,0,3,0,110Y
10014,臺東縣,10014050,鹿野鄉,10014050-003,瑞源村,3,3,0,3,0,0,0,2,1,110Y
10014,臺東縣,10014050,鹿野鄉,10014050-004,永安村,8,4,4,6,1,1,0,8,0,110Y
10014,臺東縣,10014050,鹿野鄉,10014050-005,瑞隆村,5,4,1,5,0,0,0,5,0,110Y
10014,臺東縣,10014050,鹿野鄉,10014050-006,鹿野村,3,1,2,2,0,1,0,3,0,110Y
10014,臺東縣,10014050,鹿野鄉,10014050-007,龍田村,4,3,1,4,0,0,0,4,0,110Y
10014,臺東縣,10014060,池上鄉,10014060-001,福文村,7,6,1,7,0,0,0,7,0,110Y
10014,臺東縣,10014060,池上鄉,10014060-002,慶豐村,6,4,2,3,0,3,0,6,0,110Y
10014,臺東縣,10014060,池上鄉,10014060-003,大坡村,1,0,1,1,0,0,0,1,0,110Y
10014,臺東縣,10014060,池上鄉,10014060-004,大埔村,8,5,3,8,0,0,0,8,0,110Y
10014,臺東縣,10014060,池上鄉,10014060-005,福原村,19,13,6,18,1,0,0,19,0,110Y
10014,臺東縣,10014060,池上鄉,10014060-006,錦園村,5,1,4,5,0,0,0,4,1,110Y
10014,臺東縣,10014060,池上鄉,10014060-007,新興村,9,4,5,8,0,1,0,9,0,110Y
10014,臺東縣,10014060,池上鄉,10014060-008,萬安村,1,0,1,1,0,0,0,1,0,110Y
10014,臺東縣,10014060,池上鄉,10014060-009,富興村,3,2,1,3,0,0,0,3,0,110Y
10014,臺東縣,10014060,池上鄉,10014060-010,振興村,4,3,1,3,0,1,0,4,0,110Y
10014,臺東縣,10014070,東河鄉,10014070-001,北源村,1,0,1,1,0,0,0,1,0,110Y
10014,臺東縣,10014070,東河鄉,10014070-002,泰源村,4,4,0,3,0,1,0,4,0,110Y
10014,臺東縣,10014070,東河鄉,10014070-003,東河村,3,1,2,3,0,0,0,3,0,110Y
10014,臺東縣,10014070,東河鄉,10014070-004,尚德村,0,0,0,0,0,0,0,0,0,110Y
10014,臺東縣,10014070,東河鄉,10014070-005,隆昌村,1,0,1,1,0,0,0,1,0,110Y
10014,臺東縣,10014070,東河鄉,10014070-006,興昌村,3,2,1,3,0,0,0,3,0,110Y
10014,臺東縣,10014070,東河鄉,10014070-007,都蘭村,11,4,7,10,0,1,0,10,1,110Y
10014,臺東縣,10014080,長濱鄉,10014080-001,樟原村,3,1,2,2,0,1,0,2,1,110Y
10014,臺東縣,10014080,長濱鄉,10014080-002,三間村,8,3,5,6,1,1,0,6,2,110Y
10014,臺東縣,10014080,長濱鄉,10014080-003,忠勇村,3,1,2,1,0,2,0,3,0,110Y
10014,臺東縣,10014080,長濱鄉,10014080-004,長濱村,4,3,1,4,0,0,0,4,0,110Y
10014,臺東縣,10014080,長濱鄉,10014080-005,竹湖村,1,1,0,1,0,0,0,1,0,110Y
10014,臺東縣,10014080,長濱鄉,10014080-006,寧埔村,7,7,0,6,1,0,0,7,0,110Y
10014,臺東縣,10014090,太麻里鄉,10014090-001,美和村,5,0,5,5,0,0,0,4,1,110Y
10014,臺東縣,10014090,太麻里鄉,10014090-002,三和村,3,2,1,3,0,0,0,3,0,110Y
10014,臺東縣,10014090,太麻里鄉,10014090-003,華源村,1,0,1,1,0,0,0,1,0,110Y
10014,臺東縣,10014090,太麻里鄉,10014090-004,北里村,2,1,1,1,0,1,0,2,0,110Y
10014,臺東縣,10014090,太麻里鄉,10014090-005,泰和村,13,4,9,12,0,1,0,13,0,110Y
10014,臺東縣,10014090,太麻里鄉,10014090-006,大王村,8,2,6,7,1,0,0,6,2,110Y
10014,臺東縣,10014090,太麻里鄉,10014090-007,香蘭村,6,3,3,6,0,0,0,6,0,110Y
10014,臺東縣,10014090,太麻里鄉,10014090-008,金崙村,11,4,7,10,0,1,0,11,0,110Y
10014,臺東縣,10014090,太麻里鄉,10014090-009,多良村,11,7,4,11,0,0,0,11,0,110Y
10014,臺東縣,10014100,大武鄉,10014100-001,大竹村,6,4,2,2,0,4,0,6,0,110Y
10014,臺東縣,10014100,大武鄉,10014100-002,大鳥村,9,4,5,6,0,3,0,9,0,110Y
10014,臺東縣,10014100,大武鄉,10014100-003,大武村,6,3,3,6,0,0,0,6,0,110Y
10014,臺東縣,10014100,大武鄉,10014100-004,尚武村,4,1,3,4,0,0,0,4,0,110Y
10014,臺東縣,10014100,大武鄉,10014100-005,南興村,10,5,5,6,2,2,0,8,2,110Y
10014,臺東縣,10014110,綠島鄉,10014110-001,公館村,6,4,2,5,0,1,0,5,1,110Y
10014,臺東縣,10014110,綠島鄉,10014110-002,中寮村,14,8,6,13,0,1,0,13,1,110Y
10014,臺東縣,10014110,綠島鄉,10014110-003,南寮村,11,6,5,11,0,0,0,11,0,110Y
10014,臺東縣,10014120,海端鄉,10014120-001,廣原村,9,5,4,8,0,1,0,9,0,110Y
10014,臺東縣,10014120,海端鄉,10014120-002,霧鹿村,4,2,2,4,0,0,0,4,0,110Y
10014,臺東縣,10014120,海端鄉,10014120-003,利稻村,6,2,4,5,0,1,0,6,0,110Y
10014,臺東縣,10014120,海端鄉,10014120-004,海端村,10,7,3,8,0,2,0,10,0,110Y
10014,臺東縣,10014120,海端鄉,10014120-005,崁頂村,18,11,7,17,0,1,0,18,0,110Y
10014,臺東縣,10014120,海端鄉,10014120-006,加拿村,6,2,4,6,0,0,0,6,0,110Y
10014,臺東縣,10014130,延平鄉,10014130-001,武陵村,11,5,6,10,1,0,0,10,1,110Y
10014,臺東縣,10014130,延平鄉,10014130-002,永康村,5,3,2,5,0,0,0,5,0,110Y
10014,臺東縣,10014130,延平鄉,10014130-003,紅葉村,5,2,3,5,0,0,0,5,0,110Y
10014,臺東縣,10014130,延平鄉,10014130-004,鸞山村,9,4,5,8,0,1,0,9,0,110Y
10014,臺東縣,10014130,延平鄉,10014130-005,桃源村,11,6,5,10,0,1,0,11,0,110Y
10014,臺東縣,10014140,金峰鄉,10014140-001,新興村,2,2,0,2,0,0,0,2,0,110Y
10014,臺東縣,10014140,金峰鄉,10014140-002,正興村,10,4,6,9,0,1,0,10,0,110Y
10014,臺東縣,10014140,金峰鄉,10014140-003,嘉蘭村,19,10,9,17,0,2,0,19,0,110Y
10014,臺東縣,10014140,金峰鄉,10014140-004,賓茂村,4,2,2,4,0,0,0,4,0,110Y
10014,臺東縣,10014140,金峰鄉,10014140-005,歷坵村,0,0,0,0,0,0,0,0,0,110Y
10014,臺東縣,10014150,達仁鄉,10014150-001,台■村,7,4,3,7,0,0,0,7,0,110Y
10014,臺東縣,10014150,達仁鄉,10014150-002,土■村,9,4,5,8,0,1,0,9,0,110Y
10014,臺東縣,10014150,達仁鄉,10014150-003,新化村,4,4,0,4,0,0,0,4,0,110Y
10014,臺東縣,10014150,達仁鄉,10014150-004,安朔村,5,2,3,5,0,0,0,4,1,110Y
10014,臺東縣,10014150,達仁鄉,10014150-005,森永村,2,2,0,2,0,0,0,2,0,110Y
10014,臺東縣,10014150,達仁鄉,10014150-006,南田村,1,0,1,1,0,0,0,1,0,110Y
10014,臺東縣,10014160,蘭嶼鄉,10014160-001,東清村,16,11,5,15,0,1,0,16,0,110Y
10014,臺東縣,10014160,蘭嶼鄉,10014160-002,朗島村,7,6,1,5,0,2,0,7,0,110Y
10014,臺東縣,10014160,蘭嶼鄉,10014160-003,紅頭村,13,3,10,13,0,0,0,13,0,110Y
10014,臺東縣,10014160,蘭嶼鄉,10014160-004,椰油村,9,4,5,9,0,0,0,9,0,110Y
10014,臺東縣,10014010,臺東市,10014010-001,富岡里,17,6,11,16,0,1,0,17,0,111Y
10014,臺東縣,10014010,臺東市,10014010-003,岩灣里,9,2,7,9,0,0,0,8,1,111Y
10014,臺東縣,10014010,臺東市,10014010-004,南王里,31,11,20,27,2,2,0,30,1,111Y
10014,臺東縣,10014010,臺東市,10014010-005,卑南里,14,7,7,12,2,0,0,13,1,111Y
10014,臺東縣,10014010,臺東市,10014010-006,南榮里,24,15,9,22,1,1,0,24,0,111Y
10014,臺東縣,10014010,臺東市,10014010-007,新生里,25,13,12,25,0,0,0,23,2,111Y
10014,臺東縣,10014010,臺東市,10014010-008,民生里,20,8,12,20,0,0,0,19,1,111Y
10014,臺東縣,10014010,臺東市,10014010-009,寶桑里,10,6,4,9,1,0,0,10,0,111Y
10014,臺東縣,10014010,臺東市,10014010-010,馬蘭里,14,5,9,14,0,0,0,13,1,111Y
10014,臺東縣,10014010,臺東市,10014010-011,中心里,20,10,10,19,0,1,0,20,0,111Y
10014,臺東縣,10014010,臺東市,10014010-012,自強里,42,26,16,42,0,0,0,41,1,111Y
10014,臺東縣,10014010,臺東市,10014010-013,民族里,25,15,10,22,1,2,0,25,0,111Y
10014,臺東縣,10014010,臺東市,10014010-015,中華里,20,10,10,20,0,0,0,19,1,111Y
10014,臺東縣,10014010,臺東市,10014010-017,建國里,10,3,7,9,0,1,0,10,0,111Y
10014,臺東縣,10014010,臺東市,10014010-020,中正里,9,5,4,9,0,0,0,8,1,111Y
10014,臺東縣,10014010,臺東市,10014010-022,成功里,8,4,4,8,0,0,0,7,1,111Y
10014,臺東縣,10014010,臺東市,10014010-023,文化里,17,11,6,17,0,0,0,17,0,111Y
10014,臺東縣,10014010,臺東市,10014010-024,中山里,17,7,10,17,0,0,0,17,0,111Y
10014,臺東縣,10014010,臺東市,10014010-029,新園里,10,4,6,10,0,0,0,10,0,111Y
10014,臺東縣,10014010,臺東市,10014010-030,豐田里,11,6,5,9,1,1,0,9,2,111Y
10014,臺東縣,10014010,臺東市,10014010-031,豐年里,33,18,15,30,2,1,0,32,1,111Y
10014,臺東縣,10014010,臺東市,10014010-032,光明里,19,7,12,19,0,0,0,18,1,111Y
10014,臺東縣,10014010,臺東市,10014010-033,豐樂里,15,6,9,13,1,1,0,15,0,111Y
10014,臺東縣,10014010,臺東市,10014010-034,永樂里,22,13,9,22,0,0,0,22,0,111Y
10014,臺東縣,10014010,臺東市,10014010-035,康樂里,19,9,10,17,2,0,0,18,1,111Y
10014,臺東縣,10014010,臺東市,10014010-036,東海里,22,13,9,22,0,0,0,22,0,111Y
10014,臺東縣,10014010,臺東市,10014010-037,新興里,13,6,7,12,0,1,0,13,0,111Y
10014,臺東縣,10014010,臺東市,10014010-038,豐榮里,27,17,10,24,0,3,0,27,0,111Y
10014,臺東縣,10014010,臺東市,10014010-039,豐谷里,25,17,8,24,1,0,0,25,0,111Y
10014,臺東縣,10014010,臺東市,10014010-040,豐里里,20,10,10,19,0,1,0,20,0,111Y
10014,臺東縣,10014010,臺東市,10014010-041,豐原里,10,2,8,8,0,2,0,9,1,111Y
10014,臺東縣,10014010,臺東市,10014010-042,建和里,9,6,3,9,0,0,0,9,0,111Y
10014,臺東縣,10014010,臺東市,10014010-043,建興里,13,5,8,11,2,0,0,9,4,111Y
10014,臺東縣,10014010,臺東市,10014010-045,知本里,19,13,6,18,1,0,0,19,0,111Y
10014,臺東縣,10014010,臺東市,10014010-046,建農里,20,5,15,15,3,2,0,20,0,111Y
10014,臺東縣,10014010,臺東市,10014010-047,仁和里,20,12,8,19,0,1,0,19,1,111Y
10014,臺東縣,10014010,臺東市,10014010-048,豐安里,23,12,11,23,0,0,0,21,2,111Y
10014,臺東縣,10014010,臺東市,10014010-049,豐盛里,23,13,10,21,0,2,0,21,2,111Y
10014,臺東縣,10014020,成功鎮,10014020-001,博愛里,3,1,2,3,0,0,0,3,0,111Y
10014,臺東縣,10014020,成功鎮,10014020-002,忠孝里,3,0,3,3,0,0,0,3,0,111Y
10014,臺東縣,10014020,成功鎮,10014020-003,三仙里,3,2,1,2,0,1,0,3,0,111Y
10014,臺東縣,10014020,成功鎮,10014020-004,三民里,17,11,6,15,1,1,0,17,0,111Y
10014,臺東縣,10014020,成功鎮,10014020-005,忠智里,11,5,6,10,0,1,0,10,1,111Y
10014,臺東縣,10014020,成功鎮,10014020-006,忠仁里,12,8,4,12,0,0,0,11,1,111Y
10014,臺東縣,10014020,成功鎮,10014020-007,和平里,2,1,1,2,0,0,0,2,0,111Y
10014,臺東縣,10014020,成功鎮,10014020-008,信義里,8,4,4,8,0,0,0,8,0,111Y
10014,臺東縣,10014030,關山鎮,10014030-001,德高里,9,5,4,8,0,1,0,9,0,111Y
10014,臺東縣,10014030,關山鎮,10014030-002,豐泉里,7,3,4,6,0,1,0,7,0,111Y
10014,臺東縣,10014030,關山鎮,10014030-003,新福里,8,6,2,8,0,0,0,6,2,111Y
10014,臺東縣,10014030,關山鎮,10014030-004,中福里,5,2,3,5,0,0,0,5,0,111Y
10014,臺東縣,10014030,關山鎮,10014030-005,里?里,10,4,6,9,1,0,0,10,0,111Y
10014,臺東縣,10014030,關山鎮,10014030-006,電光里,4,1,3,4,0,0,0,4,0,111Y
10014,臺東縣,10014030,關山鎮,10014030-007,月眉里,4,2,2,4,0,0,0,3,1,111Y
10014,臺東縣,10014040,卑南鄉,10014040-001,嘉豐村,3,3,0,3,0,0,0,3,0,111Y
10014,臺東縣,10014040,卑南鄉,10014040-002,利吉村,1,1,0,1,0,0,0,1,0,111Y
10014,臺東縣,10014040,卑南鄉,10014040-003,富山村,2,2,0,2,0,0,0,2,0,111Y
10014,臺東縣,10014040,卑南鄉,10014040-004,富源村,4,3,1,4,0,0,0,4,0,111Y
10014,臺東縣,10014040,卑南鄉,10014040-005,明峰村,10,6,4,9,1,0,0,9,1,111Y
10014,臺東縣,10014040,卑南鄉,10014040-006,初鹿村,9,4,5,6,0,3,0,8,1,111Y
10014,臺東縣,10014040,卑南鄉,10014040-007,美農村,1,1,0,1,0,0,0,1,0,111Y
10014,臺東縣,10014040,卑南鄉,10014040-008,賓朗村,13,9,4,12,1,0,0,13,0,111Y
10014,臺東縣,10014040,卑南鄉,10014040-009,泰安村,15,6,9,14,0,1,0,15,0,111Y
10014,臺東縣,10014040,卑南鄉,10014040-010,太平村,30,17,13,24,1,5,0,30,0,111Y
10014,臺東縣,10014040,卑南鄉,10014040-011,利嘉村,5,2,3,5,0,0,0,5,0,111Y
10014,臺東縣,10014040,卑南鄉,10014040-012,東興村,11,6,5,11,0,0,0,11,0,111Y
10014,臺東縣,10014040,卑南鄉,10014040-013,溫泉村,4,2,2,4,0,0,0,4,0,111Y
10014,臺東縣,10014050,鹿野鄉,10014050-001,瑞和村,3,0,3,3,0,0,0,3,0,111Y
10014,臺東縣,10014050,鹿野鄉,10014050-002,瑞豐村,5,2,3,4,1,0,0,4,1,111Y
10014,臺東縣,10014050,鹿野鄉,10014050-003,瑞源村,7,3,4,5,1,1,0,7,0,111Y
10014,臺東縣,10014050,鹿野鄉,10014050-004,永安村,4,0,4,2,1,1,0,3,1,111Y
10014,臺東縣,10014050,鹿野鄉,10014050-005,瑞隆村,5,4,1,3,1,1,0,5,0,111Y
10014,臺東縣,10014050,鹿野鄉,10014050-006,鹿野村,7,3,4,6,0,1,0,7,0,111Y
10014,臺東縣,10014050,鹿野鄉,10014050-007,龍田村,2,2,0,2,0,0,0,2,0,111Y
10014,臺東縣,10014060,池上鄉,10014060-001,福文村,11,6,5,11,0,0,0,11,0,111Y
10014,臺東縣,10014060,池上鄉,10014060-002,慶豐村,10,6,4,8,1,1,0,10,0,111Y
10014,臺東縣,10014060,池上鄉,10014060-003,大坡村,1,0,1,1,0,0,0,1,0,111Y
10014,臺東縣,10014060,池上鄉,10014060-004,大埔村,7,5,2,7,0,0,0,7,0,111Y
10014,臺東縣,10014060,池上鄉,10014060-005,福原村,21,12,9,21,0,0,0,21,0,111Y
10014,臺東縣,10014060,池上鄉,10014060-006,錦園村,2,1,1,2,0,0,0,2,0,111Y
10014,臺東縣,10014060,池上鄉,10014060-007,新興村,11,3,8,10,0,1,0,11,0,111Y
10014,臺東縣,10014060,池上鄉,10014060-008,萬安村,1,1,0,1,0,0,0,1,0,111Y
10014,臺東縣,10014060,池上鄉,10014060-009,富興村,5,0,5,5,0,0,0,5,0,111Y
10014,臺東縣,10014060,池上鄉,10014060-010,振興村,4,3,1,4,0,0,0,4,0,111Y
10014,臺東縣,10014070,東河鄉,10014070-001,北源村,5,2,3,5,0,0,0,5,0,111Y
10014,臺東縣,10014070,東河鄉,10014070-002,泰源村,10,6,4,8,0,2,0,9,1,111Y
10014,臺東縣,10014070,東河鄉,10014070-003,東河村,3,1,2,3,0,0,0,3,0,111Y
10014,臺東縣,10014070,東河鄉,10014070-004,尚德村,0,0,0,0,0,0,0,0,0,111Y
10014,臺東縣,10014070,東河鄉,10014070-005,隆昌村,2,2,0,2,0,0,0,2,0,111Y
10014,臺東縣,10014070,東河鄉,10014070-006,興昌村,4,2,2,4,0,0,0,4,0,111Y
10014,臺東縣,10014070,東河鄉,10014070-007,都蘭村,8,3,5,8,0,0,0,8,0,111Y
10014,臺東縣,10014080,長濱鄉,10014080-001,樟原村,3,2,1,3,0,0,0,3,0,111Y
10014,臺東縣,10014080,長濱鄉,10014080-002,三間村,6,5,1,5,1,0,0,6,0,111Y
10014,臺東縣,10014080,長濱鄉,10014080-003,忠勇村,0,0,0,0,0,0,0,0,0,111Y
10014,臺東縣,10014080,長濱鄉,10014080-004,長濱村,6,3,3,6,0,0,0,6,0,111Y
10014,臺東縣,10014080,長濱鄉,10014080-005,竹湖村,3,1,2,3,0,0,0,3,0,111Y
10014,臺東縣,10014080,長濱鄉,10014080-006,寧埔村,4,2,2,4,0,0,0,3,1,111Y
10014,臺東縣,10014090,太麻里鄉,10014090-001,美和村,9,4,5,8,1,0,0,7,2,111Y
10014,臺東縣,10014090,太麻里鄉,10014090-002,三和村,3,1,2,3,0,0,0,3,0,111Y
10014,臺東縣,10014090,太麻里鄉,10014090-003,華源村,1,0,1,1,0,0,0,1,0,111Y
10014,臺東縣,10014090,太麻里鄉,10014090-004,北里村,6,3,3,4,2,0,0,6,0,111Y
10014,臺東縣,10014090,太麻里鄉,10014090-005,泰和村,6,3,3,6,0,0,0,6,0,111Y
10014,臺東縣,10014090,太麻里鄉,10014090-006,大王村,10,7,3,10,0,0,0,8,2,111Y
10014,臺東縣,10014090,太麻里鄉,10014090-007,香蘭村,6,2,4,4,1,1,0,6,0,111Y
10014,臺東縣,10014090,太麻里鄉,10014090-008,金崙村,16,7,9,16,0,0,0,14,2,111Y
10014,臺東縣,10014090,太麻里鄉,10014090-009,多良村,5,2,3,4,0,1,0,5,0,111Y
10014,臺東縣,10014100,大武鄉,10014100-001,大竹村,4,3,1,3,0,1,0,4,0,111Y
10014,臺東縣,10014100,大武鄉,10014100-002,大鳥村,11,5,6,7,0,4,0,11,0,111Y
10014,臺東縣,10014100,大武鄉,10014100-003,大武村,13,10,3,11,0,2,0,13,0,111Y
10014,臺東縣,10014100,大武鄉,10014100-004,尚武村,5,2,3,4,1,0,0,4,1,111Y
10014,臺東縣,10014100,大武鄉,10014100-005,南興村,2,2,0,0,2,0,0,0,2,111Y
10014,臺東縣,10014110,綠島鄉,10014110-001,公館村,3,1,2,3,0,0,0,3,0,111Y
10014,臺東縣,10014110,綠島鄉,10014110-002,中寮村,16,10,6,14,0,2,0,16,0,111Y
10014,臺東縣,10014110,綠島鄉,10014110-003,南寮村,10,4,6,10,0,0,0,10,0,111Y
10014,臺東縣,10014120,海端鄉,10014120-001,廣原村,18,10,8,16,0,2,0,18,0,111Y
10014,臺東縣,10014120,海端鄉,10014120-002,霧鹿村,1,0,1,1,0,0,0,1,0,111Y
10014,臺東縣,10014120,海端鄉,10014120-003,利稻村,4,3,1,4,0,0,0,4,0,111Y
10014,臺東縣,10014120,海端鄉,10014120-004,海端村,8,4,4,8,0,0,0,8,0,111Y
10014,臺東縣,10014120,海端鄉,10014120-005,崁頂村,18,10,8,17,0,1,0,18,0,111Y
10014,臺東縣,10014120,海端鄉,10014120-006,加拿村,2,0,2,1,0,1,0,2,0,111Y
10014,臺東縣,10014130,延平鄉,10014130-001,武陵村,9,6,3,9,0,0,0,8,1,111Y
10014,臺東縣,10014130,延平鄉,10014130-002,永康村,3,0,3,3,0,0,0,3,0,111Y
10014,臺東縣,10014130,延平鄉,10014130-003,紅葉村,6,2,4,6,0,0,0,6,0,111Y
10014,臺東縣,10014130,延平鄉,10014130-004,鸞山村,8,2,6,8,0,0,0,8,0,111Y
10014,臺東縣,10014130,延平鄉,10014130-005,桃源村,21,11,10,19,0,2,0,20,1,111Y
10014,臺東縣,10014140,金峰鄉,10014140-001,新興村,8,4,4,7,0,1,0,8,0,111Y
10014,臺東縣,10014140,金峰鄉,10014140-002,正興村,9,1,8,9,0,0,0,9,0,111Y
10014,臺東縣,10014140,金峰鄉,10014140-003,嘉蘭村,21,8,13,16,2,3,0,21,0,111Y
10014,臺東縣,10014140,金峰鄉,10014140-004,賓茂村,1,0,1,1,0,0,0,1,0,111Y
10014,臺東縣,10014140,金峰鄉,10014140-005,歷坵村,0,0,0,0,0,0,0,0,0,111Y
10014,臺東縣,10014150,達仁鄉,10014150-001,台?村,4,2,2,4,0,0,0,4,0,111Y
10014,臺東縣,10014150,達仁鄉,10014150-002,土?村,13,6,7,10,0,3,0,13,0,111Y
10014,臺東縣,10014150,達仁鄉,10014150-003,新化村,3,3,0,2,0,1,0,3,0,111Y
10014,臺東縣,10014150,達仁鄉,10014150-004,安朔村,7,2,5,7,0,0,0,7,0,111Y
10014,臺東縣,10014150,達仁鄉,10014150-005,森永村,3,2,1,3,0,0,0,3,0,111Y
10014,臺東縣,10014150,達仁鄉,10014150-006,南田村,0,0,0,0,0,0,0,0,0,111Y
10014,臺東縣,10014160,蘭嶼鄉,10014160-001,東清村,14,7,7,12,0,2,0,14,0,111Y
10014,臺東縣,10014160,蘭嶼鄉,10014160-002,朗島村,6,3,3,5,1,0,0,6,0,111Y
10014,臺東縣,10014160,蘭嶼鄉,10014160-003,紅頭村,8,4,4,8,0,0,0,8,0,111Y
10014,臺東縣,10014160,蘭嶼鄉,10014160-004,椰油村,5,2,3,4,0,1,0,5,0,111Y
10014,臺東縣,10014010,臺東市,10014010-001,富岡里,13,5,8,13,0,0,0,13,0,112Y
10014,臺東縣,10014010,臺東市,10014010-003,岩灣里,15,5,10,14,1,0,0,15,0,112Y
10014,臺東縣,10014010,臺東市,10014010-004,南王里,18,11,7,17,0,1,0,17,1,112Y
10014,臺東縣,10014010,臺東市,10014010-005,卑南里,24,12,12,23,1,0,0,22,2,112Y
10014,臺東縣,10014010,臺東市,10014010-006,南榮里,15,10,5,14,0,1,0,15,0,112Y
10014,臺東縣,10014010,臺東市,10014010-007,新生里,25,18,7,23,1,1,0,24,1,112Y
10014,臺東縣,10014010,臺東市,10014010-008,民生里,21,10,11,20,0,1,0,21,0,112Y
10014,臺東縣,10014010,臺東市,10014010-009,寶桑里,8,4,4,8,0,0,0,8,0,112Y
10014,臺東縣,10014010,臺東市,10014010-010,馬蘭里,11,5,6,10,0,1,0,11,0,112Y
10014,臺東縣,10014010,臺東市,10014010-011,中心里,23,16,7,22,0,1,0,23,0,112Y
10014,臺東縣,10014010,臺東市,10014010-012,自強里,40,23,17,37,1,2,0,39,1,112Y
10014,臺東縣,10014010,臺東市,10014010-013,民族里,29,12,17,27,1,1,0,29,0,112Y
10014,臺東縣,10014010,臺東市,10014010-015,中華里,10,7,3,8,0,2,0,10,0,112Y
10014,臺東縣,10014010,臺東市,10014010-017,建國里,11,7,4,9,2,0,0,11,0,112Y
10014,臺東縣,10014010,臺東市,10014010-020,中正里,8,3,5,8,0,0,0,8,0,112Y
10014,臺東縣,10014010,臺東市,10014010-022,成功里,18,9,9,16,0,2,0,18,0,112Y
10014,臺東縣,10014010,臺東市,10014010-023,文化里,20,14,6,20,0,0,0,20,0,112Y
10014,臺東縣,10014010,臺東市,10014010-024,中山里,27,16,11,24,2,1,0,27,0,112Y
10014,臺東縣,10014010,臺東市,10014010-029,新園里,20,9,11,18,0,2,0,19,1,112Y
10014,臺東縣,10014010,臺東市,10014010-030,豐田里,19,11,8,18,0,1,0,17,2,112Y
10014,臺東縣,10014010,臺東市,10014010-031,豐年里,38,20,18,36,1,1,0,38,0,112Y
10014,臺東縣,10014010,臺東市,10014010-032,光明里,13,7,6,13,0,0,0,13,0,112Y
10014,臺東縣,10014010,臺東市,10014010-033,豐樂里,14,6,8,13,0,1,0,13,1,112Y
10014,臺東縣,10014010,臺東市,10014010-034,永樂里,15,8,7,12,0,3,0,15,0,112Y
10014,臺東縣,10014010,臺東市,10014010-035,康樂里,11,8,3,10,1,0,0,11,0,112Y
10014,臺東縣,10014010,臺東市,10014010-036,東海里,23,13,10,22,1,0,0,22,1,112Y
10014,臺東縣,10014010,臺東市,10014010-037,新興里,8,4,4,8,0,0,0,8,0,112Y
10014,臺東縣,10014010,臺東市,10014010-038,豐榮里,23,12,11,18,1,4,0,23,0,112Y
10014,臺東縣,10014010,臺東市,10014010-039,豐谷里,24,16,8,23,0,1,0,23,1,112Y
10014,臺東縣,10014010,臺東市,10014010-040,豐里里,21,9,12,18,1,2,0,20,1,112Y
10014,臺東縣,10014010,臺東市,10014010-041,豐原里,8,5,3,8,0,0,0,8,0,112Y
10014,臺東縣,10014010,臺東市,10014010-042,建和里,15,4,11,14,0,1,0,15,0,112Y
10014,臺東縣,10014010,臺東市,10014010-043,建興里,8,4,4,8,0,0,0,8,0,112Y
10014,臺東縣,10014010,臺東市,10014010-045,知本里,14,3,11,13,1,0,0,14,0,112Y
10014,臺東縣,10014010,臺東市,10014010-046,建農里,16,10,6,16,0,0,0,16,0,112Y
10014,臺東縣,10014010,臺東市,10014010-047,仁和里,24,12,12,23,0,1,0,23,1,112Y
10014,臺東縣,10014010,臺東市,10014010-048,豐安里,26,20,6,25,0,1,0,26,0,112Y
10014,臺東縣,10014010,臺東市,10014010-049,豐盛里,24,13,11,22,1,1,0,24,0,112Y
10014,臺東縣,10014020,成功鎮,10014020-001,博愛里,3,1,2,2,0,1,0,3,0,112Y
10014,臺東縣,10014020,成功鎮,10014020-002,忠孝里,4,2,2,4,0,0,0,3,1,112Y
10014,臺東縣,10014020,成功鎮,10014020-003,三仙里,4,3,1,3,0,1,0,4,0,112Y
10014,臺東縣,10014020,成功鎮,10014020-004,三民里,13,7,6,9,1,3,0,13,0,112Y
10014,臺東縣,10014020,成功鎮,10014020-005,忠智里,13,10,3,13,0,0,0,11,2,112Y
10014,臺東縣,10014020,成功鎮,10014020-006,忠仁里,19,12,7,17,0,2,0,19,0,112Y
10014,臺東縣,10014020,成功鎮,10014020-007,和平里,1,0,1,1,0,0,0,1,0,112Y
10014,臺東縣,10014020,成功鎮,10014020-008,信義里,11,3,8,11,0,0,0,11,0,112Y
10014,臺東縣,10014030,關山鎮,10014030-001,德高里,10,5,5,10,0,0,0,10,0,112Y
10014,臺東縣,10014030,關山鎮,10014030-002,豐泉里,9,2,7,8,1,0,0,9,0,112Y
10014,臺東縣,10014030,關山鎮,10014030-003,新福里,5,3,2,5,0,0,0,4,1,112Y
10014,臺東縣,10014030,關山鎮,10014030-004,中福里,4,3,1,4,0,0,0,4,0,112Y
10014,臺東縣,10014030,關山鎮,10014030-005,里?里,12,8,4,11,1,0,0,12,0,112Y
10014,臺東縣,10014030,關山鎮,10014030-006,電光里,2,0,2,2,0,0,0,2,0,112Y
10014,臺東縣,10014030,關山鎮,10014030-007,月眉里,4,1,3,4,0,0,0,4,0,112Y
10014,臺東縣,10014040,卑南鄉,10014040-001,嘉豐村,7,3,4,7,0,0,0,7,0,112Y
10014,臺東縣,10014040,卑南鄉,10014040-002,利吉村,2,2,0,2,0,0,0,2,0,112Y
10014,臺東縣,10014040,卑南鄉,10014040-003,富山村,1,0,1,1,0,0,0,1,0,112Y
10014,臺東縣,10014040,卑南鄉,10014040-004,富源村,0,0,0,0,0,0,0,0,0,112Y
10014,臺東縣,10014040,卑南鄉,10014040-005,明峰村,7,3,4,6,0,1,0,7,0,112Y
10014,臺東縣,10014040,卑南鄉,10014040-006,初鹿村,12,6,6,10,1,1,0,11,1,112Y
10014,臺東縣,10014040,卑南鄉,10014040-007,美農村,4,2,2,4,0,0,0,4,0,112Y
10014,臺東縣,10014040,卑南鄉,10014040-008,賓朗村,16,5,11,15,1,0,0,16,0,112Y
10014,臺東縣,10014040,卑南鄉,10014040-009,泰安村,24,11,13,24,0,0,0,22,2,112Y
10014,臺東縣,10014040,卑南鄉,10014040-010,太平村,43,20,23,36,0,7,0,43,0,112Y
10014,臺東縣,10014040,卑南鄉,10014040-011,利嘉村,11,6,5,10,0,1,0,11,0,112Y
10014,臺東縣,10014040,卑南鄉,10014040-012,東興村,6,2,4,6,0,0,0,6,0,112Y
10014,臺東縣,10014040,卑南鄉,10014040-013,溫泉村,4,1,3,3,0,1,0,4,0,112Y
10014,臺東縣,10014050,鹿野鄉,10014050-001,瑞和村,5,2,3,4,0,1,0,5,0,112Y
10014,臺東縣,10014050,鹿野鄉,10014050-002,瑞豐村,1,1,0,1,0,0,0,1,0,112Y
10014,臺東縣,10014050,鹿野鄉,10014050-003,瑞源村,4,3,1,4,0,0,0,3,1,112Y
10014,臺東縣,10014050,鹿野鄉,10014050-004,永安村,4,2,2,3,1,0,0,3,1,112Y
10014,臺東縣,10014050,鹿野鄉,10014050-005,瑞隆村,6,3,3,6,0,0,0,6,0,112Y
10014,臺東縣,10014050,鹿野鄉,10014050-006,鹿野村,6,2,4,6,0,0,0,6,0,112Y
10014,臺東縣,10014050,鹿野鄉,10014050-007,龍田村,5,4,1,5,0,0,0,5,0,112Y
10014,臺東縣,10014060,池上鄉,10014060-001,福文村,11,9,2,11,0,0,0,11,0,112Y
10014,臺東縣,10014060,池上鄉,10014060-002,慶豐村,4,2,2,3,1,0,0,4,0,112Y
10014,臺東縣,10014060,池上鄉,10014060-003,大坡村,3,1,2,3,0,0,0,3,0,112Y
10014,臺東縣,10014060,池上鄉,10014060-004,大埔村,4,1,3,4,0,0,0,4,0,112Y
10014,臺東縣,10014060,池上鄉,10014060-005,福原村,20,7,13,20,0,0,0,20,0,112Y
10014,臺東縣,10014060,池上鄉,10014060-006,錦園村,4,2,2,4,0,0,0,4,0,112Y
10014,臺東縣,10014060,池上鄉,10014060-007,新興村,2,0,2,2,0,0,0,2,0,112Y
10014,臺東縣,10014060,池上鄉,10014060-008,萬安村,1,0,1,1,0,0,0,1,0,112Y
10014,臺東縣,10014060,池上鄉,10014060-009,富興村,2,0,2,2,0,0,0,1,1,112Y
10014,臺東縣,10014060,池上鄉,10014060-010,振興村,5,2,3,3,0,2,0,5,0,112Y
10014,臺東縣,10014070,東河鄉,10014070-001,北源村,6,4,2,5,1,0,0,5,1,112Y
10014,臺東縣,10014070,東河鄉,10014070-002,泰源村,8,3,5,8,0,0,0,8,0,112Y
10014,臺東縣,10014070,東河鄉,10014070-003,東河村,4,3,1,3,0,1,0,4,0,112Y
10014,臺東縣,10014070,東河鄉,10014070-004,尚德村,0,0,0,0,0,0,0,0,0,112Y
10014,臺東縣,10014070,東河鄉,10014070-005,隆昌村,3,1,2,3,0,0,0,3,0,112Y
10014,臺東縣,10014070,東河鄉,10014070-006,興昌村,3,3,0,3,0,0,0,3,0,112Y
10014,臺東縣,10014070,東河鄉,10014070-007,都蘭村,8,3,5,7,0,1,0,8,0,112Y
10014,臺東縣,10014080,長濱鄉,10014080-001,樟原村,2,2,0,2,0,0,0,2,0,112Y
10014,臺東縣,10014080,長濱鄉,10014080-002,三間村,6,2,4,6,0,0,0,6,0,112Y
10014,臺東縣,10014080,長濱鄉,10014080-003,忠勇村,3,2,1,3,0,0,0,3,0,112Y
10014,臺東縣,10014080,長濱鄉,10014080-004,長濱村,6,3,3,6,0,0,0,6,0,112Y
10014,臺東縣,10014080,長濱鄉,10014080-005,竹湖村,4,2,2,4,0,0,0,4,0,112Y
10014,臺東縣,10014080,長濱鄉,10014080-006,寧埔村,6,3,3,5,0,1,0,6,0,112Y
10014,臺東縣,10014090,太麻里鄉,10014090-001,美和村,6,3,3,6,0,0,0,6,0,112Y
10014,臺東縣,10014090,太麻里鄉,10014090-002,三和村,1,1,0,1,0,0,0,1,0,112Y
10014,臺東縣,10014090,太麻里鄉,10014090-003,華源村,3,3,0,2,0,1,0,3,0,112Y
10014,臺東縣,10014090,太麻里鄉,10014090-004,北里村,7,3,4,5,0,2,0,7,0,112Y
10014,臺東縣,10014090,太麻里鄉,10014090-005,泰和村,8,4,4,8,0,0,0,8,0,112Y
10014,臺東縣,10014090,太麻里鄉,10014090-006,大王村,8,6,2,6,1,1,0,8,0,112Y
10014,臺東縣,10014090,太麻里鄉,10014090-007,香蘭村,10,5,5,10,0,0,0,10,0,112Y
10014,臺東縣,10014090,太麻里鄉,10014090-008,金崙村,19,10,9,16,0,3,0,19,0,112Y
10014,臺東縣,10014090,太麻里鄉,10014090-009,多良村,5,2,3,5,0,0,0,5,0,112Y
10014,臺東縣,10014100,大武鄉,10014100-001,大竹村,4,2,2,3,0,1,0,4,0,112Y
10014,臺東縣,10014100,大武鄉,10014100-002,大鳥村,13,5,8,9,2,2,0,13,0,112Y
10014,臺東縣,10014100,大武鄉,10014100-003,大武村,9,3,6,9,0,0,0,9,0,112Y
10014,臺東縣,10014100,大武鄉,10014100-004,尚武村,9,5,4,8,1,0,0,9,0,112Y
10014,臺東縣,10014100,大武鄉,10014100-005,南興村,4,1,3,4,0,0,0,4,0,112Y
10014,臺東縣,10014110,綠島鄉,10014110-001,公館村,7,5,2,6,1,0,0,6,1,112Y
10014,臺東縣,10014110,綠島鄉,10014110-002,中寮村,7,5,2,7,0,0,0,7,0,112Y
10014,臺東縣,10014110,綠島鄉,10014110-003,南寮村,11,7,4,11,0,0,0,11,0,112Y
10014,臺東縣,10014120,海端鄉,10014120-001,廣原村,10,4,6,10,0,0,0,10,0,112Y
10014,臺東縣,10014120,海端鄉,10014120-002,霧鹿村,9,8,1,8,0,1,0,9,0,112Y
10014,臺東縣,10014120,海端鄉,10014120-003,利稻村,6,3,3,4,0,2,0,6,0,112Y
10014,臺東縣,10014120,海端鄉,10014120-004,海端村,20,12,8,19,0,1,0,19,1,112Y
10014,臺東縣,10014120,海端鄉,10014120-005,崁頂村,16,9,7,15,0,1,0,16,0,112Y
10014,臺東縣,10014120,海端鄉,10014120-006,加拿村,5,4,1,5,0,0,0,5,0,112Y
10014,臺東縣,10014130,延平鄉,10014130-001,武陵村,8,2,6,7,0,1,0,8,0,112Y
10014,臺東縣,10014130,延平鄉,10014130-002,永康村,6,3,3,6,0,0,0,6,0,112Y
10014,臺東縣,10014130,延平鄉,10014130-003,紅葉村,3,2,1,1,0,2,0,3,0,112Y
10014,臺東縣,10014130,延平鄉,10014130-004,鸞山村,9,5,4,7,1,1,0,9,0,112Y
10014,臺東縣,10014130,延平鄉,10014130-005,桃源村,17,8,9,14,0,3,0,17,0,112Y
10014,臺東縣,10014140,金峰鄉,10014140-001,新興村,15,9,6,15,0,0,0,15,0,112Y
10014,臺東縣,10014140,金峰鄉,10014140-002,正興村,11,6,5,10,0,1,0,11,0,112Y
10014,臺東縣,10014140,金峰鄉,10014140-003,嘉蘭村,19,13,6,18,1,0,0,19,0,112Y
10014,臺東縣,10014140,金峰鄉,10014140-004,賓茂村,2,2,0,2,0,0,0,2,0,112Y
10014,臺東縣,10014140,金峰鄉,10014140-005,歷坵村,5,2,3,5,0,0,0,5,0,112Y
10014,臺東縣,10014150,達仁鄉,10014150-001,台?村,7,4,3,5,1,1,0,7,0,112Y
10014,臺東縣,10014150,達仁鄉,10014150-002,土?村,16,11,5,14,1,1,0,15,1,112Y
10014,臺東縣,10014150,達仁鄉,10014150-003,新化村,4,1,3,4,0,0,0,4,0,112Y
10014,臺東縣,10014150,達仁鄉,10014150-004,安朔村,3,0,3,3,0,0,0,3,0,112Y
10014,臺東縣,10014150,達仁鄉,10014150-005,森永村,1,1,0,1,0,0,0,1,0,112Y
10014,臺東縣,10014150,達仁鄉,10014150-006,南田村,4,3,1,3,0,1,0,4,0,112Y
10014,臺東縣,10014160,蘭嶼鄉,10014160-001,東清村,23,13,10,19,1,3,0,23,0,112Y
10014,臺東縣,10014160,蘭嶼鄉,10014160-002,朗島村,6,2,4,6,0,0,0,6,0,112Y
10014,臺東縣,10014160,蘭嶼鄉,10014160-003,紅頭村,7,6,1,6,0,1,0,6,1,112Y
10014,臺東縣,10014160,蘭嶼鄉,10014160-004,椰油村,8,6,2,7,0,1,0,8,0,112Y
10014,臺東縣,10014010,臺東市,10014010-001,富岡里,25,16,9,22,1,2,0,25,0,113Y
10014,臺東縣,10014010,臺東市,10014010-003,岩灣里,29,19,10,27,2,0,0,25,4,113Y
10014,臺東縣,10014010,臺東市,10014010-004,南王里,20,6,14,16,1,3,0,20,0,113Y
10014,臺東縣,10014010,臺東市,10014010-005,卑南里,20,12,8,20,0,0,0,18,2,113Y
10014,臺東縣,10014010,臺東市,10014010-006,南榮里,22,12,10,18,2,2,0,22,0,113Y
10014,臺東縣,10014010,臺東市,10014010-007,新生里,35,16,19,32,2,1,0,34,1,113Y
10014,臺東縣,10014010,臺東市,10014010-008,民生里,25,16,9,25,0,0,0,24,1,113Y
10014,臺東縣,10014010,臺東市,10014010-009,寶桑里,9,5,4,7,1,1,0,9,0,113Y
10014,臺東縣,10014010,臺東市,10014010-010,馬蘭里,18,8,10,17,0,1,0,17,1,113Y
10014,臺東縣,10014010,臺東市,10014010-011,中心里,16,9,7,16,0,0,0,16,0,113Y
10014,臺東縣,10014010,臺東市,10014010-012,自強里,40,22,18,40,0,0,0,39,1,113Y
10014,臺東縣,10014010,臺東市,10014010-013,民族里,37,22,15,35,1,1,0,35,2,113Y
10014,臺東縣,10014010,臺東市,10014010-015,中華里,13,6,7,12,0,1,0,13,0,113Y
10014,臺東縣,10014010,臺東市,10014010-017,建國里,13,8,5,11,0,2,0,13,0,113Y
10014,臺東縣,10014010,臺東市,10014010-020,中正里,17,7,10,17,0,0,0,17,0,113Y
10014,臺東縣,10014010,臺東市,10014010-022,成功里,10,4,6,10,0,0,0,10,0,113Y
10014,臺東縣,10014010,臺東市,10014010-023,文化里,19,9,10,19,0,0,0,19,0,113Y
10014,臺東縣,10014010,臺東市,10014010-024,中山里,21,12,9,20,1,0,0,21,0,113Y
10014,臺東縣,10014010,臺東市,10014010-029,新園里,13,10,3,13,0,0,0,13,0,113Y
10014,臺東縣,10014010,臺東市,10014010-030,豐田里,20,8,12,17,1,2,0,20,0,113Y
10014,臺東縣,10014010,臺東市,10014010-031,豐年里,46,27,19,44,1,1,0,46,0,113Y
10014,臺東縣,10014010,臺東市,10014010-032,光明里,13,8,5,13,0,0,0,13,0,113Y
10014,臺東縣,10014010,臺東市,10014010-033,豐樂里,20,10,10,20,0,0,0,19,1,113Y
10014,臺東縣,10014010,臺東市,10014010-034,永樂里,25,15,10,25,0,0,0,25,0,113Y
10014,臺東縣,10014010,臺東市,10014010-035,康樂里,16,7,9,15,1,0,0,16,0,113Y
10014,臺東縣,10014010,臺東市,10014010-036,東海里,32,18,14,31,1,0,0,30,2,113Y
10014,臺東縣,10014010,臺東市,10014010-037,新興里,8,4,4,8,0,0,0,8,0,113Y
10014,臺東縣,10014010,臺東市,10014010-038,豐榮里,15,4,11,13,1,1,0,15,0,113Y
10014,臺東縣,10014010,臺東市,10014010-039,豐谷里,34,15,19,33,1,0,0,34,0,113Y
10014,臺東縣,10014010,臺東市,10014010-040,豐里里,22,16,6,21,0,1,0,22,0,113Y
10014,臺東縣,10014010,臺東市,10014010-041,豐原里,8,2,6,7,0,1,0,8,0,113Y
10014,臺東縣,10014010,臺東市,10014010-042,建和里,10,4,6,6,0,4,0,10,0,113Y
10014,臺東縣,10014010,臺東市,10014010-043,建興里,2,2,0,1,0,1,0,2,0,113Y
10014,臺東縣,10014010,臺東市,10014010-045,知本里,15,6,9,14,0,1,0,14,1,113Y
10014,臺東縣,10014010,臺東市,10014010-046,建農里,23,14,9,17,1,5,0,22,1,113Y
10014,臺東縣,10014010,臺東市,10014010-047,仁和里,24,9,15,22,1,1,0,23,1,113Y
10014,臺東縣,10014010,臺東市,10014010-048,豐安里,35,13,22,33,1,1,0,33,2,113Y
10014,臺東縣,10014010,臺東市,10014010-049,豐盛里,23,7,16,21,1,1,0,23,0,113Y
10014,臺東縣,10014020,成功鎮,10014020-001,博愛里,1,1,0,1,0,0,0,1,0,113Y
10014,臺東縣,10014020,成功鎮,10014020-002,忠孝里,6,3,3,4,1,1,0,6,0,113Y
10014,臺東縣,10014020,成功鎮,10014020-003,三仙里,7,3,4,5,1,1,0,7,0,113Y
10014,臺東縣,10014020,成功鎮,10014020-004,三民里,21,11,10,18,1,2,0,21,0,113Y
10014,臺東縣,10014020,成功鎮,10014020-005,忠智里,12,7,5,12,0,0,0,12,0,113Y
10014,臺東縣,10014020,成功鎮,10014020-006,忠仁里,16,6,10,16,0,0,0,16,0,113Y
10014,臺東縣,10014020,成功鎮,10014020-007,和平里,2,2,0,2,0,0,0,2,0,113Y
10014,臺東縣,10014020,成功鎮,10014020-008,信義里,10,6,4,10,0,0,0,9,1,113Y
10014,臺東縣,10014030,關山鎮,10014030-001,德高里,13,4,9,12,0,1,0,13,0,113Y
10014,臺東縣,10014030,關山鎮,10014030-002,豐泉里,3,0,3,3,0,0,0,3,0,113Y
10014,臺東縣,10014030,關山鎮,10014030-003,新福里,6,3,3,6,0,0,0,6,0,113Y
10014,臺東縣,10014030,關山鎮,10014030-004,中福里,6,3,3,6,0,0,0,6,0,113Y
10014,臺東縣,10014030,關山鎮,10014030-005,里?里,12,6,6,12,0,0,0,12,0,113Y
10014,臺東縣,10014030,關山鎮,10014030-006,電光里,1,1,0,1,0,0,0,1,0,113Y
10014,臺東縣,10014030,關山鎮,10014030-007,月眉里,7,3,4,7,0,0,0,7,0,113Y
10014,臺東縣,10014040,卑南鄉,10014040-001,嘉豐村,1,1,0,1,0,0,0,1,0,113Y
10014,臺東縣,10014040,卑南鄉,10014040-002,利吉村,1,1,0,1,0,0,0,1,0,113Y
10014,臺東縣,10014040,卑南鄉,10014040-003,富山村,1,0,1,1,0,0,0,1,0,113Y
10014,臺東縣,10014040,卑南鄉,10014040-004,富源村,1,0,1,1,0,0,0,1,0,113Y
10014,臺東縣,10014040,卑南鄉,10014040-005,明峰村,7,3,4,5,0,2,0,7,0,113Y
10014,臺東縣,10014040,卑南鄉,10014040-006,初鹿村,6,3,3,5,0,1,0,6,0,113Y
10014,臺東縣,10014040,卑南鄉,10014040-007,美農村,7,5,2,6,1,0,0,7,0,113Y
10014,臺東縣,10014040,卑南鄉,10014040-008,賓朗村,14,5,9,14,0,0,0,14,0,113Y
10014,臺東縣,10014040,卑南鄉,10014040-009,泰安村,11,5,6,10,1,0,0,11,0,113Y
10014,臺東縣,10014040,卑南鄉,10014040-010,太平村,29,15,14,27,0,2,0,28,1,113Y
10014,臺東縣,10014040,卑南鄉,10014040-011,利嘉村,12,7,5,11,0,1,0,12,0,113Y
10014,臺東縣,10014040,卑南鄉,10014040-012,東興村,6,3,3,6,0,0,0,6,0,113Y
10014,臺東縣,10014040,卑南鄉,10014040-013,溫泉村,5,3,2,5,0,0,0,5,0,113Y
10014,臺東縣,10014050,鹿野鄉,10014050-001,瑞和村,0,0,0,0,0,0,0,0,0,113Y
10014,臺東縣,10014050,鹿野鄉,10014050-002,瑞豐村,4,3,1,4,0,0,0,4,0,113Y
10014,臺東縣,10014050,鹿野鄉,10014050-003,瑞源村,10,6,4,6,1,3,0,10,0,113Y
10014,臺東縣,10014050,鹿野鄉,10014050-004,永安村,6,3,3,5,0,1,0,6,0,113Y
10014,臺東縣,10014050,鹿野鄉,10014050-005,瑞隆村,9,6,3,9,0,0,0,8,1,113Y
10014,臺東縣,10014050,鹿野鄉,10014050-006,鹿野村,11,4,7,11,0,0,0,11,0,113Y
10014,臺東縣,10014050,鹿野鄉,10014050-007,龍田村,9,6,3,9,0,0,0,9,0,113Y
10014,臺東縣,10014060,池上鄉,10014060-001,福文村,10,7,3,9,1,0,0,10,0,113Y
10014,臺東縣,10014060,池上鄉,10014060-002,慶豐村,7,3,4,7,0,0,0,7,0,113Y
10014,臺東縣,10014060,池上鄉,10014060-003,大坡村,1,0,1,1,0,0,0,1,0,113Y
10014,臺東縣,10014060,池上鄉,10014060-004,大埔村,6,3,3,6,0,0,0,6,0,113Y
10014,臺東縣,10014060,池上鄉,10014060-005,福原村,22,11,11,20,1,1,0,22,0,113Y
10014,臺東縣,10014060,池上鄉,10014060-006,錦園村,2,2,0,2,0,0,0,2,0,113Y
10014,臺東縣,10014060,池上鄉,10014060-007,新興村,8,2,6,7,0,1,0,8,0,113Y
10014,臺東縣,10014060,池上鄉,10014060-008,萬安村,1,0,1,1,0,0,0,1,0,113Y
10014,臺東縣,10014060,池上鄉,10014060-009,富興村,2,1,1,2,0,0,0,2,0,113Y
10014,臺東縣,10014060,池上鄉,10014060-010,振興村,3,1,2,3,0,0,0,3,0,113Y
10014,臺東縣,10014070,東河鄉,10014070-001,北源村,4,1,3,3,0,1,0,4,0,113Y
10014,臺東縣,10014070,東河鄉,10014070-002,泰源村,7,7,0,6,0,1,0,7,0,113Y
10014,臺東縣,10014070,東河鄉,10014070-003,東河村,12,5,7,12,0,0,0,12,0,113Y
10014,臺東縣,10014070,東河鄉,10014070-004,尚德村,0,0,0,0,0,0,0,0,0,113Y
10014,臺東縣,10014070,東河鄉,10014070-005,隆昌村,5,3,2,5,0,0,0,5,0,113Y
10014,臺東縣,10014070,東河鄉,10014070-006,興昌村,0,0,0,0,0,0,0,0,0,113Y
10014,臺東縣,10014070,東河鄉,10014070-007,都蘭村,8,1,7,7,0,1,0,8,0,113Y
10014,臺東縣,10014080,長濱鄉,10014080-001,樟原村,3,3,0,3,0,0,0,3,0,113Y
10014,臺東縣,10014080,長濱鄉,10014080-002,三間村,7,4,3,7,0,0,0,7,0,113Y
10014,臺東縣,10014080,長濱鄉,10014080-003,忠勇村,7,4,3,6,0,1,0,7,0,113Y
10014,臺東縣,10014080,長濱鄉,10014080-004,長濱村,13,6,7,12,1,0,0,13,0,113Y
10014,臺東縣,10014080,長濱鄉,10014080-005,竹湖村,6,2,4,6,0,0,0,6,0,113Y
10014,臺東縣,10014080,長濱鄉,10014080-006,寧埔村,8,3,5,8,0,0,0,8,0,113Y
10014,臺東縣,10014090,太麻里鄉,10014090-001,美和村,8,6,2,8,0,0,0,8,0,113Y
10014,臺東縣,10014090,太麻里鄉,10014090-002,三和村,6,5,1,5,1,0,0,6,0,113Y
10014,臺東縣,10014090,太麻里鄉,10014090-003,華源村,2,0,2,2,0,0,0,2,0,113Y
10014,臺東縣,10014090,太麻里鄉,10014090-004,北里村,4,2,2,4,0,0,0,4,0,113Y
10014,臺東縣,10014090,太麻里鄉,10014090-005,泰和村,8,4,4,8,0,0,0,8,0,113Y
10014,臺東縣,10014090,太麻里鄉,10014090-006,大王村,14,8,6,13,1,0,0,10,4,113Y
10014,臺東縣,10014090,太麻里鄉,10014090-007,香蘭村,8,4,4,7,0,1,0,8,0,113Y
10014,臺東縣,10014090,太麻里鄉,10014090-008,金崙村,16,6,10,15,0,1,0,16,0,113Y
10014,臺東縣,10014090,太麻里鄉,10014090-009,多良村,10,5,5,9,0,1,0,10,0,113Y
10014,臺東縣,10014100,大武鄉,10014100-001,大竹村,5,3,2,5,0,0,0,5,0,113Y
10014,臺東縣,10014100,大武鄉,10014100-002,大鳥村,7,3,4,6,0,1,0,7,0,113Y
10014,臺東縣,10014100,大武鄉,10014100-003,大武村,8,2,6,7,1,0,0,8,0,113Y
10014,臺東縣,10014100,大武鄉,10014100-004,尚武村,7,5,2,6,0,1,0,7,0,113Y
10014,臺東縣,10014100,大武鄉,10014100-005,南興村,6,3,3,6,0,0,0,6,0,113Y
10014,臺東縣,10014110,綠島鄉,10014110-001,公館村,5,3,2,5,0,0,0,5,0,113Y
10014,臺東縣,10014110,綠島鄉,10014110-002,中寮村,8,3,5,7,0,1,0,8,0,113Y
10014,臺東縣,10014110,綠島鄉,10014110-003,南寮村,13,6,7,13,0,0,0,13,0,113Y
10014,臺東縣,10014120,海端鄉,10014120-001,廣原村,10,6,4,8,0,2,0,10,0,113Y
10014,臺東縣,10014120,海端鄉,10014120-002,霧鹿村,6,2,4,6,0,0,0,6,0,113Y
10014,臺東縣,10014120,海端鄉,10014120-003,利稻村,4,1,3,4,0,0,0,4,0,113Y
10014,臺東縣,10014120,海端鄉,10014120-004,海端村,18,8,10,16,1,1,0,18,0,113Y
10014,臺東縣,10014120,海端鄉,10014120-005,崁頂村,8,7,1,7,0,1,0,8,0,113Y
10014,臺東縣,10014120,海端鄉,10014120-006,加拿村,7,3,4,7,0,0,0,7,0,113Y
10014,臺東縣,10014130,延平鄉,10014130-001,武陵村,7,6,1,7,0,0,0,7,0,113Y
10014,臺東縣,10014130,延平鄉,10014130-002,永康村,5,4,1,5,0,0,0,5,0,113Y
10014,臺東縣,10014130,延平鄉,10014130-003,紅葉村,9,4,5,9,0,0,0,9,0,113Y
10014,臺東縣,10014130,延平鄉,10014130-004,鸞山村,15,7,8,14,0,1,0,15,0,113Y
10014,臺東縣,10014130,延平鄉,10014130-005,桃源村,17,11,6,16,0,1,0,17,0,113Y
10014,臺東縣,10014140,金峰鄉,10014140-001,新興村,4,2,2,3,0,1,0,4,0,113Y
10014,臺東縣,10014140,金峰鄉,10014140-002,正興村,11,7,4,10,0,1,0,11,0,113Y
10014,臺東縣,10014140,金峰鄉,10014140-003,嘉蘭村,15,8,7,12,0,3,0,15,0,113Y
10014,臺東縣,10014140,金峰鄉,10014140-004,賓茂村,0,0,0,0,0,0,0,0,0,113Y
10014,臺東縣,10014140,金峰鄉,10014140-005,歷坵村,8,7,1,8,0,0,0,8,0,113Y
10014,臺東縣,10014150,達仁鄉,10014150-001,台?村,9,6,3,7,0,2,0,9,0,113Y
10014,臺東縣,10014150,達仁鄉,10014150-002,土?村,10,3,7,7,0,3,0,10,0,113Y
10014,臺東縣,10014150,達仁鄉,10014150-003,新化村,2,0,2,2,0,0,0,2,0,113Y
10014,臺東縣,10014150,達仁鄉,10014150-004,安朔村,4,1,3,4,0,0,0,4,0,113Y
10014,臺東縣,10014150,達仁鄉,10014150-005,森永村,5,1,4,4,0,1,0,5,0,113Y
10014,臺東縣,10014150,達仁鄉,10014150-006,南田村,4,3,1,4,0,0,0,4,0,113Y
10014,臺東縣,10014160,蘭嶼鄉,10014160-001,東清村,13,7,6,12,0,1,0,13,0,113Y
10014,臺東縣,10014160,蘭嶼鄉,10014160-002,朗島村,10,4,6,10,0,0,0,10,0,113Y
10014,臺東縣,10014160,蘭嶼鄉,10014160-003,紅頭村,9,5,4,9,0,0,0,9,0,113Y
10014,臺東縣,10014160,蘭嶼鄉,10014160-004,椰油村,6,3,3,5,0,1,0,6,0,113Y
