COUNTY_ID,COUNTY,TOWN_ID,TOWN,V_ID,VILLAGE,COL_1,COL_2,COL_3,COL_4,COL_5,COL_6,COL_7,INFO_TIME
縣市代碼,縣市名稱,鄉鎮市區代碼,鄉鎮市區名稱,村里代碼,村里名稱,0-10年屋齡房屋數,11-20年屋齡房屋數,21-30年屋齡房屋數,31-40年屋齡房屋數,41-50年屋齡房屋數,51-60年屋齡房屋數,61年以上房屋數,資料時間
10014,臺東縣,10014010,臺東市,10014010-001,富岡里,23,29,22,79,62,10,228,104Y
10014,臺東縣,10014010,臺東市,10014010-002,富豐里,1,,,1,1,,3,104Y
10014,臺東縣,10014010,臺東市,10014010-003,岩灣里,378,203,40,127,39,5,792,104Y
10014,臺東縣,10014010,臺東市,10014010-004,南王里,111,215,156,477,94,37,1097,104Y
10014,臺東縣,10014010,臺東市,10014010-005,卑南里,186,349,268,160,70,46,1090,104Y
10014,臺東縣,10014010,臺東市,10014010-006,南榮里,69,50,120,171,97,10,518,104Y
10014,臺東縣,10014010,臺東市,10014010-007,新生里,239,380,464,586,102,33,1816,104Y
10014,臺東縣,10014010,臺東市,10014010-008,民生里,107,96,290,673,145,55,1385,104Y
10014,臺東縣,10014010,臺東市,10014010-009,寶桑里,7,36,74,99,56,47,320,104Y
10014,臺東縣,10014010,臺東市,10014010-010,馬蘭里,23,36,91,206,420,7,784,104Y
10014,臺東縣,10014010,臺東市,10014010-011,中心里,151,197,270,341,207,48,1223,104Y
10014,臺東縣,10014010,臺東市,10014010-012,自強里,122,170,397,659,280,41,1672,104Y
10014,臺東縣,10014010,臺東市,10014010-013,民族里,30,37,68,132,204,24,513,104Y
10014,臺東縣,10014010,臺東市,10014010-014,四維里,13,22,36,92,50,9,223,104Y
10014,臺東縣,10014010,臺東市,10014010-015,中華里,17,24,38,63,92,14,252,104Y
10014,臺東縣,10014010,臺東市,10014010-016,強國里,13,35,34,47,38,79,284,104Y
10014,臺東縣,10014010,臺東市,10014010-017,建國里,17,26,21,139,52,45,302,104Y
10014,臺東縣,10014010,臺東市,10014010-018,民權里,18,54,56,66,125,76,405,104Y
10014,臺東縣,10014010,臺東市,10014010-019,仁愛里,9,18,30,54,59,66,266,104Y
10014,臺東縣,10014010,臺東市,10014010-020,中正里,16,34,94,43,60,69,340,104Y
10014,臺東縣,10014010,臺東市,10014010-021,大同里,15,30,30,87,41,95,330,104Y
10014,臺東縣,10014010,臺東市,10014010-022,成功里,18,39,57,69,60,76,341,104Y
10014,臺東縣,10014010,臺東市,10014010-023,文化里,10,95,28,45,41,12,246,104Y
10014,臺東縣,10014010,臺東市,10014010-024,中山里,5,2,41,56,150,56,331,104Y
10014,臺東縣,10014010,臺東市,10014010-025,復國里,24,27,80,48,102,74,364,104Y
10014,臺東縣,10014010,臺東市,10014010-026,興國里,10,64,35,47,77,46,289,104Y
10014,臺東縣,10014010,臺東市,10014010-027,復興里,17,25,13,53,45,73,229,104Y
10014,臺東縣,10014010,臺東市,10014010-028,鐵花里,6,13,24,38,52,28,177,104Y
10014,臺東縣,10014010,臺東市,10014010-029,新園里,22,23,29,62,59,13,211,104Y
10014,臺東縣,10014010,臺東市,10014010-030,豐田里,14,8,68,18,33,21,165,104Y
10014,臺東縣,10014010,臺東市,10014010-031,豐年里,50,50,5,118,2,,225,104Y
10014,臺東縣,10014010,臺東市,10014010-032,光明里,162,373,3,43,54,12,648,104Y
10014,臺東縣,10014010,臺東市,10014010-033,豐樂里,60,71,132,38,59,6,369,104Y
10014,臺東縣,10014010,臺東市,10014010-034,永樂里,53,44,51,36,19,5,209,104Y
10014,臺東縣,10014010,臺東市,10014010-035,康樂里,23,93,20,37,18,20,211,104Y
10014,臺東縣,10014010,臺東市,10014010-036,東海里,38,85,247,362,91,51,879,104Y
10014,臺東縣,10014010,臺東市,10014010-037,新興里,41,21,16,115,78,68,344,104Y
10014,臺東縣,10014010,臺東市,10014010-038,豐榮里,336,504,947,618,279,5,2691,104Y
10014,臺東縣,10014010,臺東市,10014010-039,豐谷里,127,103,406,586,131,3,1358,104Y
10014,臺東縣,10014010,臺東市,10014010-040,豐里里,23,25,35,17,21,10,132,104Y
10014,臺東縣,10014010,臺東市,10014010-041,豐原里,1,2,2,4,5,1,15,104Y
10014,臺東縣,10014010,臺東市,10014010-042,建和里,19,32,72,66,17,12,222,104Y
10014,臺東縣,10014010,臺東市,10014010-043,建興里,9,14,66,9,17,3,121,104Y
10014,臺東縣,10014010,臺東市,10014010-044,建業里,21,21,42,33,33,13,166,104Y
10014,臺東縣,10014010,臺東市,10014010-045,知本里,69,75,91,50,20,19,331,104Y
10014,臺東縣,10014010,臺東市,10014010-046,建農里,18,37,8,25,19,10,120,104Y
10014,臺東縣,10014020,成功鎮,10014020-001,博愛里,36,43,71,106,137,15,429,104Y
10014,臺東縣,10014020,成功鎮,10014020-002,忠孝里,46,75,95,135,176,35,566,104Y
10014,臺東縣,10014020,成功鎮,10014020-003,三仙里,37,92,145,230,195,71,784,104Y
10014,臺東縣,10014020,成功鎮,10014020-004,三民里,55,154,427,225,159,40,1074,104Y
10014,臺東縣,10014020,成功鎮,10014020-005,忠智里,,3,2,2,1,2,10,104Y
10014,臺東縣,10014020,成功鎮,10014020-006,忠仁里,52,107,212,341,233,104,1133,104Y
10014,臺東縣,10014020,成功鎮,10014020-007,和平里,18,33,62,69,68,31,283,104Y
10014,臺東縣,10014020,成功鎮,10014020-008,信義里,104,99,165,215,265,64,922,104Y
10014,臺東縣,10014030,關山鎮,10014030-001,德高里,38,43,45,107,108,50,435,104Y
10014,臺東縣,10014030,關山鎮,10014030-002,豐泉里,48,60,109,70,28,16,358,104Y
10014,臺東縣,10014030,關山鎮,10014030-003,新福里,30,67,38,78,53,35,329,104Y
10014,臺東縣,10014030,關山鎮,10014030-004,中福里,12,35,63,99,62,66,383,104Y
10014,臺東縣,10014030,關山鎮,10014030-005,里里,0,0,0,0,0,0,0,104Y
10014,臺東縣,10014030,關山鎮,10014030-006,電光里,9,11,4,11,7,4,58,104Y
10014,臺東縣,10014030,關山鎮,10014030-007,月眉里,30,23,29,76,91,18,313,104Y
10014,臺東縣,10014040,卑南鄉,10014040-001,嘉豐村,10,43,34,66,37,8,202,104Y
10014,臺東縣,10014040,卑南鄉,10014040-002,利吉村,30,41,6,25,114,5,225,104Y
10014,臺東縣,10014040,卑南鄉,10014040-003,富山村,46,33,32,50,71,16,251,104Y
10014,臺東縣,10014040,卑南鄉,10014040-004,富源村,0,0,0,0,0,0,0,104Y
10014,臺東縣,10014040,卑南鄉,10014040-005,明峰村,53,78,113,145,111,55,558,104Y
10014,臺東縣,10014040,卑南鄉,10014040-006,初鹿村,30,56,59,193,213,60,631,104Y
10014,臺東縣,10014040,卑南鄉,10014040-007,美農村,40,65,35,49,105,44,346,104Y
10014,臺東縣,10014040,卑南鄉,10014040-008,賓朗村,63,121,129,379,229,54,992,104Y
10014,臺東縣,10014040,卑南鄉,10014040-009,泰安村,2,7,,9,8,1,27,104Y
10014,臺東縣,10014040,卑南鄉,10014040-010,太平村,85,112,242,517,228,22,1207,104Y
10014,臺東縣,10014040,卑南鄉,10014040-011,利嘉村,48,101,48,131,81,56,493,104Y
10014,臺東縣,10014040,卑南鄉,10014040-012,東興村,51,44,37,76,129,6,347,104Y
10014,臺東縣,10014040,卑南鄉,10014040-013,溫泉村,60,159,274,87,76,30,689,104Y
10014,臺東縣,10014050,鹿野鄉,10014050-001,瑞和村,12,14,16,25,20,12,104,104Y
10014,臺東縣,10014050,鹿野鄉,10014050-002,瑞豐村,31,34,45,86,57,28,300,104Y
10014,臺東縣,10014050,鹿野鄉,10014050-003,瑞源村,9,4,9,45,22,13,104,104Y
10014,臺東縣,10014050,鹿野鄉,10014050-004,永安村,40,84,65,74,55,23,357,104Y
10014,臺東縣,10014050,鹿野鄉,10014050-005,瑞隆村,21,22,12,46,26,17,148,104Y
10014,臺東縣,10014050,鹿野鄉,10014050-006,鹿野村,16,44,37,90,25,13,236,104Y
10014,臺東縣,10014050,鹿野鄉,10014050-007,龍田村,59,67,92,101,72,50,474,104Y
10014,臺東縣,10014060,池上鄉,10014060-001,福文村,54,30,29,110,168,79,493,104Y
10014,臺東縣,10014060,池上鄉,10014060-002,慶豐村,10,23,43,58,22,10,172,104Y
10014,臺東縣,10014060,池上鄉,10014060-003,大坡村,4,11,9,20,12,3,61,104Y
10014,臺東縣,10014060,池上鄉,10014060-004,大埔村,20,40,76,35,43,22,244,104Y
10014,臺東縣,10014060,池上鄉,10014060-005,福原村,50,97,244,219,207,88,934,104Y
10014,臺東縣,10014060,池上鄉,10014060-006,錦園村,13,16,16,21,18,9,102,104Y
10014,臺東縣,10014060,池上鄉,10014060-007,新興村,18,10,23,29,4,,85,104Y
10014,臺東縣,10014060,池上鄉,10014060-008,萬安村,13,9,11,33,42,26,144,104Y
10014,臺東縣,10014060,池上鄉,10014060-009,富興村,6,12,13,23,17,11,83,104Y
10014,臺東縣,10014060,池上鄉,10014060-010,振興村,8,13,13,8,16,3,61,104Y
10014,臺東縣,10014070,東河鄉,10014070-001,北源村,41,86,91,133,129,31,514,104Y
10014,臺東縣,10014070,東河鄉,10014070-002,泰源村,22,32,77,124,85,41,385,104Y
10014,臺東縣,10014070,東河鄉,10014070-003,東河村,40,46,152,111,47,38,439,104Y
10014,臺東縣,10014070,東河鄉,10014070-004,尚德村,17,5,7,10,20,2,61,104Y
10014,臺東縣,10014070,東河鄉,10014070-005,隆昌村,32,45,35,78,42,78,316,104Y
10014,臺東縣,10014070,東河鄉,10014070-006,興昌村,60,61,55,150,66,62,460,104Y
10014,臺東縣,10014070,東河鄉,10014070-007,都蘭村,143,150,177,288,140,127,1044,104Y
10014,臺東縣,10014080,長濱鄉,10014080-001,樟原村,16,47,37,60,30,32,229,104Y
10014,臺東縣,10014080,長濱鄉,10014080-002,三間村,61,61,70,181,177,65,619,104Y
10014,臺東縣,10014080,長濱鄉,10014080-003,忠勇村,21,33,15,50,17,36,178,104Y
10014,臺東縣,10014080,長濱鄉,10014080-004,長濱村,66,115,151,316,274,60,1005,104Y
10014,臺東縣,10014080,長濱鄉,10014080-005,竹湖村,20,35,66,76,97,31,335,104Y
10014,臺東縣,10014080,長濱鄉,10014080-006,寧埔村,46,49,101,119,80,74,489,104Y
10014,臺東縣,10014090,太麻里鄉,10014090-001,美和村,45,42,61,102,123,10,389,104Y
10014,臺東縣,10014090,太麻里鄉,10014090-002,三和村,21,20,43,81,68,15,248,104Y
10014,臺東縣,10014090,太麻里鄉,10014090-003,華源村,19,24,23,31,74,9,186,104Y
10014,臺東縣,10014090,太麻里鄉,10014090-004,北里村,0,0,0,0,0,0,0,104Y
10014,臺東縣,10014090,太麻里鄉,10014090-005,泰和村,91,102,162,199,216,33,814,104Y
10014,臺東縣,10014090,太麻里鄉,10014090-006,大王村,102,130,171,175,141,36,770,104Y
10014,臺東縣,10014090,太麻里鄉,10014090-007,香蘭村,32,30,38,93,80,23,301,104Y
10014,臺東縣,10014090,太麻里鄉,10014090-008,金崙村,55,45,110,118,162,9,499,104Y
10014,臺東縣,10014090,太麻里鄉,10014090-009,多良村,20,35,76,92,47,11,284,104Y
10014,臺東縣,10014100,大武鄉,10014100-001,大竹村,58,18,33,78,70,33,290,104Y
10014,臺東縣,10014100,大武鄉,10014100-002,大鳥村,46,32,64,73,69,8,292,104Y
10014,臺東縣,10014100,大武鄉,10014100-003,大武村,67,76,80,115,145,38,536,104Y
10014,臺東縣,10014100,大武鄉,10014100-004,尚武村,28,73,41,67,119,84,415,104Y
10014,臺東縣,10014100,大武鄉,10014100-005,南興村,26,23,24,45,47,9,174,104Y
10014,臺東縣,10014110,綠島鄉,10014110-001,公館村,0,0,0,0,0,0,0,104Y
10014,臺東縣,10014110,綠島鄉,10014110-002,中寮村,17,28,41,85,40,21,292,104Y
10014,臺東縣,10014110,綠島鄉,10014110-003,南寮村,56,62,37,64,39,17,337,104Y
10014,臺東縣,10014120,海端鄉,10014120-001,廣原村,9,21,21,21,9,,81,104Y
10014,臺東縣,10014120,海端鄉,10014120-002,霧鹿村,9,6,7,39,2,,63,104Y
10014,臺東縣,10014120,海端鄉,10014120-003,利稻村,2,4,1,3,,,10,104Y
10014,臺東縣,10014120,海端鄉,10014120-004,海端村,14,55,58,71,31,7,243,104Y
10014,臺東縣,10014120,海端鄉,10014120-005,崁頂村,10,36,26,41,13,3,129,104Y
10014,臺東縣,10014120,海端鄉,10014120-006,加拿村,22,15,16,26,11,,90,104Y
10014,臺東縣,10014130,延平鄉,10014130-001,武陵村,22,44,24,49,40,17,197,104Y
10014,臺東縣,10014130,延平鄉,10014130-002,永康村,7,4,6,,53,,70,104Y
10014,臺東縣,10014130,延平鄉,10014130-003,紅葉村,8,13,30,13,29,14,107,104Y
10014,臺東縣,10014130,延平鄉,10014130-004,鸞山村,20,26,9,39,48,11,153,104Y
10014,臺東縣,10014130,延平鄉,10014130-005,桃源村,30,66,65,49,87,27,325,104Y
10014,臺東縣,10014140,金峰鄉,10014140-001,新興村,24,30,23,12,21,2,112,104Y
10014,臺東縣,10014140,金峰鄉,10014140-002,正興村,22,31,21,22,33,2,131,104Y
10014,臺東縣,10014140,金峰鄉,10014140-003,嘉蘭村,178,42,34,58,22,2,336,104Y
10014,臺東縣,10014140,金峰鄉,10014140-004,賓茂村,14,19,36,32,13,,114,104Y
10014,臺東縣,10014140,金峰鄉,10014140-005,歷坵村,10,10,15,14,28,1,78,104Y
10014,臺東縣,10014150,達仁鄉,10014150-001,台村,,1,,,,,1,104Y
10014,臺東縣,10014150,達仁鄉,10014150-002,土村,0,0,0,0,0,0,0,104Y
10014,臺東縣,10014150,達仁鄉,10014150-003,新化村,2,15,24,57,,,98,104Y
10014,臺東縣,10014150,達仁鄉,10014150-004,安朔村,23,27,28,105,16,1,200,104Y
10014,臺東縣,10014150,達仁鄉,10014150-005,森永村,17,17,17,52,,,103,104Y
10014,臺東縣,10014150,達仁鄉,10014150-006,南田村,4,,12,32,,,48,104Y
10014,臺東縣,10014160,蘭嶼鄉,10014160-001,東清村,31,105,13,8,,,158,104Y
10014,臺東縣,10014160,蘭嶼鄉,10014160-002,朗島村,18,42,5,5,1,,71,104Y
10014,臺東縣,10014160,蘭嶼鄉,10014160-003,紅頭村,38,92,15,11,14,,170,104Y
10014,臺東縣,10014160,蘭嶼鄉,10014160-004,椰油村,27,108,25,16,3,1,180,104Y
10014,臺東縣,10014010,臺東市,10014010-001,富岡里,21,24,23,70,72,15,228,105Y
10014,臺東縣,10014010,臺東市,10014010-002,富豐里,1,,,2,,,3,105Y
10014,臺東縣,10014010,臺東市,10014010-003,岩灣里,319,256,68,131,35,8,818,105Y
10014,臺東縣,10014010,臺東市,10014010-004,南王里,109,187,190,461,118,27,1103,105Y
10014,臺東縣,10014010,臺東市,10014010-005,卑南里,178,265,375,143,69,56,1097,105Y
10014,臺東縣,10014010,臺東市,10014010-006,南榮里,64,43,124,149,128,12,521,105Y
10014,臺東縣,10014010,臺東市,10014010-007,新生里,202,294,566,601,118,34,1825,105Y
10014,臺東縣,10014010,臺東市,10014010-008,民生里,99,94,272,653,187,56,1378,105Y
10014,臺東縣,10014010,臺東市,10014010-009,寶桑里,10,36,62,108,61,40,320,105Y
10014,臺東縣,10014010,臺東市,10014010-010,馬蘭里,18,33,92,197,436,10,788,105Y
10014,臺東縣,10014010,臺東市,10014010-011,中心里,133,159,318,290,250,57,1218,105Y
10014,臺東縣,10014010,臺東市,10014010-012,自強里,122,145,401,646,295,66,1680,105Y
10014,臺東縣,10014010,臺東市,10014010-013,民族里,21,37,67,119,225,28,510,105Y
10014,臺東縣,10014010,臺東市,10014010-014,四維里,9,18,36,83,61,12,220,105Y
10014,臺東縣,10014010,臺東市,10014010-015,中華里,14,18,45,54,87,26,248,105Y
10014,臺東縣,10014010,臺東市,10014010-016,強國里,15,30,35,52,33,82,286,105Y
10014,臺東縣,10014010,臺東市,10014010-017,建國里,12,29,21,127,64,44,302,105Y
10014,臺東縣,10014010,臺東市,10014010-018,民權里,22,34,73,53,133,79,408,105Y
10014,臺東縣,10014010,臺東市,10014010-019,仁愛里,6,14,36,43,66,76,266,105Y
10014,臺東縣,10014010,臺東市,10014010-020,中正里,13,31,62,75,55,78,339,105Y
10014,臺東縣,10014010,臺東市,10014010-021,大同里,16,21,35,78,45,95,329,105Y
10014,臺東縣,10014010,臺東市,10014010-022,成功里,17,32,51,62,65,82,341,105Y
10014,臺東縣,10014010,臺東市,10014010-023,文化里,9,21,96,47,35,20,244,105Y
10014,臺東縣,10014010,臺東市,10014010-024,中山里,5,1,40,48,120,96,329,105Y
10014,臺東縣,10014010,臺東市,10014010-025,復國里,30,21,80,46,76,97,364,105Y
10014,臺東縣,10014010,臺東市,10014010-026,興國里,9,36,62,34,72,68,289,105Y
10014,臺東縣,10014010,臺東市,10014010-027,復興里,16,32,8,43,58,70,230,105Y
10014,臺東縣,10014010,臺東市,10014010-028,鐵花里,9,8,26,40,44,32,177,105Y
10014,臺東縣,10014010,臺東市,10014010-029,新園里,24,16,32,57,65,17,213,105Y
10014,臺東縣,10014010,臺東市,10014010-030,豐田里,18,28,68,19,33,22,191,105Y
10014,臺東縣,10014010,臺東市,10014010-031,豐年里,77,48,4,123,1,,253,105Y
10014,臺東縣,10014010,臺東市,10014010-032,光明里,162,141,238,27,67,13,649,105Y
10014,臺東縣,10014010,臺東市,10014010-033,豐樂里,54,55,145,50,59,6,371,105Y
10014,臺東縣,10014010,臺東市,10014010-034,永樂里,65,33,51,34,26,6,217,105Y
10014,臺東縣,10014010,臺東市,10014010-035,康樂里,17,46,72,34,18,22,213,105Y
10014,臺東縣,10014010,臺東市,10014010-036,東海里,33,49,241,416,75,59,880,105Y
10014,臺東縣,10014010,臺東市,10014010-037,新興里,41,12,18,63,123,74,336,105Y
10014,臺東縣,10014010,臺東市,10014010-038,豐榮里,298,446,962,698,279,5,2691,105Y
10014,臺東縣,10014010,臺東市,10014010-039,豐谷里,131,99,345,672,129,6,1385,105Y
10014,臺東縣,10014010,臺東市,10014010-040,豐里里,26,23,40,16,22,7,134,105Y
10014,臺東縣,10014010,臺東市,10014010-041,豐原里,6,3,,1,4,1,15,105Y
10014,臺東縣,10014010,臺東市,10014010-042,建和里,21,23,78,60,25,13,227,105Y
10014,臺東縣,10014010,臺東市,10014010-043,建興里,10,6,56,31,14,3,120,105Y
10014,臺東縣,10014010,臺東市,10014010-044,建業里,21,17,47,35,32,10,166,105Y
10014,臺東縣,10014010,臺東市,10014010-045,知本里,41,62,140,39,24,16,331,105Y
10014,臺東縣,10014010,臺東市,10014010-046,建農里,19,20,17,30,20,11,120,105Y
10014,臺東縣,10014020,成功鎮,10014020-001,博愛里,36,36,72,105,142,18,430,105Y
10014,臺東縣,10014020,成功鎮,10014020-002,忠孝里,50,67,72,158,177,37,566,105Y
10014,臺東縣,10014020,成功鎮,10014020-003,三仙里,37,64,145,212,213,62,754,105Y
10014,臺東縣,10014020,成功鎮,10014020-004,三民里,53,102,446,257,148,58,1073,105Y
10014,臺東縣,10014020,成功鎮,10014020-005,忠智里,7,,,,2,1,11,105Y
10014,臺東縣,10014020,成功鎮,10014020-006,忠仁里,47,73,224,346,237,106,1123,105Y
10014,臺東縣,10014020,成功鎮,10014020-007,和平里,15,18,61,75,81,27,280,105Y
10014,臺東縣,10014020,成功鎮,10014020-008,信義里,99,78,146,231,276,70,916,105Y
10014,臺東縣,10014030,關山鎮,10014030-001,德高里,36,39,51,80,122,58,438,105Y
10014,臺東縣,10014030,關山鎮,10014030-002,豐泉里,52,53,80,104,25,17,359,105Y
10014,臺東縣,10014030,關山鎮,10014030-003,新福里,47,55,49,68,64,39,353,105Y
10014,臺東縣,10014030,關山鎮,10014030-004,中福里,11,37,60,88,66,66,384,105Y
10014,臺東縣,10014030,關山鎮,10014030-005,里里,0,0,0,0,0,0,0,105Y
10014,臺東縣,10014030,關山鎮,10014030-006,電光里,20,6,1,10,10,2,61,105Y
10014,臺東縣,10014030,關山鎮,10014030-007,月眉里,29,25,30,56,100,27,315,105Y
10014,臺東縣,10014040,卑南鄉,10014040-001,嘉豐村,10,13,63,56,45,11,202,105Y
10014,臺東縣,10014040,卑南鄉,10014040-002,利吉村,24,41,11,21,113,11,225,105Y
10014,臺東縣,10014040,卑南鄉,10014040-003,富山村,44,34,26,50,74,20,251,105Y
10014,臺東縣,10014040,卑南鄉,10014040-004,富源村,0,0,0,0,0,0,0,105Y
10014,臺東縣,10014040,卑南鄉,10014040-005,明峰村,39,76,120,132,127,58,558,105Y
10014,臺東縣,10014040,卑南鄉,10014040-006,初鹿村,27,37,78,169,234,65,632,105Y
10014,臺東縣,10014040,卑南鄉,10014040-007,美農村,38,50,47,49,98,50,346,105Y
10014,臺東縣,10014040,卑南鄉,10014040-008,賓朗村,53,105,125,376,260,54,989,105Y
10014,臺東縣,10014040,卑南鄉,10014040-009,泰安村,21,1,1,1,4,,29,105Y
10014,臺東縣,10014040,卑南鄉,10014040-010,太平村,82,75,271,460,291,28,1209,105Y
10014,臺東縣,10014040,卑南鄉,10014040-011,利嘉村,48,85,56,129,91,53,491,105Y
10014,臺東縣,10014040,卑南鄉,10014040-012,東興村,49,43,36,81,130,8,350,105Y
10014,臺東縣,10014040,卑南鄉,10014040-013,溫泉村,51,78,311,127,80,36,687,105Y
10014,臺東縣,10014050,鹿野鄉,10014050-001,瑞和村,11,10,11,31,22,10,101,105Y
10014,臺東縣,10014050,鹿野鄉,10014050-002,瑞豐村,26,32,50,80,65,31,299,105Y
10014,臺東縣,10014050,鹿野鄉,10014050-003,瑞源村,6,6,6,49,24,7,101,105Y
10014,臺東縣,10014050,鹿野鄉,10014050-004,永安村,25,68,62,62,63,17,316,105Y
10014,臺東縣,10014050,鹿野鄉,10014050-005,瑞隆村,19,19,13,43,27,21,144,105Y
10014,臺東縣,10014050,鹿野鄉,10014050-006,鹿野村,8,40,34,102,23,13,235,105Y
10014,臺東縣,10014050,鹿野鄉,10014050-007,龍田村,60,39,118,104,69,48,470,105Y
10014,臺東縣,10014060,池上鄉,10014060-001,福文村,52,28,32,85,185,87,493,105Y
10014,臺東縣,10014060,池上鄉,10014060-002,慶豐村,8,15,45,66,27,6,172,105Y
10014,臺東縣,10014060,池上鄉,10014060-003,大坡村,8,8,10,20,9,2,61,105Y
10014,臺東縣,10014060,池上鄉,10014060-004,大埔村,21,24,82,43,49,20,246,105Y
10014,臺東縣,10014060,池上鄉,10014060-005,福原村,46,77,265,207,194,116,935,105Y
10014,臺東縣,10014060,池上鄉,10014060-006,錦園村,12,19,9,28,22,11,103,105Y
10014,臺東縣,10014060,池上鄉,10014060-007,新興村,26,4,3,47,4,2,86,105Y
10014,臺東縣,10014060,池上鄉,10014060-008,萬安村,9,15,10,27,42,32,144,105Y
10014,臺東縣,10014060,池上鄉,10014060-009,富興村,11,9,8,21,26,6,83,105Y
10014,臺東縣,10014060,池上鄉,10014060-010,振興村,10,10,13,14,11,3,62,105Y
10014,臺東縣,10014070,東河鄉,10014070-001,北源村,44,66,108,114,152,25,514,105Y
10014,臺東縣,10014070,東河鄉,10014070-002,泰源村,19,29,69,129,97,41,389,105Y
10014,臺東縣,10014070,東河鄉,10014070-003,東河村,36,25,168,117,55,33,438,105Y
10014,臺東縣,10014070,東河鄉,10014070-004,尚德村,15,7,7,11,21,1,62,105Y
10014,臺東縣,10014070,東河鄉,10014070-005,隆昌村,27,41,39,76,47,75,315,105Y
10014,臺東縣,10014070,東河鄉,10014070-006,興昌村,65,45,59,130,88,66,461,105Y
10014,臺東縣,10014070,東河鄉,10014070-007,都蘭村,129,124,189,291,165,122,1046,105Y
10014,臺東縣,10014080,長濱鄉,10014080-001,樟原村,15,37,49,42,50,29,228,105Y
10014,臺東縣,10014080,長濱鄉,10014080-002,三間村,59,43,88,183,178,59,618,105Y
10014,臺東縣,10014080,長濱鄉,10014080-003,忠勇村,22,30,16,41,25,37,179,105Y
10014,臺東縣,10014080,長濱鄉,10014080-004,長濱村,57,65,185,291,307,76,1003,105Y
10014,臺東縣,10014080,長濱鄉,10014080-005,竹湖村,24,25,54,97,82,39,334,105Y
10014,臺東縣,10014080,長濱鄉,10014080-006,寧埔村,39,41,97,127,88,72,485,105Y
10014,臺東縣,10014090,太麻里鄉,10014090-001,美和村,45,50,46,81,152,15,391,105Y
10014,臺東縣,10014090,太麻里鄉,10014090-002,三和村,21,19,22,101,72,14,249,105Y
10014,臺東縣,10014090,太麻里鄉,10014090-003,華源村,16,21,21,37,69,13,186,105Y
10014,臺東縣,10014090,太麻里鄉,10014090-004,北里村,0,0,0,0,0,0,0,105Y
10014,臺東縣,10014090,太麻里鄉,10014090-005,泰和村,70,88,164,214,223,45,814,105Y
10014,臺東縣,10014090,太麻里鄉,10014090-006,大王村,82,117,179,189,148,38,767,105Y
10014,臺東縣,10014090,太麻里鄉,10014090-007,香蘭村,33,37,24,96,83,19,300,105Y
10014,臺東縣,10014090,太麻里鄉,10014090-008,金崙村,58,52,73,132,153,34,502,105Y
10014,臺東縣,10014090,太麻里鄉,10014090-009,多良村,21,36,64,86,61,15,285,105Y
10014,臺東縣,10014100,大武鄉,10014100-001,大竹村,57,16,32,76,68,41,290,105Y
10014,臺東縣,10014100,大武鄉,10014100-002,大鳥村,36,38,76,69,61,12,293,105Y
10014,臺東縣,10014100,大武鄉,10014100-003,大武村,73,50,73,127,150,46,535,105Y
10014,臺東縣,10014100,大武鄉,10014100-004,尚武村,24,38,70,66,121,89,415,105Y
10014,臺東縣,10014100,大武鄉,10014100-005,南興村,21,26,20,40,54,12,173,105Y
10014,臺東縣,10014110,綠島鄉,10014110-001,公館村,0,0,0,0,0,0,0,105Y
10014,臺東縣,10014110,綠島鄉,10014110-002,中寮村,14,25,44,74,56,15,292,105Y
10014,臺東縣,10014110,綠島鄉,10014110-003,南寮村,53,64,44,57,42,15,339,105Y
10014,臺東縣,10014120,海端鄉,10014120-001,廣原村,9,11,25,21,15,,81,105Y
10014,臺東縣,10014120,海端鄉,10014120-002,霧鹿村,11,9,7,5,31,,63,105Y
10014,臺東縣,10014120,海端鄉,10014120-003,利稻村,3,4,1,3,,,11,105Y
10014,臺東縣,10014120,海端鄉,10014120-004,海端村,17,38,62,80,31,7,242,105Y
10014,臺東縣,10014120,海端鄉,10014120-005,崁頂村,12,28,31,41,16,3,131,105Y
10014,臺東縣,10014120,海端鄉,10014120-006,加拿村,21,16,18,27,8,,90,105Y
10014,臺東縣,10014130,延平鄉,10014130-001,武陵村,15,39,29,53,45,15,197,105Y
10014,臺東縣,10014130,延平鄉,10014130-002,永康村,8,3,3,2,54,,70,105Y
10014,臺東縣,10014130,延平鄉,10014130-003,紅葉村,8,11,22,26,25,15,107,105Y
10014,臺東縣,10014130,延平鄉,10014130-004,鸞山村,12,26,9,39,57,10,153,105Y
10014,臺東縣,10014130,延平鄉,10014130-005,桃源村,22,68,57,62,85,29,324,105Y
10014,臺東縣,10014140,金峰鄉,10014140-001,新興村,9,31,28,22,20,2,112,105Y
10014,臺東縣,10014140,金峰鄉,10014140-002,正興村,13,37,18,15,47,1,131,105Y
10014,臺東縣,10014140,金峰鄉,10014140-003,嘉蘭村,176,48,26,40,46,5,341,105Y
10014,臺東縣,10014140,金峰鄉,10014140-004,賓茂村,15,16,33,23,26,,113,105Y
10014,臺東縣,10014140,金峰鄉,10014140-005,歷坵村,7,9,16,10,36,,78,105Y
10014,臺東縣,10014150,達仁鄉,10014150-001,台村,1,1,,,,,2,105Y
10014,臺東縣,10014150,達仁鄉,10014150-002,土村,0,0,0,0,0,0,0,105Y
10014,臺東縣,10014150,達仁鄉,10014150-003,新化村,3,10,13,73,,,99,105Y
10014,臺東縣,10014150,達仁鄉,10014150-004,安朔村,18,26,32,103,20,1,200,105Y
10014,臺東縣,10014150,達仁鄉,10014150-005,森永村,14,19,18,53,,,104,105Y
10014,臺東縣,10014150,達仁鄉,10014150-006,南田村,1,,8,31,,,40,105Y
10014,臺東縣,10014160,蘭嶼鄉,10014160-001,東清村,35,115,13,5,,,168,105Y
10014,臺東縣,10014160,蘭嶼鄉,10014160-002,朗島村,27,41,5,5,,,78,105Y
10014,臺東縣,10014160,蘭嶼鄉,10014160-003,紅頭村,53,87,18,9,14,,181,105Y
10014,臺東縣,10014160,蘭嶼鄉,10014160-004,椰油村,31,106,29,9,10,1,186,105Y
10014,臺東縣,10014010,臺東市,10014010-001,富岡里,59,107,97,208,332,49,14,106Y
10014,臺東縣,10014010,臺東市,10014010-002,富豐里,35,25,65,157,31,3,0,106Y
10014,臺東縣,10014010,臺東市,10014010-003,岩灣里,372,354,144,186,57,11,1,106Y
10014,臺東縣,10014010,臺東市,10014010-004,南王里,123,175,233,432,175,39,13,106Y
10014,臺東縣,10014010,臺東市,10014010-005,卑南里,163,334,491,133,101,78,21,106Y
10014,臺東縣,10014010,臺東市,10014010-006,南榮里,213,227,207,175,240,40,6,106Y
10014,臺東縣,10014010,臺東市,10014010-007,新生里,269,382,733,819,234,55,23,106Y
10014,臺東縣,10014010,臺東市,10014010-008,民生里,108,108,279,675,250,85,24,106Y
10014,臺東縣,10014010,臺東市,10014010-009,寶桑里,15,51,83,118,87,72,8,106Y
10014,臺東縣,10014010,臺東市,10014010-010,馬蘭里,29,41,119,246,652,21,3,106Y
10014,臺東縣,10014010,臺東市,10014010-011,中心里,144,130,348,276,304,94,14,106Y
10014,臺東縣,10014010,臺東市,10014010-012,自強里,120,149,409,621,358,78,10,106Y
10014,臺東縣,10014010,臺東市,10014010-013,民族里,25,39,61,132,255,40,33,106Y
10014,臺東縣,10014010,臺東市,10014010-014,四維里,16,24,67,99,115,19,2,106Y
10014,臺東縣,10014010,臺東市,10014010-015,中華里,36,20,104,215,260,93,27,106Y
10014,臺東縣,10014010,臺東市,10014010-016,強國里,16,22,48,64,48,110,48,106Y
10014,臺東縣,10014010,臺東市,10014010-017,建國里,56,73,39,231,122,103,16,106Y
10014,臺東縣,10014010,臺東市,10014010-018,民權里,19,45,67,59,162,119,20,106Y
10014,臺東縣,10014010,臺東市,10014010-019,仁愛里,11,25,51,66,104,139,66,106Y
10014,臺東縣,10014010,臺東市,10014010-020,中正里,14,40,86,86,91,137,89,106Y
10014,臺東縣,10014010,臺東市,10014010-021,大同里,17,20,44,93,46,112,49,106Y
10014,臺東縣,10014010,臺東市,10014010-022,成功里,26,36,58,87,75,121,48,106Y
10014,臺東縣,10014010,臺東市,10014010-023,文化里,17,15,112,51,56,33,26,106Y
10014,臺東縣,10014010,臺東市,10014010-024,中山里,7,3,49,43,137,119,32,106Y
10014,臺東縣,10014010,臺東市,10014010-025,復國里,34,30,84,62,100,149,24,106Y
10014,臺東縣,10014010,臺東市,10014010-026,興國里,11,11,97,47,87,98,16,106Y
10014,臺東縣,10014010,臺東市,10014010-027,復興里,17,33,14,39,92,105,5,106Y
10014,臺東縣,10014010,臺東市,10014010-028,鐵花里,8,15,33,46,58,67,32,106Y
10014,臺東縣,10014010,臺東市,10014010-029,新園里,77,80,89,179,235,66,10,106Y
10014,臺東縣,10014010,臺東市,10014010-030,豐田里,83,102,231,268,400,132,27,106Y
10014,臺東縣,10014010,臺東市,10014010-031,豐年里,204,250,168,354,379,48,8,106Y
10014,臺東縣,10014010,臺東市,10014010-032,光明里,173,140,450,108,150,52,24,106Y
10014,臺東縣,10014010,臺東市,10014010-033,豐樂里,91,93,227,80,138,25,5,106Y
10014,臺東縣,10014010,臺東市,10014010-034,永樂里,133,181,201,69,103,49,4,106Y
10014,臺東縣,10014010,臺東市,10014010-035,康樂里,51,78,152,56,92,73,7,106Y
10014,臺東縣,10014010,臺東市,10014010-036,東海里,46,53,301,456,118,122,17,106Y
10014,臺東縣,10014010,臺東市,10014010-037,新興里,52,31,53,83,301,112,12,106Y
10014,臺東縣,10014010,臺東市,10014010-038,豐榮里,388,424,1133,991,378,33,5,106Y
10014,臺東縣,10014010,臺東市,10014010-039,豐谷里,187,154,463,905,218,26,4,106Y
10014,臺東縣,10014010,臺東市,10014010-040,豐里里,102,95,283,102,117,85,6,106Y
10014,臺東縣,10014010,臺東市,10014010-041,豐原里,54,61,46,66,72,73,9,106Y
10014,臺東縣,10014010,臺東市,10014010-042,建和里,65,78,129,100,90,63,16,106Y
10014,臺東縣,10014010,臺東市,10014010-043,建興里,24,31,157,119,100,37,3,106Y
10014,臺東縣,10014010,臺東市,10014010-044,建業里,40,28,136,214,128,62,28,106Y
10014,臺東縣,10014010,臺東市,10014010-045,知本里,40,96,252,113,109,50,28,106Y
10014,臺東縣,10014010,臺東市,10014010-046,建農里,137,222,130,190,41,15,5,106Y
10014,臺東縣,10014020,成功鎮,10014020-001,博愛里,38,38,62,113,161,27,22,106Y
10014,臺東縣,10014020,成功鎮,10014020-002,忠孝里,62,77,101,167,223,41,10,106Y
10014,臺東縣,10014020,成功鎮,10014020-003,三仙里,47,70,168,250,267,81,35,106Y
10014,臺東縣,10014020,成功鎮,10014020-004,三民里,68,104,533,293,251,76,18,106Y
10014,臺東縣,10014020,成功鎮,10014020-005,忠智里,20,46,178,342,222,75,38,106Y
10014,臺東縣,10014020,成功鎮,10014020-006,忠仁里,51,77,264,326,305,143,113,106Y
10014,臺東縣,10014020,成功鎮,10014020-007,和平里,21,22,69,89,94,33,4,106Y
10014,臺東縣,10014020,成功鎮,10014020-008,信義里,120,80,184,241,330,94,20,106Y
10014,臺東縣,10014030,關山鎮,10014030-001,德高里,45,34,50,84,140,76,60,106Y
10014,臺東縣,10014030,關山鎮,10014030-002,豐泉里,48,76,93,146,50,34,45,106Y
10014,臺東縣,10014030,關山鎮,10014030-003,新福里,57,76,72,71,92,53,48,106Y
10014,臺東縣,10014030,關山鎮,10014030-004,中福里,12,38,97,108,83,89,85,106Y
10014,臺東縣,10014030,關山鎮,10014030-005,里里,68,61,100,260,183,60,71,106Y
10014,臺東縣,10014030,關山鎮,10014030-006,電光里,22,8,1,12,14,7,13,106Y
10014,臺東縣,10014030,關山鎮,10014030-007,月眉里,31,38,37,57,136,46,66,106Y
10014,臺東縣,10014040,卑南鄉,10014040-001,嘉豐村,12,17,68,59,53,12,4,106Y
10014,臺東縣,10014040,卑南鄉,10014040-002,利吉村,26,38,17,22,106,25,4,106Y
10014,臺東縣,10014040,卑南鄉,10014040-003,富山村,62,42,29,55,108,33,4,106Y
10014,臺東縣,10014040,卑南鄉,10014040-004,富源村,4,1,5,39,13,13,0,106Y
10014,臺東縣,10014040,卑南鄉,10014040-005,明峰村,42,80,125,126,189,73,8,106Y
10014,臺東縣,10014040,卑南鄉,10014040-006,初鹿村,28,49,83,150,297,83,28,106Y
10014,臺東縣,10014040,卑南鄉,10014040-007,美農村,34,64,53,53,101,76,19,106Y
10014,臺東縣,10014040,卑南鄉,10014040-008,賓朗村,67,117,152,381,323,84,29,106Y
10014,臺東縣,10014040,卑南鄉,10014040-009,泰安村,25,5,1,0,9,0,1,106Y
10014,臺東縣,10014040,卑南鄉,10014040-010,太平村,130,81,242,625,395,48,4,106Y
10014,臺東縣,10014040,卑南鄉,10014040-011,利嘉村,61,96,73,147,98,48,47,106Y
10014,臺東縣,10014040,卑南鄉,10014040-012,東興村,52,61,49,98,149,17,3,106Y
10014,臺東縣,10014040,卑南鄉,10014040-013,溫泉村,58,109,355,149,112,48,7,106Y
10014,臺東縣,10014050,鹿野鄉,10014050-001,瑞和村,22,22,38,68,49,50,12,106Y
10014,臺東縣,10014050,鹿野鄉,10014050-002,瑞豐村,34,28,56,101,79,46,29,106Y
10014,臺東縣,10014050,鹿野鄉,10014050-003,瑞源村,20,38,51,150,71,43,11,106Y
10014,臺東縣,10014050,鹿野鄉,10014050-004,永安村,74,86,77,118,99,44,42,106Y
10014,臺東縣,10014050,鹿野鄉,10014050-005,瑞隆村,33,29,45,109,78,52,12,106Y
10014,臺東縣,10014050,鹿野鄉,10014050-006,鹿野村,29,55,141,162,104,47,29,106Y
10014,臺東縣,10014050,鹿野鄉,10014050-007,龍田村,71,42,128,142,92,70,55,106Y
10014,臺東縣,10014060,池上鄉,10014060-001,福文村,62,45,42,90,229,125,43,106Y
10014,臺東縣,10014060,池上鄉,10014060-002,慶豐村,10,15,53,70,35,10,8,106Y
10014,臺東縣,10014060,池上鄉,10014060-003,大坡村,10,9,14,23,19,3,6,106Y
10014,臺東縣,10014060,池上鄉,10014060-004,大埔村,27,35,91,67,77,34,14,106Y
10014,臺東縣,10014060,池上鄉,10014060-005,福原村,52,85,277,185,252,156,39,106Y
10014,臺東縣,10014060,池上鄉,10014060-006,錦園村,18,20,15,29,24,8,8,106Y
10014,臺東縣,10014060,池上鄉,10014060-007,新興村,38,26,17,68,34,16,7,106Y
10014,臺東縣,10014060,池上鄉,10014060-008,萬安村,9,11,16,28,51,44,11,106Y
10014,臺東縣,10014060,池上鄉,10014060-009,富興村,10,19,15,25,46,9,3,106Y
10014,臺東縣,10014060,池上鄉,10014060-010,振興村,13,21,18,21,13,5,1,106Y
10014,臺東縣,10014070,東河鄉,10014070-001,北源村,57,64,135,131,193,38,6,106Y
10014,臺東縣,10014070,東河鄉,10014070-002,泰源村,30,41,78,123,145,54,7,106Y
10014,臺東縣,10014070,東河鄉,10014070-003,東河村,47,26,160,131,75,41,9,106Y
10014,臺東縣,10014070,東河鄉,10014070-004,尚德村,18,8,7,16,32,1,0,106Y
10014,臺東縣,10014070,東河鄉,10014070-005,隆昌村,31,51,38,87,58,77,20,106Y
10014,臺東縣,10014070,東河鄉,10014070-006,興昌村,86,40,76,142,124,85,17,106Y
10014,臺東縣,10014070,東河鄉,10014070-007,都蘭村,184,138,206,314,234,154,36,106Y
10014,臺東縣,10014080,長濱鄉,10014080-001,樟原村,21,48,39,77,50,52,9,106Y
10014,臺東縣,10014080,長濱鄉,10014080-002,三間村,76,62,89,217,233,100,10,106Y
10014,臺東縣,10014080,長濱鄉,10014080-003,忠勇村,32,27,43,57,20,65,9,106Y
10014,臺東縣,10014080,長濱鄉,10014080-004,長濱村,71,64,225,302,392,88,29,106Y
10014,臺東縣,10014080,長濱鄉,10014080-005,竹湖村,30,36,78,121,102,78,20,106Y
10014,臺東縣,10014080,長濱鄉,10014080-006,寧埔村,67,52,131,163,139,118,23,106Y
10014,臺東縣,10014090,太麻里鄉,10014090-001,美和村,67,57,79,110,218,28,7,106Y
10014,臺東縣,10014090,太麻里鄉,10014090-002,三和村,22,25,18,104,110,18,6,106Y
10014,臺東縣,10014090,太麻里鄉,10014090-003,華源村,21,25,29,40,112,37,22,106Y
10014,臺東縣,10014090,太麻里鄉,10014090-004,北里村,18,25,3,5,20,1,0,106Y
10014,臺東縣,10014090,太麻里鄉,10014090-005,泰和村,69,78,160,208,251,51,11,106Y
10014,臺東縣,10014090,太麻里鄉,10014090-006,大王村,94,108,170,205,182,63,18,106Y
10014,臺東縣,10014090,太麻里鄉,10014090-007,香蘭村,56,45,33,111,137,61,12,106Y
10014,臺東縣,10014090,太麻里鄉,10014090-008,金崙村,73,65,97,157,247,41,7,106Y
10014,臺東縣,10014090,太麻里鄉,10014090-009,多良村,26,45,72,100,82,18,11,106Y
10014,臺東縣,10014100,大武鄉,10014100-001,大竹村,60,24,51,89,124,74,2,106Y
10014,臺東縣,10014100,大武鄉,10014100-002,大鳥村,54,43,72,91,111,21,2,106Y
10014,臺東縣,10014100,大武鄉,10014100-003,大武村,85,87,107,158,205,62,29,106Y
10014,臺東縣,10014100,大武鄉,10014100-004,尚武村,29,45,90,94,162,61,80,106Y
10014,臺東縣,10014100,大武鄉,10014100-005,南興村,31,24,52,47,70,10,4,106Y
10014,臺東縣,10014110,綠島鄉,10014110-001,公館村,16,12,5,6,21,11,9,106Y
10014,臺東縣,10014110,綠島鄉,10014110-002,中寮村,15,23,42,89,64,18,73,106Y
10014,臺東縣,10014110,綠島鄉,10014110-003,南寮村,65,71,49,59,48,19,69,106Y
10014,臺東縣,10014120,海端鄉,10014120-001,廣原村,12,18,51,30,28,4,0,106Y
10014,臺東縣,10014120,海端鄉,10014120-002,霧鹿村,14,10,8,4,33,0,0,106Y
10014,臺東縣,10014120,海端鄉,10014120-003,利稻村,6,10,9,11,6,1,0,106Y
10014,臺東縣,10014120,海端鄉,10014120-004,海端村,18,53,80,104,63,10,13,106Y
10014,臺東縣,10014120,海端鄉,10014120-005,崁頂村,20,43,45,39,29,5,0,106Y
10014,臺東縣,10014120,海端鄉,10014120-006,加拿村,27,18,19,39,14,0,0,106Y
10014,臺東縣,10014130,延平鄉,10014130-001,武陵村,23,36,30,49,66,19,2,106Y
10014,臺東縣,10014130,延平鄉,10014130-002,永康村,11,6,7,8,66,0,0,106Y
10014,臺東縣,10014130,延平鄉,10014130-003,紅葉村,9,10,12,35,27,16,0,106Y
10014,臺東縣,10014130,延平鄉,10014130-004,鸞山村,22,26,18,21,94,13,0,106Y
10014,臺東縣,10014130,延平鄉,10014130-005,桃源村,32,61,64,68,98,34,1,106Y
10014,臺東縣,10014140,金峰鄉,10014140-001,新興村,12,29,25,23,32,1,0,106Y
10014,臺東縣,10014140,金峰鄉,10014140-002,正興村,18,40,19,14,56,1,0,106Y
10014,臺東縣,10014140,金峰鄉,10014140-003,嘉蘭村,184,50,20,43,99,5,0,106Y
10014,臺東縣,10014140,金峰鄉,10014140-004,賓茂村,15,17,34,17,38,0,0,106Y
10014,臺東縣,10014140,金峰鄉,10014140-005,歷坵村,17,5,21,10,56,1,0,106Y
10014,臺東縣,10014150,達仁鄉,10014150-001,台村,3,6,1,0,0,0,0,106Y
10014,臺東縣,10014150,達仁鄉,10014150-002,土村,0,0,0,0,0,0,0,106Y
10014,臺東縣,10014150,達仁鄉,10014150-003,新化村,5,16,17,104,0,0,0,106Y
10014,臺東縣,10014150,達仁鄉,10014150-004,安朔村,35,28,34,175,27,2,0,106Y
10014,臺東縣,10014150,達仁鄉,10014150-005,森永村,23,24,18,102,0,0,0,106Y
10014,臺東縣,10014150,達仁鄉,10014150-006,南田村,17,0,6,71,0,0,0,106Y
10014,臺東縣,10014160,蘭嶼鄉,10014160-001,東清村,53,117,12,13,87,0,0,106Y
10014,臺東縣,10014160,蘭嶼鄉,10014160-002,朗島村,31,47,8,46,0,0,0,106Y
10014,臺東縣,10014160,蘭嶼鄉,10014160-003,紅頭村,73,102,17,15,51,1,0,106Y
10014,臺東縣,10014160,蘭嶼鄉,10014160-004,椰油村,39,112,27,29,92,5,0,106Y
10014,臺東縣,10014010,臺東市,10014010-001,富岡里,54,97,102,208,318,64,14,107Y
10014,臺東縣,10014010,臺東市,10014010-002,富豐里,40,24,67,156,30,7,0,107Y
10014,臺東縣,10014010,臺東市,10014010-003,岩灣里,384,346,161,186,65,12,1,107Y
10014,臺東縣,10014010,臺東市,10014010-004,南王里,128,159,252,328,285,39,14,107Y
10014,臺東縣,10014010,臺東市,10014010-005,卑南里,136,338,512,136,89,89,24,107Y
10014,臺東縣,10014010,臺東市,10014010-006,南榮里,178,261,211,140,266,47,11,107Y
10014,臺東縣,10014010,臺東市,10014010-007,新生里,249,364,722,826,275,58,23,107Y
10014,臺東縣,10014010,臺東市,10014010-008,民生里,92,107,268,666,262,112,24,107Y
10014,臺東縣,10014010,臺東市,10014010-009,寶桑里,11,53,76,112,100,72,8,107Y
10014,臺東縣,10014010,臺東市,10014010-010,馬蘭里,29,38,95,199,714,27,4,107Y
10014,臺東縣,10014010,臺東市,10014010-011,中心里,123,136,341,234,352,106,15,107Y
10014,臺東縣,10014010,臺東市,10014010-012,自強里,117,145,345,615,407,100,15,107Y
10014,臺東縣,10014010,臺東市,10014010-013,民族里,22,34,69,116,265,48,34,107Y
10014,臺東縣,10014010,臺東市,10014010-014,四維里,18,18,70,97,112,22,2,107Y
10014,臺東縣,10014010,臺東市,10014010-015,中華里,37,20,96,157,321,94,30,107Y
10014,臺東縣,10014010,臺東市,10014010-016,強國里,15,19,48,62,47,111,53,107Y
10014,臺東縣,10014010,臺東市,10014010-017,建國里,53,73,44,192,154,96,27,107Y
10014,臺東縣,10014010,臺東市,10014010-018,民權里,17,43,68,63,143,128,25,107Y
10014,臺東縣,10014010,臺東市,10014010-019,仁愛里,11,20,54,66,95,131,75,107Y
10014,臺東縣,10014010,臺東市,10014010-020,中正里,16,39,78,96,90,133,97,107Y
10014,臺東縣,10014010,臺東市,10014010-021,大同里,11,25,44,80,57,109,54,107Y
10014,臺東縣,10014010,臺東市,10014010-022,成功里,21,41,57,66,93,114,52,107Y
10014,臺東縣,10014010,臺東市,10014010-023,文化里,15,15,105,57,29,61,22,107Y
10014,臺東縣,10014010,臺東市,10014010-024,中山里,9,4,46,37,128,132,32,107Y
10014,臺東縣,10014010,臺東市,10014010-025,復國里,28,37,77,67,91,155,27,107Y
10014,臺東縣,10014010,臺東市,10014010-026,興國里,10,7,96,50,81,103,19,107Y
10014,臺東縣,10014010,臺東市,10014010-027,復興里,20,33,13,39,79,113,10,107Y
10014,臺東縣,10014010,臺東市,10014010-028,鐵花里,8,15,29,48,60,62,38,107Y
10014,臺東縣,10014010,臺東市,10014010-029,新園里,75,77,94,173,228,80,11,107Y
10014,臺東縣,10014010,臺東市,10014010-030,豐田里,75,113,230,263,399,111,54,107Y
10014,臺東縣,10014010,臺東市,10014010-031,豐年里,213,204,203,355,380,60,8,107Y
10014,臺東縣,10014010,臺東市,10014010-032,光明里,175,121,463,55,198,52,27,107Y
10014,臺東縣,10014010,臺東市,10014010-033,豐樂里,88,87,232,78,140,30,7,107Y
10014,臺東縣,10014010,臺東市,10014010-034,永樂里,128,170,216,63,103,56,4,107Y
10014,臺東縣,10014010,臺東市,10014010-035,康樂里,53,60,177,47,98,76,7,107Y
10014,臺東縣,10014010,臺東市,10014010-036,東海里,43,55,267,480,119,121,25,107Y
10014,臺東縣,10014010,臺東市,10014010-037,新興里,46,28,60,77,302,114,16,107Y
10014,臺東縣,10014010,臺東市,10014010-038,豐榮里,350,434,1061,1097,375,36,4,107Y
10014,臺東縣,10014010,臺東市,10014010-039,豐谷里,178,143,422,965,217,29,3,107Y
10014,臺東縣,10014010,臺東市,10014010-040,豐里里,110,93,289,108,100,110,8,107Y
10014,臺東縣,10014010,臺東市,10014010-041,豐原里,61,62,45,64,71,77,10,107Y
10014,臺東縣,10014010,臺東市,10014010-042,建和里,62,78,123,100,91,65,18,107Y
10014,臺東縣,10014010,臺東市,10014010-043,建興里,21,31,158,121,81,55,4,107Y
10014,臺東縣,10014010,臺東市,10014010-044,建業里,38,39,132,216,120,69,25,107Y
10014,臺東縣,10014010,臺東市,10014010-045,知本里,64,98,243,122,105,55,26,107Y
10014,臺東縣,10014010,臺東市,10014010-046,建農里,143,230,134,189,37,17,4,107Y
10014,臺東縣,10014020,成功鎮,10014020-001,博愛里,33,38,60,114,156,33,20,107Y
10014,臺東縣,10014020,成功鎮,10014020-002,忠孝里,59,75,104,161,231,40,11,107Y
10014,臺東縣,10014020,成功鎮,10014020-003,三仙里,44,61,170,242,279,79,37,107Y
10014,臺東縣,10014020,成功鎮,10014020-004,三民里,65,94,511,323,233,90,18,107Y
10014,臺東縣,10014020,成功鎮,10014020-005,忠智里,18,40,165,335,213,97,42,107Y
10014,臺東縣,10014020,成功鎮,10014020-006,忠仁里,40,77,256,299,321,161,118,107Y
10014,臺東縣,10014020,成功鎮,10014020-007,和平里,21,19,64,92,94,33,5,107Y
10014,臺東縣,10014020,成功鎮,10014020-008,信義里,117,64,188,232,336,99,21,107Y
10014,臺東縣,10014030,關山鎮,10014030-001,德高里,45,32,50,79,137,84,61,107Y
10014,臺東縣,10014030,關山鎮,10014030-002,豐泉里,51,60,110,148,51,35,45,107Y
10014,臺東縣,10014030,關山鎮,10014030-003,新福里,53,71,75,76,91,55,50,107Y
10014,臺東縣,10014030,關山鎮,10014030-004,中福里,13,26,101,110,82,91,87,107Y
10014,臺東縣,10014030,關山鎮,10014030-005,里里,61,60,102,232,199,76,71,107Y
10014,臺東縣,10014030,關山鎮,10014030-006,電光里,20,11,0,13,14,7,11,107Y
10014,臺東縣,10014030,關山鎮,10014030-007,月眉里,29,39,31,64,129,49,69,107Y
10014,臺東縣,10014040,卑南鄉,10014040-001,嘉豐村,12,16,66,60,50,12,5,107Y
10014,臺東縣,10014040,卑南鄉,10014040-002,利吉村,25,36,21,19,104,28,4,107Y
10014,臺東縣,10014040,卑南鄉,10014040-003,富山村,57,46,30,52,105,34,4,107Y
10014,臺東縣,10014040,卑南鄉,10014040-004,富源村,5,0,6,39,11,13,1,107Y
10014,臺東縣,10014040,卑南鄉,10014040-005,明峰村,38,75,123,122,198,76,10,107Y
10014,臺東縣,10014040,卑南鄉,10014040-006,初鹿村,23,52,81,128,300,100,27,107Y
10014,臺東縣,10014040,卑南鄉,10014040-007,美農村,30,66,52,51,103,76,19,107Y
10014,臺東縣,10014040,卑南鄉,10014040-008,賓朗村,68,109,150,366,317,108,29,107Y
10014,臺東縣,10014040,卑南鄉,10014040-009,泰安村,27,6,1,0,9,1,1,107Y
10014,臺東縣,10014040,卑南鄉,10014040-010,太平村,112,88,244,573,438,64,4,107Y
10014,臺東縣,10014040,卑南鄉,10014040-011,利嘉村,58,73,101,94,149,48,49,107Y
10014,臺東縣,10014040,卑南鄉,10014040-012,東興村,47,62,46,90,147,34,4,107Y
10014,臺東縣,10014040,卑南鄉,10014040-013,溫泉村,56,99,356,154,112,52,6,107Y
10014,臺東縣,10014050,鹿野鄉,10014050-001,瑞和村,21,17,43,65,47,58,12,107Y
10014,臺東縣,10014050,鹿野鄉,10014050-002,瑞豐村,32,33,45,102,80,53,33,107Y
10014,臺東縣,10014050,鹿野鄉,10014050-003,瑞源村,21,30,52,150,63,57,13,107Y
10014,臺東縣,10014050,鹿野鄉,10014050-004,永安村,76,88,79,115,85,60,46,107Y
10014,臺東縣,10014050,鹿野鄉,10014050-005,瑞隆村,30,30,43,106,70,64,17,107Y
10014,臺東縣,10014050,鹿野鄉,10014050-006,鹿野村,35,48,143,158,87,73,30,107Y
10014,臺東縣,10014050,鹿野鄉,10014050-007,龍田村,74,42,126,145,76,86,57,107Y
10014,臺東縣,10014060,池上鄉,10014060-001,福文村,57,43,45,85,218,140,45,107Y
10014,臺東縣,10014060,池上鄉,10014060-002,慶豐村,6,17,51,74,29,15,10,107Y
10014,臺東縣,10014060,池上鄉,10014060-003,大坡村,10,9,12,25,15,7,6,107Y
10014,臺東縣,10014060,池上鄉,10014060-004,大埔村,29,34,90,66,64,49,14,107Y
10014,臺東縣,10014060,池上鄉,10014060-005,福原村,47,86,281,174,245,164,52,107Y
10014,臺東縣,10014060,池上鄉,10014060-006,錦園村,17,19,16,27,26,8,8,107Y
10014,臺東縣,10014060,池上鄉,10014060-007,新興村,36,28,19,68,24,26,7,107Y
10014,臺東縣,10014060,池上鄉,10014060-008,萬安村,10,10,12,33,45,44,16,107Y
10014,臺東縣,10014060,池上鄉,10014060-009,富興村,9,20,15,25,43,11,4,107Y
10014,臺東縣,10014060,池上鄉,10014060-010,振興村,13,20,18,21,13,6,1,107Y
10014,臺東縣,10014070,東河鄉,10014070-001,北源村,57,55,128,144,190,33,6,107Y
10014,臺東縣,10014070,東河鄉,10014070-002,泰源村,29,39,76,115,147,49,9,107Y
10014,臺東縣,10014070,東河鄉,10014070-003,東河村,43,25,155,137,77,37,11,107Y
10014,臺東縣,10014070,東河鄉,10014070-004,尚德村,18,8,6,16,33,1,0,107Y
10014,臺東縣,10014070,東河鄉,10014070-005,隆昌村,29,47,43,81,67,41,10,107Y
10014,臺東縣,10014070,東河鄉,10014070-006,興昌村,89,37,77,140,126,67,23,107Y
10014,臺東縣,10014070,東河鄉,10014070-007,都蘭村,173,123,220,300,250,131,35,107Y
10014,臺東縣,10014080,長濱鄉,10014080-001,樟原村,18,43,41,76,46,48,8,107Y
10014,臺東縣,10014080,長濱鄉,10014080-002,三間村,67,55,87,180,263,89,13,107Y
10014,臺東縣,10014080,長濱鄉,10014080-003,忠勇村,32,26,44,55,15,63,9,107Y
10014,臺東縣,10014080,長濱鄉,10014080-004,長濱村,62,66,209,289,386,94,29,107Y
10014,臺東縣,10014080,長濱鄉,10014080-005,竹湖村,32,29,79,123,89,71,16,107Y
10014,臺東縣,10014080,長濱鄉,10014080-006,寧埔村,66,45,118,173,135,94,29,107Y
10014,臺東縣,10014090,太麻里鄉,10014090-001,美和村,66,48,67,123,189,63,7,107Y
10014,臺東縣,10014090,太麻里鄉,10014090-002,三和村,21,23,17,107,96,30,7,107Y
10014,臺東縣,10014090,太麻里鄉,10014090-003,華源村,19,26,26,40,111,29,22,107Y
10014,臺東縣,10014090,太麻里鄉,10014090-004,北里村,16,26,4,4,21,0,0,107Y
10014,臺東縣,10014090,太麻里鄉,10014090-005,泰和村,68,73,147,208,234,86,12,107Y
10014,臺東縣,10014090,太麻里鄉,10014090-006,大王村,92,101,169,209,179,68,24,107Y
10014,臺東縣,10014090,太麻里鄉,10014090-007,香蘭村,53,43,36,109,137,52,13,107Y
10014,臺東縣,10014090,太麻里鄉,10014090-008,金崙村,52,60,65,183,234,43,8,107Y
10014,臺東縣,10014090,太麻里鄉,10014090-009,多良村,28,35,75,103,76,21,13,107Y
10014,臺東縣,10014100,大武鄉,10014100-001,大竹村,58,20,51,86,117,83,6,107Y
10014,臺東縣,10014100,大武鄉,10014100-002,大鳥村,53,44,63,92,116,19,4,107Y
10014,臺東縣,10014100,大武鄉,10014100-003,大武村,80,71,118,148,211,68,35,107Y
10014,臺東縣,10014100,大武鄉,10014100-004,尚武村,29,36,94,90,154,73,85,107Y
10014,臺東縣,10014100,大武鄉,10014100-005,南興村,28,25,38,59,73,10,5,107Y
10014,臺東縣,10014110,綠島鄉,10014110-001,公館村,15,13,5,6,21,11,9,107Y
10014,臺東縣,10014110,綠島鄉,10014110-002,中寮村,12,22,41,76,71,18,71,107Y
10014,臺東縣,10014110,綠島鄉,10014110-003,南寮村,56,74,49,56,54,20,68,107Y
10014,臺東縣,10014120,海端鄉,10014120-001,廣原村,12,16,43,37,31,5,0,107Y
10014,臺東縣,10014120,海端鄉,10014120-002,霧鹿村,12,9,9,6,33,0,0,107Y
10014,臺東縣,10014120,海端鄉,10014120-003,利稻村,5,11,8,12,6,1,0,107Y
10014,臺東縣,10014120,海端鄉,10014120-004,海端村,17,51,67,110,68,12,13,107Y
10014,臺東縣,10014120,海端鄉,10014120-005,崁頂村,21,40,42,41,33,5,0,107Y
10014,臺東縣,10014120,海端鄉,10014120-006,加拿村,27,19,18,37,14,1,0,107Y
10014,臺東縣,10014130,延平鄉,10014130-001,武陵村,21,35,30,50,40,46,2,107Y
10014,臺東縣,10014130,延平鄉,10014130-002,永康村,11,6,7,9,66,0,0,107Y
10014,臺東縣,10014130,延平鄉,10014130-003,紅葉村,59,10,10,38,21,22,0,107Y
10014,臺東縣,10014130,延平鄉,10014130-004,鸞山村,21,26,15,24,93,14,0,107Y
10014,臺東縣,10014130,延平鄉,10014130-005,桃源村,31,56,57,77,62,75,1,107Y
10014,臺東縣,10014140,金峰鄉,10014140-001,新興村,13,23,29,22,34,1,0,107Y
10014,臺東縣,10014140,金峰鄉,10014140-002,正興村,18,34,24,16,56,2,0,107Y
10014,臺東縣,10014140,金峰鄉,10014140-003,嘉蘭村,184,47,18,43,101,5,0,107Y
10014,臺東縣,10014140,金峰鄉,10014140-004,賓茂村,15,13,21,32,39,1,0,107Y
10014,臺東縣,10014140,金峰鄉,10014140-005,歷坵村,17,5,12,16,54,5,0,107Y
10014,臺東縣,10014150,達仁鄉,10014150-001,台村,3,6,1,0,0,0,0,107Y
10014,臺東縣,10014150,達仁鄉,10014150-002,土村,0,0,0,0,0,0,0,107Y
10014,臺東縣,10014150,達仁鄉,10014150-003,新化村,5,7,26,104,0,0,0,107Y
10014,臺東縣,10014150,達仁鄉,10014150-004,安朔村,35,23,36,173,29,3,0,107Y
10014,臺東縣,10014150,達仁鄉,10014150-005,森永村,24,20,20,96,0,0,0,107Y
10014,臺東縣,10014150,達仁鄉,10014150-006,南田村,17,1,5,72,0,0,0,107Y
10014,臺東縣,10014160,蘭嶼鄉,10014160-001,東清村,55,118,12,5,95,0,0,107Y
10014,臺東縣,10014160,蘭嶼鄉,10014160-002,朗島村,32,46,7,30,18,0,0,107Y
10014,臺東縣,10014160,蘭嶼鄉,10014160-003,紅頭村,74,100,20,15,51,1,0,107Y
10014,臺東縣,10014160,蘭嶼鄉,10014160-004,椰油村,40,111,27,15,108,5,0,107Y
10014,臺東縣,10014010,臺東市,10014010-001,富岡里,51,94,99,183,323,82,15,108Y
10014,臺東縣,10014010,臺東市,10014010-002,富豐里,39,16,74,154,29,9,0,108Y
10014,臺東縣,10014010,臺東市,10014010-003,岩灣里,391,352,170,170,83,14,1,108Y
10014,臺東縣,10014010,臺東市,10014010-004,南王里,131,111,274,279,335,54,15,108Y
10014,臺東縣,10014010,臺東市,10014010-005,卑南里,120,297,571,102,102,98,21,108Y
10014,臺東縣,10014010,臺東市,10014010-006,南榮里,176,264,182,137,299,53,12,108Y
10014,臺東縣,10014010,臺東市,10014010-007,新生里,225,323,654,937,290,55,24,108Y
10014,臺東縣,10014010,臺東市,10014010-008,民生里,96,86,249,525,407,109,33,108Y
10014,臺東縣,10014010,臺東市,10014010-009,寶桑里,10,34,79,89,107,49,8,108Y
10014,臺東縣,10014010,臺東市,10014010-010,馬蘭里,18,48,81,189,741,28,4,108Y
10014,臺東縣,10014010,臺東市,10014010-011,中心里,117,136,340,199,379,112,25,108Y
10014,臺東縣,10014010,臺東市,10014010-012,自強里,112,126,309,533,532,114,16,108Y
10014,臺東縣,10014010,臺東市,10014010-013,民族里,22,32,63,107,274,60,34,108Y
10014,臺東縣,10014010,臺東市,10014010-014,四維里,21,16,62,67,116,17,6,108Y
10014,臺東縣,10014010,臺東市,10014010-015,中華里,82,20,96,94,370,91,36,108Y
10014,臺東縣,10014010,臺東市,10014010-016,強國里,12,14,52,58,49,91,65,108Y
10014,臺東縣,10014010,臺東市,10014010-017,建國里,47,50,73,155,187,87,31,108Y
10014,臺東縣,10014010,臺東市,10014010-018,民權里,16,34,68,67,132,117,46,108Y
10014,臺東縣,10014010,臺東市,10014010-019,仁愛里,10,17,55,59,96,111,96,108Y
10014,臺東縣,10014010,臺東市,10014010-020,中正里,13,36,72,88,98,125,101,108Y
10014,臺東縣,10014010,臺東市,10014010-021,大同里,12,22,46,60,67,101,62,108Y
10014,臺東縣,10014010,臺東市,10014010-022,成功里,20,36,58,57,96,95,53,108Y
10014,臺東縣,10014010,臺東市,10014010-023,文化里,14,15,101,59,24,55,22,108Y
10014,臺東縣,10014010,臺東市,10014010-024,中山里,8,7,35,42,132,136,37,108Y
10014,臺東縣,10014010,臺東市,10014010-025,復國里,28,36,72,62,80,150,38,108Y
10014,臺東縣,10014010,臺東市,10014010-026,興國里,10,5,84,54,78,105,20,108Y
10014,臺東縣,10014010,臺東市,10014010-027,復興里,22,27,14,36,68,109,16,108Y
10014,臺東縣,10014010,臺東市,10014010-028,鐵花里,9,14,24,49,58,51,52,108Y
10014,臺東縣,10014010,臺東市,10014010-029,新園里,73,56,106,146,245,90,12,108Y
10014,臺東縣,10014010,臺東市,10014010-030,豐田里,77,103,234,233,379,155,58,108Y
10014,臺東縣,10014010,臺東市,10014010-031,豐年里,220,182,234,256,466,70,9,108Y
10014,臺東縣,10014010,臺東市,10014010-032,光明里,147,148,460,57,198,49,31,108Y
10014,臺東縣,10014010,臺東市,10014010-033,豐樂里,87,73,236,79,136,36,9,108Y
10014,臺東縣,10014010,臺東市,10014010-034,永樂里,117,138,251,58,107,62,7,108Y
10014,臺東縣,10014010,臺東市,10014010-035,康樂里,54,51,185,38,97,79,11,108Y
10014,臺東縣,10014010,臺東市,10014010-036,東海里,43,47,248,363,264,127,28,108Y
10014,臺東縣,10014010,臺東市,10014010-037,新興里,47,25,54,70,277,110,35,108Y
10014,臺東縣,10014010,臺東市,10014010-038,豐榮里,335,433,995,1124,421,40,5,108Y
10014,臺東縣,10014010,臺東市,10014010-039,豐谷里,187,114,410,977,236,32,5,108Y
10014,臺東縣,10014010,臺東市,10014010-040,豐里里,112,77,300,111,98,114,15,108Y
10014,臺東縣,10014010,臺東市,10014010-041,豐原里,59,46,63,63,66,88,12,108Y
10014,臺東縣,10014010,臺東市,10014010-042,建和里,59,64,121,114,86,67,22,108Y
10014,臺東縣,10014010,臺東市,10014010-043,建興里,22,30,142,134,77,57,9,108Y
10014,臺東縣,10014010,臺東市,10014010-044,建業里,39,34,133,186,142,68,26,108Y
10014,臺東縣,10014010,臺東市,10014010-045,知本里,70,87,249,112,112,51,32,108Y
10014,臺東縣,10014010,臺東市,10014010-046,建農里,144,219,151,176,49,16,6,108Y
10014,臺東縣,10014020,成功鎮,10014020-001,博愛里,43,36,56,105,156,36,20,108Y
10014,臺東縣,10014020,成功鎮,10014020-002,忠孝里,62,52,99,133,230,42,13,108Y
10014,臺東縣,10014020,成功鎮,10014020-003,三仙里,47,55,142,194,331,81,38,108Y
10014,臺東縣,10014020,成功鎮,10014020-004,三民里,71,62,430,365,196,86,21,108Y
10014,臺東縣,10014020,成功鎮,10014020-005,忠智里,20,27,169,289,258,103,41,108Y
10014,臺東縣,10014020,成功鎮,10014020-006,忠仁里,46,71,212,255,343,157,125,108Y
10014,臺東縣,10014020,成功鎮,10014020-007,和平里,31,12,48,100,82,36,6,108Y
10014,臺東縣,10014020,成功鎮,10014020-008,信義里,117,62,163,208,365,94,23,108Y
10014,臺東縣,10014030,關山鎮,10014030-001,德高里,47,32,49,77,120,105,62,108Y
10014,臺東縣,10014030,關山鎮,10014030-002,豐泉里,47,59,104,144,30,52,46,108Y
10014,臺東縣,10014030,關山鎮,10014030-003,新福里,64,61,76,61,83,84,51,108Y
10014,臺東縣,10014030,關山鎮,10014030-004,中福里,16,19,90,89,67,97,70,108Y
10014,臺東縣,10014030,關山鎮,10014030-005,里里,77,53,114,211,239,103,91,108Y
10014,臺東縣,10014030,關山鎮,10014030-006,電光里,25,18,12,31,31,30,33,108Y
10014,臺東縣,10014030,關山鎮,10014030-007,月眉里,33,30,21,57,88,85,70,108Y
10014,臺東縣,10014040,卑南鄉,10014040-001,嘉豐村,11,17,69,63,49,14,7,108Y
10014,臺東縣,10014040,卑南鄉,10014040-002,利吉村,28,31,26,21,96,34,4,108Y
10014,臺東縣,10014040,卑南鄉,10014040-003,富山村,54,47,36,48,101,41,4,108Y
10014,臺東縣,10014040,卑南鄉,10014040-004,富源村,25,6,12,50,37,30,6,108Y
10014,臺東縣,10014040,卑南鄉,10014040-005,明峰村,42,63,111,125,191,84,16,108Y
10014,臺東縣,10014040,卑南鄉,10014040-006,初鹿村,19,54,80,84,331,110,33,108Y
10014,臺東縣,10014040,卑南鄉,10014040-007,美農村,29,60,55,49,77,110,20,108Y
10014,臺東縣,10014040,卑南鄉,10014040-008,賓朗村,66,96,146,259,404,127,32,108Y
10014,臺東縣,10014040,卑南鄉,10014040-009,泰安村,42,9,3,7,15,3,1,108Y
10014,臺東縣,10014040,卑南鄉,10014040-010,太平村,119,105,315,511,520,74,5,108Y
10014,臺東縣,10014040,卑南鄉,10014040-011,利嘉村,54,68,95,87,152,59,45,108Y
10014,臺東縣,10014040,卑南鄉,10014040-012,東興村,48,58,53,87,156,36,7,108Y
10014,臺東縣,10014040,卑南鄉,10014040-013,溫泉村,63,89,333,173,107,53,11,108Y
10014,臺東縣,10014050,鹿野鄉,10014050-001,瑞和村,24,21,47,65,53,59,16,108Y
10014,臺東縣,10014050,鹿野鄉,10014050-002,瑞豐村,39,27,50,100,84,58,34,108Y
10014,臺東縣,10014050,鹿野鄉,10014050-003,瑞源村,21,31,56,132,82,60,17,108Y
10014,臺東縣,10014050,鹿野鄉,10014050-004,永安村,83,75,104,112,92,64,52,108Y
10014,臺東縣,10014050,鹿野鄉,10014050-005,瑞隆村,33,30,48,94,75,69,21,108Y
10014,臺東縣,10014050,鹿野鄉,10014050-006,鹿野村,39,41,123,128,140,79,32,108Y
10014,臺東縣,10014050,鹿野鄉,10014050-007,龍田村,77,38,130,135,91,85,58,108Y
10014,臺東縣,10014060,池上鄉,10014060-001,福文村,57,31,44,59,187,165,60,108Y
10014,臺東縣,10014060,池上鄉,10014060-002,慶豐村,7,14,52,69,64,54,60,108Y
10014,臺東縣,10014060,池上鄉,10014060-003,大坡村,9,10,12,25,34,19,22,108Y
10014,臺東縣,10014060,池上鄉,10014060-004,大埔村,33,27,97,59,72,83,29,108Y
10014,臺東縣,10014060,池上鄉,10014060-005,福原村,63,83,289,162,264,173,62,108Y
10014,臺東縣,10014060,池上鄉,10014060-006,錦園村,20,15,17,31,46,40,45,108Y
10014,臺東縣,10014060,池上鄉,10014060-007,新興村,46,25,37,82,76,64,33,108Y
10014,臺東縣,10014060,池上鄉,10014060-008,萬安村,20,8,22,38,48,54,17,108Y
10014,臺東縣,10014060,池上鄉,10014060-009,富興村,15,18,14,19,58,41,12,108Y
10014,臺東縣,10014060,池上鄉,10014060-010,振興村,14,14,20,21,30,18,1,108Y
10014,臺東縣,10014070,東河鄉,10014070-001,北源村,65,44,124,130,192,47,9,108Y
10014,臺東縣,10014070,東河鄉,10014070-002,泰源村,31,35,73,99,169,55,14,108Y
10014,臺東縣,10014070,東河鄉,10014070-003,東河村,49,24,142,146,85,63,25,108Y
10014,臺東縣,10014070,東河鄉,10014070-004,尚德村,17,9,6,12,43,2,0,108Y
10014,臺東縣,10014070,東河鄉,10014070-005,隆昌村,33,35,53,76,70,43,10,108Y
10014,臺東縣,10014070,東河鄉,10014070-006,興昌村,105,35,88,93,182,67,24,108Y
10014,臺東縣,10014070,東河鄉,10014070-007,都蘭村,183,98,201,287,267,134,42,108Y
10014,臺東縣,10014080,長濱鄉,10014080-001,樟原村,23,20,55,63,74,37,19,108Y
10014,臺東縣,10014080,長濱鄉,10014080-002,三間村,72,45,89,150,273,89,17,108Y
10014,臺東縣,10014080,長濱鄉,10014080-003,忠勇村,39,23,39,42,30,57,5,108Y
10014,臺東縣,10014080,長濱鄉,10014080-004,長濱村,79,73,178,225,497,110,32,108Y
10014,臺東縣,10014080,長濱鄉,10014080-005,竹湖村,39,20,76,108,98,68,17,108Y
10014,臺東縣,10014080,長濱鄉,10014080-006,寧埔村,71,42,101,122,143,93,31,108Y
10014,臺東縣,10014090,太麻里鄉,10014090-001,美和村,71,29,71,95,172,74,12,108Y
10014,臺東縣,10014090,太麻里鄉,10014090-002,三和村,24,17,20,99,91,35,7,108Y
10014,臺東縣,10014090,太麻里鄉,10014090-003,華源村,25,22,26,31,100,33,21,108Y
10014,臺東縣,10014090,太麻里鄉,10014090-004,北里村,21,20,15,13,27,0,0,108Y
10014,臺東縣,10014090,太麻里鄉,10014090-005,泰和村,71,63,150,187,247,117,20,108Y
10014,臺東縣,10014090,太麻里鄉,10014090-006,大王村,92,75,193,191,180,70,27,108Y
10014,臺東縣,10014090,太麻里鄉,10014090-007,香蘭村,56,33,41,85,131,58,14,108Y
10014,臺東縣,10014090,太麻里鄉,10014090-008,金崙村,78,57,79,167,245,59,8,108Y
10014,臺東縣,10014090,太麻里鄉,10014090-009,多良村,37,29,59,118,71,23,13,108Y
10014,臺東縣,10014100,大武鄉,10014100-001,大竹村,104,21,45,90,113,82,13,108Y
10014,臺東縣,10014100,大武鄉,10014100-002,大鳥村,58,36,70,100,172,36,7,108Y
10014,臺東縣,10014100,大武鄉,10014100-003,大武村,77,54,83,149,203,83,41,108Y
10014,臺東縣,10014100,大武鄉,10014100-004,尚武村,39,23,89,93,135,96,90,108Y
10014,臺東縣,10014100,大武鄉,10014100-005,南興村,31,18,42,57,68,11,4,108Y
10014,臺東縣,10014110,綠島鄉,10014110-001,公館村,0,0,0,0,0,0,0,108Y
10014,臺東縣,10014110,綠島鄉,10014110-002,中寮村,14,18,44,78,79,21,74,108Y
10014,臺東縣,10014110,綠島鄉,10014110-003,南寮村,63,72,56,59,65,25,77,108Y
10014,臺東縣,10014120,海端鄉,10014120-001,廣原村,18,20,48,43,44,7,0,108Y
10014,臺東縣,10014120,海端鄉,10014120-002,霧鹿村,11,7,11,9,68,0,0,108Y
10014,臺東縣,10014120,海端鄉,10014120-003,利稻村,3,11,11,11,7,1,0,108Y
10014,臺東縣,10014120,海端鄉,10014120-004,海端村,18,34,63,77,75,21,11,108Y
10014,臺東縣,10014120,海端鄉,10014120-005,崁頂村,24,25,36,31,39,5,0,108Y
10014,臺東縣,10014120,海端鄉,10014120-006,加拿村,28,19,17,36,18,1,0,108Y
10014,臺東縣,10014130,延平鄉,10014130-001,武陵村,23,16,16,38,42,44,2,108Y
10014,臺東縣,10014130,延平鄉,10014130-002,永康村,13,5,6,5,65,0,0,108Y
10014,臺東縣,10014130,延平鄉,10014130-003,紅葉村,58,6,7,30,25,20,0,108Y
10014,臺東縣,10014130,延平鄉,10014130-004,鸞山村,20,27,17,24,93,14,0,108Y
10014,臺東縣,10014130,延平鄉,10014130-005,桃源村,40,42,49,60,58,76,1,108Y
10014,臺東縣,10014140,金峰鄉,10014140-001,新興村,18,21,28,27,36,1,0,108Y
10014,臺東縣,10014140,金峰鄉,10014140-002,正興村,22,31,28,18,53,3,0,108Y
10014,臺東縣,10014140,金峰鄉,10014140-003,嘉蘭村,182,46,27,40,101,7,0,108Y
10014,臺東縣,10014140,金峰鄉,10014140-004,賓茂村,16,13,21,31,42,1,0,108Y
10014,臺東縣,10014140,金峰鄉,10014140-005,歷坵村,16,3,14,19,55,6,0,108Y
10014,臺東縣,10014150,達仁鄉,10014150-001,台村,10,5,2,1,0,0,0,108Y
10014,臺東縣,10014150,達仁鄉,10014150-002,土村,8,15,16,99,0,0,0,108Y
10014,臺東縣,10014150,達仁鄉,10014150-003,新化村,5,6,14,98,0,0,0,108Y
10014,臺東縣,10014150,達仁鄉,10014150-004,安朔村,38,26,35,180,26,7,0,108Y
10014,臺東縣,10014150,達仁鄉,10014150-005,森永村,27,10,27,78,0,0,0,108Y
10014,臺東縣,10014150,達仁鄉,10014150-006,南田村,19,1,7,74,0,0,0,108Y
10014,臺東縣,10014160,蘭嶼鄉,10014160-001,東清村,60,115,14,5,96,0,0,108Y
10014,臺東縣,10014160,蘭嶼鄉,10014160-002,朗島村,40,49,9,28,21,0,0,108Y
10014,臺東縣,10014160,蘭嶼鄉,10014160-003,紅頭村,86,101,21,15,52,2,2,108Y
10014,臺東縣,10014160,蘭嶼鄉,10014160-004,椰油村,48,111,26,16,98,17,0,108Y
