COUNTY_ID,COUNTY,TOWN_ID,TOWN,V_ID,VILLAGE,NATURE_INC_CNT,SOCIAL_INC_CNT,INC_CNT,ENTRY_P_CNT,EXIT_P_CNT,ENTRY_ADDR_CNT,EXIT_ADDR_CNT,INFO_TIME
縣市代碼,縣市名稱,鄉鎮市區代碼,鄉鎮市區名稱,村里代碼,村里名稱,自然增加人數,社會增加人數,總增加人數,遷入人口數,遷出人口數,鄉鎮區內住址變更之遷入人口數,鄉鎮區內住址變更之遷出人口數,資料時間
10014,臺東縣,10014100,大武鄉,10014100-001,大竹村,-2,-44,-46,19,60,12,15,104Y
10014,臺東縣,10014100,大武鄉,10014100-003,大武村,1,-45,-44,50,92,39,42,104Y
10014,臺東縣,10014100,大武鄉,10014100-002,大鳥村,-8,-33,-41,41,70,31,35,104Y
10014,臺東縣,10014100,大武鄉,10014100-004,尚武村,-11,-65,-76,49,122,34,26,104Y
10014,臺東縣,10014100,大武鄉,10014100-005,南興村,-6,-28,-34,24,54,9,7,104Y
10014,臺東縣,10014090,太麻里鄉,10014090-002,三和村,-1,-13,-14,24,34,8,11,104Y
10014,臺東縣,10014090,太麻里鄉,10014090-006,大王村,-13,22,9,91,88,86,67,104Y
10014,臺東縣,10014090,太麻里鄉,10014090-004,北里村,0,-1,-1,27,28,8,8,104Y
10014,臺東縣,10014090,太麻里鄉,10014090-009,多良村,-8,13,5,49,40,21,17,104Y
10014,臺東縣,10014090,太麻里鄉,10014090-008,金崙村,-15,-42,-57,79,122,47,46,104Y
10014,臺東縣,10014090,太麻里鄉,10014090-001,美和村,-2,-31,-33,46,76,26,27,104Y
10014,臺東縣,10014090,太麻里鄉,10014090-007,香蘭村,-4,-11,-15,21,26,13,19,104Y
10014,臺東縣,10014090,太麻里鄉,10014090-005,泰和村,-11,-8,-19,64,62,26,36,104Y
10014,臺東縣,10014090,太麻里鄉,10014090-003,華源村,-5,-3,-8,21,20,7,11,104Y
10014,臺東縣,10014020,成功鎮,10014020-003,三仙里,-5,-22,-27,58,82,45,43,104Y
10014,臺東縣,10014020,成功鎮,10014020-004,三民里,-9,-86,-95,79,151,65,79,104Y
10014,臺東縣,10014020,成功鎮,10014020-007,和平里,-9,-15,-24,37,44,6,14,104Y
10014,臺東縣,10014020,成功鎮,10014020-006,忠仁里,-16,-9,-25,88,103,73,67,104Y
10014,臺東縣,10014020,成功鎮,10014020-002,忠孝里,-15,1,-14,41,39,19,20,104Y
10014,臺東縣,10014020,成功鎮,10014020-005,忠智里,-15,-9,-24,55,87,72,49,104Y
10014,臺東縣,10014020,成功鎮,10014020-008,信義里,-24,-28,-52,79,103,43,47,104Y
10014,臺東縣,10014020,成功鎮,10014020-001,博愛里,-14,-16,-30,27,39,7,11,104Y
10014,臺東縣,10014060,池上鄉,10014060-003,大坡村,0,-8,-8,4,11,2,3,104Y
10014,臺東縣,10014060,池上鄉,10014060-004,大埔村,-8,-6,-14,26,34,24,22,104Y
10014,臺東縣,10014060,池上鄉,10014060-010,振興村,-3,-8,-11,27,33,0,2,104Y
10014,臺東縣,10014060,池上鄉,10014060-009,富興村,-3,5,2,19,10,3,7,104Y
10014,臺東縣,10014060,池上鄉,10014060-007,新興村,0,24,24,47,34,29,18,104Y
10014,臺東縣,10014060,池上鄉,10014060-008,萬安村,-2,12,10,20,8,13,13,104Y
10014,臺東縣,10014060,池上鄉,10014060-001,福文村,-22,-30,-52,42,74,20,18,104Y
10014,臺東縣,10014060,池上鄉,10014060-005,福原村,-11,-24,-35,95,116,27,30,104Y
10014,臺東縣,10014060,池上鄉,10014060-002,慶豐村,-11,-6,-17,15,17,4,8,104Y
10014,臺東縣,10014060,池上鄉,10014060-006,錦園村,-4,2,-2,22,19,13,14,104Y
10014,臺東縣,10014040,卑南鄉,10014040-010,太平村,-30,-12,-42,223,240,52,47,104Y
10014,臺東縣,10014040,卑南鄉,10014040-002,利吉村,-14,-1,-15,17,18,7,7,104Y
10014,臺東縣,10014040,卑南鄉,10014040-011,利嘉村,-5,2,-3,52,52,20,18,104Y
10014,臺東縣,10014040,卑南鄉,10014040-005,明峰村,-10,-3,-13,53,59,20,17,104Y
10014,臺東縣,10014040,卑南鄉,10014040-012,東興村,-1,-6,-7,49,48,14,21,104Y
10014,臺東縣,10014040,卑南鄉,10014040-006,初鹿村,-17,9,-8,57,50,37,35,104Y
10014,臺東縣,10014040,卑南鄉,10014040-007,美農村,-8,0,-8,66,65,15,16,104Y
10014,臺東縣,10014040,卑南鄉,10014040-009,泰安村,-8,14,6,90,78,18,16,104Y
10014,臺東縣,10014040,卑南鄉,10014040-003,富山村,-8,-16,-24,25,40,6,7,104Y
10014,臺東縣,10014040,卑南鄉,10014040-004,富源村,-5,-19,-24,13,32,1,1,104Y
10014,臺東縣,10014040,卑南鄉,10014040-013,溫泉村,-6,-19,-25,85,101,14,17,104Y
10014,臺東縣,10014040,卑南鄉,10014040-001,嘉豐村,-13,-3,-16,22,23,6,8,104Y
10014,臺東縣,10014040,卑南鄉,10014040-008,賓朗村,-6,-8,-14,124,132,33,33,104Y
10014,臺東縣,10014130,延平鄉,10014130-002,永康村,3,-6,-3,23,27,2,4,104Y
10014,臺東縣,10014130,延平鄉,10014130-001,武陵村,2,-8,-6,32,39,9,10,104Y
10014,臺東縣,10014130,延平鄉,10014130-003,紅葉村,-2,-1,-3,17,16,1,3,104Y
10014,臺東縣,10014130,延平鄉,10014130-005,桃源村,-5,-17,-22,58,84,26,17,104Y
10014,臺東縣,10014130,延平鄉,10014130-004,鸞山村,6,-11,-5,24,31,12,16,104Y
10014,臺東縣,10014070,東河鄉,10014070-001,北源村,-18,-19,-37,90,115,19,13,104Y
10014,臺東縣,10014070,東河鄉,10014070-004,尚德村,-4,-1,-5,10,12,7,6,104Y
10014,臺東縣,10014070,東河鄉,10014070-003,東河村,-13,3,-10,45,44,15,13,104Y
10014,臺東縣,10014070,東河鄉,10014070-002,泰源村,-14,-52,-66,26,68,12,22,104Y
10014,臺東縣,10014070,東河鄉,10014070-007,都蘭村,-17,4,-13,132,127,69,70,104Y
10014,臺東縣,10014070,東河鄉,10014070-005,隆昌村,-4,-1,-5,30,26,5,10,104Y
10014,臺東縣,10014070,東河鄉,10014070-006,興昌村,-17,0,-17,41,48,15,8,104Y
10014,臺東縣,10014140,金峰鄉,10014140-002,正興村,-3,-3,-6,27,29,5,6,104Y
10014,臺東縣,10014140,金峰鄉,10014140-001,新興村,8,-20,-12,19,40,15,14,104Y
10014,臺東縣,10014140,金峰鄉,10014140-003,嘉蘭村,-9,-45,-54,38,88,39,34,104Y
10014,臺東縣,10014140,金峰鄉,10014140-004,賓茂村,0,10,10,27,18,3,2,104Y
10014,臺東縣,10014140,金峰鄉,10014140-005,歷坵村,-4,-17,-21,7,18,1,7,104Y
10014,臺東縣,10014080,長濱鄉,10014080-002,三間村,-23,-27,-50,45,62,30,40,104Y
10014,臺東縣,10014080,長濱鄉,10014080-005,竹湖村,-12,-10,-22,27,38,6,5,104Y
10014,臺東縣,10014080,長濱鄉,10014080-003,忠勇村,-5,8,3,29,27,20,14,104Y
10014,臺東縣,10014080,長濱鄉,10014080-004,長濱村,-28,3,-25,82,84,46,41,104Y
10014,臺東縣,10014080,長濱鄉,10014080-006,寧埔村,-17,-34,-51,52,93,15,8,104Y
10014,臺東縣,10014080,長濱鄉,10014080-001,樟原村,-8,-24,-32,23,38,11,20,104Y
10014,臺東縣,10014120,海端鄉,10014120-006,加拿村,3,-5,-2,25,29,17,18,104Y
10014,臺東縣,10014120,海端鄉,10014120-003,利稻村,4,-7,-3,5,11,5,6,104Y
10014,臺東縣,10014120,海端鄉,10014120-005,崁頂村,-6,-12,-18,24,35,14,15,104Y
10014,臺東縣,10014120,海端鄉,10014120-004,海端村,-2,-39,-41,45,75,15,24,104Y
10014,臺東縣,10014120,海端鄉,10014120-001,廣原村,3,-2,1,30,39,29,22,104Y
10014,臺東縣,10014120,海端鄉,10014120-002,霧鹿村,2,5,7,10,10,19,14,104Y
10014,臺東縣,10014050,鹿野鄉,10014050-004,永安村,-11,1,-10,62,61,41,41,104Y
10014,臺東縣,10014050,鹿野鄉,10014050-006,鹿野村,-14,17,3,74,56,20,21,104Y
10014,臺東縣,10014050,鹿野鄉,10014050-001,瑞和村,-4,0,-4,21,27,15,9,104Y
10014,臺東縣,10014050,鹿野鄉,10014050-005,瑞隆村,-18,-29,-47,22,50,6,7,104Y
10014,臺東縣,10014050,鹿野鄉,10014050-003,瑞源村,-1,-26,-27,35,58,10,13,104Y
10014,臺東縣,10014050,鹿野鄉,10014050-002,瑞豐村,-12,2,-10,64,57,11,16,104Y
10014,臺東縣,10014050,鹿野鄉,10014050-007,龍田村,-12,12,0,56,48,29,25,104Y
10014,臺東縣,10014150,達仁鄉,10014150-002,土村,-3,-43,-46,19,61,17,18,104Y
10014,臺東縣,10014150,達仁鄉,10014150-001,台村,-2,-11,-13,26,37,11,11,104Y
10014,臺東縣,10014150,達仁鄉,10014150-004,安朔村,-8,-20,-28,48,67,6,7,104Y
10014,臺東縣,10014150,達仁鄉,10014150-006,南田村,-5,-12,-17,7,20,8,7,104Y
10014,臺東縣,10014150,達仁鄉,10014150-005,森永村,-6,-16,-22,18,34,6,6,104Y
10014,臺東縣,10014150,達仁鄉,10014150-003,新化村,-5,-1,-6,11,13,6,5,104Y
10014,臺東縣,10014110,綠島鄉,10014110-002,中寮村,3,-15,-12,74,90,32,31,104Y
10014,臺東縣,10014110,綠島鄉,10014110-001,公館村,4,1,5,65,74,35,25,104Y
10014,臺東縣,10014110,綠島鄉,10014110-003,南寮村,1,-27,-26,110,126,34,45,104Y
10014,臺東縣,10014010,臺東市,10014010-021,大同里,1,-4,-3,17,28,64,57,104Y
10014,臺東縣,10014010,臺東市,10014010-024,中山里,6,7,13,31,28,57,53,104Y
10014,臺東縣,10014010,臺東市,10014010-011,中心里,-4,33,29,129,136,235,195,104Y
10014,臺東縣,10014010,臺東市,10014010-020,中正里,-9,-3,-12,15,31,44,31,104Y
10014,臺東縣,10014010,臺東市,10014010-015,中華里,0,-13,-13,43,69,118,105,104Y
10014,臺東縣,10014010,臺東市,10014010-019,仁愛里,-2,-23,-25,11,20,35,49,104Y
10014,臺東縣,10014010,臺東市,10014010-023,文化里,6,-7,-1,43,60,122,112,104Y
10014,臺東縣,10014010,臺東市,10014010-014,四維里,-10,-14,-24,12,21,36,41,104Y
10014,臺東縣,10014010,臺東市,10014010-008,民生里,1,-38,-37,83,123,194,192,104Y
10014,臺東縣,10014010,臺東市,10014010-013,民族里,18,-61,-43,52,57,126,182,104Y
10014,臺東縣,10014010,臺東市,10014010-018,民權里,16,-41,-25,34,70,51,56,104Y
10014,臺東縣,10014010,臺東市,10014010-034,永樂里,3,5,8,71,79,120,107,104Y
10014,臺東縣,10014010,臺東市,10014010-032,光明里,8,62,70,186,129,199,194,104Y
10014,臺東縣,10014010,臺東市,10014010-022,成功里,-2,-1,-3,25,19,43,50,104Y
10014,臺東縣,10014010,臺東市,10014010-012,自強里,7,-15,-8,166,151,269,299,104Y
10014,臺東縣,10014010,臺東市,10014010-005,卑南里,-3,-17,-20,77,97,133,130,104Y
10014,臺東縣,10014010,臺東市,10014010-003,岩灣里,-9,100,91,164,107,151,108,104Y
10014,臺東縣,10014010,臺東市,10014010-036,東海里,18,-47,-29,96,130,231,244,104Y
10014,臺東縣,10014010,臺東市,10014010-045,知本里,-3,-23,-26,39,55,55,62,104Y
10014,臺東縣,10014010,臺東市,10014010-004,南王里,-16,13,-3,112,101,123,121,104Y
10014,臺東縣,10014010,臺東市,10014010-006,南榮里,-26,38,12,152,131,143,126,104Y
10014,臺東縣,10014010,臺東市,10014010-042,建和里,-18,5,-13,42,30,43,50,104Y
10014,臺東縣,10014010,臺東市,10014010-017,建國里,-10,-35,-45,32,54,69,82,104Y
10014,臺東縣,10014010,臺東市,10014010-044,建業里,-11,24,13,49,28,32,29,104Y
10014,臺東縣,10014010,臺東市,10014010-046,建農里,3,10,13,68,80,128,106,104Y
10014,臺東縣,10014010,臺東市,10014010-043,建興里,-16,-14,-30,32,39,33,40,104Y
10014,臺東縣,10014010,臺東市,10014010-010,馬蘭里,-4,-143,-147,116,116,182,325,104Y
10014,臺東縣,10014010,臺東市,10014010-035,康樂里,0,44,44,62,31,87,74,104Y
10014,臺東縣,10014010,臺東市,10014010-016,強國里,1,4,5,25,23,34,32,104Y
10014,臺東縣,10014010,臺東市,10014010-001,富岡里,-15,-51,-66,39,70,44,64,104Y
10014,臺東縣,10014010,臺東市,10014010-002,富豐里,-9,2,-7,44,42,39,39,104Y
10014,臺東縣,10014010,臺東市,10014010-025,復國里,-1,-25,-26,21,24,24,46,104Y
10014,臺東縣,10014010,臺東市,10014010-027,復興里,-2,-1,-3,15,13,23,26,104Y
10014,臺東縣,10014010,臺東市,10014010-007,新生里,2,28,30,281,260,423,416,104Y
10014,臺東縣,10014010,臺東市,10014010-029,新園里,4,-13,-9,68,62,49,68,104Y
10014,臺東縣,10014010,臺東市,10014010-037,新興里,-12,-14,-26,34,37,54,65,104Y
10014,臺東縣,10014010,臺東市,10014010-026,興國里,12,-17,-5,40,31,77,103,104Y
10014,臺東縣,10014010,臺東市,10014010-030,豐田里,-2,15,13,97,96,131,117,104Y
10014,臺東縣,10014010,臺東市,10014010-031,豐年里,2,198,200,204,110,256,152,104Y
10014,臺東縣,10014010,臺東市,10014010-039,豐谷里,-6,-10,-16,162,196,289,265,104Y
10014,臺東縣,10014010,臺東市,10014010-040,豐里里,-7,35,28,55,62,152,110,104Y
10014,臺東縣,10014010,臺東市,10014010-041,豐原里,-7,14,7,37,39,70,54,104Y
10014,臺東縣,10014010,臺東市,10014010-038,豐榮里,-12,7,-5,310,333,509,479,104Y
10014,臺東縣,10014010,臺東市,10014010-033,豐樂里,-1,-8,-9,43,45,76,82,104Y
10014,臺東縣,10014010,臺東市,10014010-009,寶桑里,-9,-17,-26,30,39,31,39,104Y
10014,臺東縣,10014010,臺東市,10014010-028,鐵花里,-2,-39,-41,13,25,13,40,104Y
10014,臺東縣,10014030,關山鎮,10014030-004,中福里,-5,-26,-31,34,58,16,18,104Y
10014,臺東縣,10014030,關山鎮,10014030-007,月眉里,-6,-3,-9,24,37,25,15,104Y
10014,臺東縣,10014030,關山鎮,10014030-005,里里,-18,-34,-52,84,116,40,42,104Y
10014,臺東縣,10014030,關山鎮,10014030-003,新福里,-2,-17,-19,40,68,28,17,104Y
10014,臺東縣,10014030,關山鎮,10014030-006,電光里,-5,-9,-14,22,30,7,8,104Y
10014,臺東縣,10014030,關山鎮,10014030-001,德高里,-10,-25,-35,48,60,13,26,104Y
10014,臺東縣,10014030,關山鎮,10014030-002,豐泉里,-6,-22,-28,67,86,31,34,104Y
10014,臺東縣,10014160,蘭嶼鄉,10014160-001,東清村,4,17,21,52,42,41,34,104Y
10014,臺東縣,10014160,蘭嶼鄉,10014160-003,紅頭村,2,-12,-10,75,81,35,41,104Y
10014,臺東縣,10014160,蘭嶼鄉,10014160-002,朗島村,-1,21,20,43,20,6,8,104Y
10014,臺東縣,10014160,蘭嶼鄉,10014160-004,椰油村,11,27,38,88,62,12,11,104Y
10014,臺東縣,10014100,大武鄉,10014100-001,大竹村,-11,31,20,80,36,17,30,105Y
10014,臺東縣,10014100,大武鄉,10014100-003,大武村,-17,-29,-46,50,82,44,41,105Y
10014,臺東縣,10014100,大武鄉,10014100-002,大鳥村,-12,0,-12,40,47,40,33,105Y
10014,臺東縣,10014100,大武鄉,10014100-004,尚武村,-9,-25,-34,65,92,30,28,105Y
10014,臺東縣,10014100,大武鄉,10014100-005,南興村,-6,-8,-14,20,29,10,9,105Y
10014,臺東縣,10014090,太麻里鄉,10014090-002,三和村,-5,4,-1,29,24,9,10,105Y
10014,臺東縣,10014090,太麻里鄉,10014090-006,大王村,0,-6,-6,79,102,77,60,105Y
10014,臺東縣,10014090,太麻里鄉,10014090-004,北里村,-8,-7,-15,22,36,17,10,105Y
10014,臺東縣,10014090,太麻里鄉,10014090-009,多良村,-9,13,4,71,52,25,31,105Y
10014,臺東縣,10014090,太麻里鄉,10014090-008,金崙村,-9,3,-6,69,67,52,51,105Y
10014,臺東縣,10014090,太麻里鄉,10014090-001,美和村,-13,24,11,56,33,23,22,105Y
10014,臺東縣,10014090,太麻里鄉,10014090-007,香蘭村,-11,20,9,41,23,60,58,105Y
10014,臺東縣,10014090,太麻里鄉,10014090-005,泰和村,-12,-37,-49,55,75,49,66,105Y
10014,臺東縣,10014090,太麻里鄉,10014090-003,華源村,-6,-11,-17,20,27,12,16,105Y
10014,臺東縣,10014020,成功鎮,10014020-003,三仙里,-19,-14,-33,46,63,47,44,105Y
10014,臺東縣,10014020,成功鎮,10014020-004,三民里,-30,-4,-34,100,110,79,73,105Y
10014,臺東縣,10014020,成功鎮,10014020-007,和平里,-11,-20,-31,29,44,11,16,105Y
10014,臺東縣,10014020,成功鎮,10014020-006,忠仁里,-22,-36,-58,66,103,87,86,105Y
10014,臺東縣,10014020,成功鎮,10014020-002,忠孝里,-13,-29,-42,43,61,33,44,105Y
10014,臺東縣,10014020,成功鎮,10014020-005,忠智里,-13,22,9,72,59,84,75,105Y
10014,臺東縣,10014020,成功鎮,10014020-008,信義里,-35,3,-32,74,67,29,33,105Y
10014,臺東縣,10014020,成功鎮,10014020-001,博愛里,-9,-11,-20,23,35,13,12,105Y
10014,臺東縣,10014060,池上鄉,10014060-003,大坡村,-3,-5,-8,3,12,8,4,105Y
10014,臺東縣,10014060,池上鄉,10014060-004,大埔村,-10,-10,-20,34,33,10,21,105Y
10014,臺東縣,10014060,池上鄉,10014060-010,振興村,-4,-2,-6,15,16,4,5,105Y
10014,臺東縣,10014060,池上鄉,10014060-009,富興村,-1,6,5,13,15,10,2,105Y
10014,臺東縣,10014060,池上鄉,10014060-007,新興村,-13,-28,-41,24,42,18,28,105Y
10014,臺東縣,10014060,池上鄉,10014060-008,萬安村,-2,-21,-23,2,19,3,7,105Y
10014,臺東縣,10014060,池上鄉,10014060-001,福文村,-14,9,-5,64,49,39,45,105Y
10014,臺東縣,10014060,池上鄉,10014060-005,福原村,-5,3,-2,77,92,72,54,105Y
10014,臺東縣,10014060,池上鄉,10014060-002,慶豐村,-14,-3,-17,22,19,1,7,105Y
10014,臺東縣,10014060,池上鄉,10014060-006,錦園村,-8,12,4,16,12,14,6,105Y
10014,臺東縣,10014040,卑南鄉,10014040-010,太平村,-5,76,71,196,145,121,96,105Y
10014,臺東縣,10014040,卑南鄉,10014040-002,利吉村,-1,8,7,29,20,4,5,105Y
10014,臺東縣,10014040,卑南鄉,10014040-011,利嘉村,-6,25,19,68,44,11,10,105Y
10014,臺東縣,10014040,卑南鄉,10014040-005,明峰村,-11,-31,-42,41,65,6,13,105Y
10014,臺東縣,10014040,卑南鄉,10014040-012,東興村,-2,-14,-16,43,54,27,30,105Y
10014,臺東縣,10014040,卑南鄉,10014040-006,初鹿村,-18,-21,-39,33,47,16,23,105Y
10014,臺東縣,10014040,卑南鄉,10014040-007,美農村,-6,4,-2,66,65,12,9,105Y
10014,臺東縣,10014040,卑南鄉,10014040-009,泰安村,-4,10,6,79,69,41,41,105Y
10014,臺東縣,10014040,卑南鄉,10014040-003,富山村,-2,-17,-19,12,29,3,3,105Y
10014,臺東縣,10014040,卑南鄉,10014040-004,富源村,-4,4,0,13,9,0,0,105Y
10014,臺東縣,10014040,卑南鄉,10014040-013,溫泉村,-6,-14,-20,76,89,10,11,105Y
10014,臺東縣,10014040,卑南鄉,10014040-001,嘉豐村,-11,-7,-18,19,26,4,4,105Y
10014,臺東縣,10014040,卑南鄉,10014040-008,賓朗村,-11,0,-11,103,93,23,33,105Y
10014,臺東縣,10014130,延平鄉,10014130-002,永康村,-1,10,9,19,10,13,12,105Y
10014,臺東縣,10014130,延平鄉,10014130-001,武陵村,-4,7,3,32,30,8,3,105Y
10014,臺東縣,10014130,延平鄉,10014130-003,紅葉村,2,-6,-4,30,34,4,6,105Y
10014,臺東縣,10014130,延平鄉,10014130-005,桃源村,3,-34,-31,32,63,14,17,105Y
10014,臺東縣,10014130,延平鄉,10014130-004,鸞山村,-7,-22,-29,24,45,10,11,105Y
10014,臺東縣,10014070,東河鄉,10014070-001,北源村,-32,-9,-41,78,88,19,18,105Y
10014,臺東縣,10014070,東河鄉,10014070-004,尚德村,0,5,5,18,12,1,2,105Y
10014,臺東縣,10014070,東河鄉,10014070-003,東河村,-16,-13,-29,38,50,19,20,105Y
10014,臺東縣,10014070,東河鄉,10014070-002,泰源村,-12,-22,-34,38,60,15,15,105Y
10014,臺東縣,10014070,東河鄉,10014070-007,都蘭村,-27,-32,-59,102,129,39,44,105Y
10014,臺東縣,10014070,東河鄉,10014070-005,隆昌村,-11,15,4,25,12,10,8,105Y
10014,臺東縣,10014070,東河鄉,10014070-006,興昌村,-19,12,-7,38,30,13,9,105Y
10014,臺東縣,10014140,金峰鄉,10014140-002,正興村,-1,15,14,40,30,18,13,105Y
10014,臺東縣,10014140,金峰鄉,10014140-001,新興村,5,5,10,32,26,8,9,105Y
10014,臺東縣,10014140,金峰鄉,10014140-003,嘉蘭村,3,0,3,62,58,17,21,105Y
10014,臺東縣,10014140,金峰鄉,10014140-004,賓茂村,-2,8,6,26,18,5,5,105Y
10014,臺東縣,10014140,金峰鄉,10014140-005,歷坵村,0,-7,-7,11,18,8,8,105Y
10014,臺東縣,10014080,長濱鄉,10014080-002,三間村,-22,-26,-48,26,50,12,14,105Y
10014,臺東縣,10014080,長濱鄉,10014080-005,竹湖村,-12,-9,-21,24,31,11,13,105Y
10014,臺東縣,10014080,長濱鄉,10014080-003,忠勇村,-16,-12,-28,13,18,4,11,105Y
10014,臺東縣,10014080,長濱鄉,10014080-004,長濱村,-28,22,-6,77,70,54,39,105Y
10014,臺東縣,10014080,長濱鄉,10014080-006,寧埔村,-23,-23,-46,40,64,7,6,105Y
10014,臺東縣,10014080,長濱鄉,10014080-001,樟原村,-13,-18,-31,16,29,5,10,105Y
10014,臺東縣,10014120,海端鄉,10014120-006,加拿村,-2,-21,-23,20,39,10,12,105Y
10014,臺東縣,10014120,海端鄉,10014120-003,利稻村,5,3,8,11,9,3,2,105Y
10014,臺東縣,10014120,海端鄉,10014120-005,崁頂村,9,-24,-15,27,52,22,21,105Y
10014,臺東縣,10014120,海端鄉,10014120-004,海端村,5,-5,0,36,40,18,19,105Y
10014,臺東縣,10014120,海端鄉,10014120-001,廣原村,-8,9,1,49,42,12,10,105Y
10014,臺東縣,10014120,海端鄉,10014120-002,霧鹿村,-6,-4,-10,8,11,2,3,105Y
10014,臺東縣,10014050,鹿野鄉,10014050-004,永安村,-18,-9,-27,59,67,20,21,105Y
10014,臺東縣,10014050,鹿野鄉,10014050-006,鹿野村,-5,-17,-22,50,66,34,35,105Y
10014,臺東縣,10014050,鹿野鄉,10014050-001,瑞和村,-9,9,0,32,22,8,9,105Y
10014,臺東縣,10014050,鹿野鄉,10014050-005,瑞隆村,-13,3,-10,32,27,9,11,105Y
10014,臺東縣,10014050,鹿野鄉,10014050-003,瑞源村,-4,-23,-27,32,57,13,11,105Y
10014,臺東縣,10014050,鹿野鄉,10014050-002,瑞豐村,-17,16,-1,56,40,24,24,105Y
10014,臺東縣,10014050,鹿野鄉,10014050-007,龍田村,-11,9,-2,51,45,18,15,105Y
10014,臺東縣,10014150,達仁鄉,10014150-002,土村,-5,-2,-7,29,31,15,15,105Y
10014,臺東縣,10014150,達仁鄉,10014150-001,台村,-3,-2,-5,32,34,6,6,105Y
10014,臺東縣,10014150,達仁鄉,10014150-004,安朔村,-1,-20,-21,33,53,13,13,105Y
10014,臺東縣,10014150,達仁鄉,10014150-006,南田村,-2,-7,-9,11,19,6,5,105Y
10014,臺東縣,10014150,達仁鄉,10014150-005,森永村,-3,-13,-16,14,26,7,8,105Y
10014,臺東縣,10014150,達仁鄉,10014150-003,新化村,-1,-6,-7,11,17,3,3,105Y
10014,臺東縣,10014110,綠島鄉,10014110-002,中寮村,18,-35,-17,70,103,37,39,105Y
10014,臺東縣,10014110,綠島鄉,10014110-001,公館村,5,-9,-4,71,87,46,39,105Y
10014,臺東縣,10014110,綠島鄉,10014110-003,南寮村,1,-31,-30,90,116,65,70,105Y
10014,臺東縣,10014010,臺東市,10014010-021,大同里,-7,-14,-21,16,26,40,44,105Y
10014,臺東縣,10014010,臺東市,10014010-024,中山里,-1,-31,-32,22,27,58,84,105Y
10014,臺東縣,10014010,臺東市,10014010-011,中心里,15,8,23,127,136,191,174,105Y
10014,臺東縣,10014010,臺東市,10014010-020,中正里,-8,-3,-11,19,31,45,36,105Y
10014,臺東縣,10014010,臺東市,10014010-015,中華里,-10,-29,-39,67,65,92,123,105Y
10014,臺東縣,10014010,臺東市,10014010-019,仁愛里,2,-4,-2,16,29,33,24,105Y
10014,臺東縣,10014010,臺東市,10014010-023,文化里,2,12,14,28,53,136,99,105Y
10014,臺東縣,10014010,臺東市,10014010-014,四維里,-3,21,18,23,14,34,22,105Y
10014,臺東縣,10014010,臺東市,10014010-008,民生里,-2,25,23,98,101,171,143,105Y
10014,臺東縣,10014010,臺東市,10014010-013,民族里,16,-34,-18,54,59,141,170,105Y
10014,臺東縣,10014010,臺東市,10014010-018,民權里,-2,13,11,42,43,53,39,105Y
10014,臺東縣,10014010,臺東市,10014010-034,永樂里,-10,33,23,77,72,119,91,105Y
10014,臺東縣,10014010,臺東市,10014010-032,光明里,-4,-51,-55,122,141,181,213,105Y
10014,臺東縣,10014010,臺東市,10014010-022,成功里,-7,-10,-17,29,24,29,44,105Y
10014,臺東縣,10014010,臺東市,10014010-012,自強里,6,-46,-40,160,129,206,283,105Y
10014,臺東縣,10014010,臺東市,10014010-005,卑南里,4,0,4,95,113,141,123,105Y
10014,臺東縣,10014010,臺東市,10014010-003,岩灣里,-8,29,21,111,106,147,123,105Y
10014,臺東縣,10014010,臺東市,10014010-036,東海里,9,-112,-103,117,100,134,263,105Y
10014,臺東縣,10014010,臺東市,10014010-045,知本里,-9,11,2,56,45,54,54,105Y
10014,臺東縣,10014010,臺東市,10014010-004,南王里,-17,-13,-30,78,90,96,97,105Y
10014,臺東縣,10014010,臺東市,10014010-006,南榮里,-24,1,-23,109,116,138,130,105Y
10014,臺東縣,10014010,臺東市,10014010-042,建和里,-12,-11,-23,43,44,44,54,105Y
10014,臺東縣,10014010,臺東市,10014010-017,建國里,-16,7,-9,39,30,77,79,105Y
10014,臺東縣,10014010,臺東市,10014010-044,建業里,-26,8,-18,25,28,51,40,105Y
10014,臺東縣,10014010,臺東市,10014010-046,建農里,-10,2,-8,62,73,122,109,105Y
10014,臺東縣,10014010,臺東市,10014010-043,建興里,-6,26,20,40,28,50,36,105Y
10014,臺東縣,10014010,臺東市,10014010-010,馬蘭里,1,-48,-47,106,106,204,252,105Y
10014,臺東縣,10014010,臺東市,10014010-035,康樂里,-2,0,-2,49,47,80,82,105Y
10014,臺東縣,10014010,臺東市,10014010-016,強國里,-4,7,3,21,20,28,22,105Y
10014,臺東縣,10014010,臺東市,10014010-001,富岡里,-18,8,-10,36,45,52,35,105Y
10014,臺東縣,10014010,臺東市,10014010-002,富豐里,-1,2,1,54,41,32,43,105Y
10014,臺東縣,10014010,臺東市,10014010-025,復國里,-9,-3,-12,9,11,30,31,105Y
10014,臺東縣,10014010,臺東市,10014010-027,復興里,-3,4,1,10,10,28,24,105Y
10014,臺東縣,10014010,臺東市,10014010-007,新生里,-7,-34,-41,241,254,360,381,105Y
10014,臺東縣,10014010,臺東市,10014010-029,新園里,-6,23,17,44,57,78,42,105Y
10014,臺東縣,10014010,臺東市,10014010-037,新興里,-9,-28,-37,16,21,40,63,105Y
10014,臺東縣,10014010,臺東市,10014010-026,興國里,4,-20,-16,24,24,60,80,105Y
10014,臺東縣,10014010,臺東市,10014010-030,豐田里,-14,-23,-37,73,102,96,90,105Y
10014,臺東縣,10014010,臺東市,10014010-031,豐年里,-10,62,52,103,115,200,126,105Y
10014,臺東縣,10014010,臺東市,10014010-039,豐谷里,-17,39,22,149,138,242,214,105Y
10014,臺東縣,10014010,臺東市,10014010-040,豐里里,-5,14,9,61,75,146,118,105Y
10014,臺東縣,10014010,臺東市,10014010-041,豐原里,-9,24,15,33,15,57,51,105Y
10014,臺東縣,10014010,臺東市,10014010-038,豐榮里,-8,46,38,267,281,413,353,105Y
10014,臺東縣,10014010,臺東市,10014010-033,豐樂里,-2,-46,-48,25,42,51,80,105Y
10014,臺東縣,10014010,臺東市,10014010-009,寶桑里,-8,17,9,25,24,70,54,105Y
10014,臺東縣,10014010,臺東市,10014010-028,鐵花里,-5,-13,-18,10,11,18,30,105Y
10014,臺東縣,10014030,關山鎮,10014030-004,中福里,-7,10,3,32,31,26,17,105Y
10014,臺東縣,10014030,關山鎮,10014030-007,月眉里,-2,-16,-18,30,34,14,26,105Y
10014,臺東縣,10014030,關山鎮,10014030-005,里里,-14,-16,-30,106,116,34,40,105Y
10014,臺東縣,10014030,關山鎮,10014030-003,新福里,0,-14,-14,37,54,15,12,105Y
10014,臺東縣,10014030,關山鎮,10014030-006,電光里,-6,-1,-7,18,23,20,16,105Y
10014,臺東縣,10014030,關山鎮,10014030-001,德高里,-10,-9,-19,53,63,33,32,105Y
10014,臺東縣,10014030,關山鎮,10014030-002,豐泉里,-6,-21,-27,55,77,33,32,105Y
10014,臺東縣,10014160,蘭嶼鄉,10014160-001,東清村,13,-2,11,49,50,21,22,105Y
10014,臺東縣,10014160,蘭嶼鄉,10014160-003,紅頭村,0,38,38,120,86,15,11,105Y
10014,臺東縣,10014160,蘭嶼鄉,10014160-002,朗島村,3,4,7,38,40,26,20,105Y
10014,臺東縣,10014160,蘭嶼鄉,10014160-004,椰油村,1,-19,-18,52,62,14,23,105Y
10014,臺東縣,10014100,大武鄉,10014100-001,大竹村,4,-9,-5,37,47,16,15,106Y
10014,臺東縣,10014100,大武鄉,10014100-003,大武村,-17,-48,-65,50,90,36,44,106Y
10014,臺東縣,10014100,大武鄉,10014100-002,大鳥村,-6,-18,-24,47,62,45,48,106Y
10014,臺東縣,10014100,大武鄉,10014100-004,尚武村,-9,-22,-31,81,106,26,23,106Y
10014,臺東縣,10014100,大武鄉,10014100-005,南興村,0,4,4,28,31,18,11,106Y
10014,臺東縣,10014090,太麻里鄉,10014090-002,三和村,-9,-20,-29,12,36,13,9,106Y
10014,臺東縣,10014090,太麻里鄉,10014090-006,大王村,-10,-30,-40,60,90,51,51,106Y
10014,臺東縣,10014090,太麻里鄉,10014090-004,北里村,-12,13,1,37,23,16,17,106Y
10014,臺東縣,10014090,太麻里鄉,10014090-009,多良村,0,-3,-3,46,48,17,18,106Y
10014,臺東縣,10014090,太麻里鄉,10014090-008,金崙村,-12,-7,-19,61,60,42,50,106Y
10014,臺東縣,10014090,太麻里鄉,10014090-001,美和村,-4,-9,-13,44,56,28,25,106Y
10014,臺東縣,10014090,太麻里鄉,10014090-007,香蘭村,-15,14,-1,31,26,33,24,106Y
10014,臺東縣,10014090,太麻里鄉,10014090-005,泰和村,-7,-15,-22,55,75,28,23,106Y
10014,臺東縣,10014090,太麻里鄉,10014090-003,華源村,-4,-11,-15,23,23,8,19,106Y
10014,臺東縣,10014020,成功鎮,10014020-003,三仙里,-11,-2,-13,87,87,60,62,106Y
10014,臺東縣,10014020,成功鎮,10014020-004,三民里,-4,8,4,107,120,86,65,106Y
10014,臺東縣,10014020,成功鎮,10014020-007,和平里,-12,6,-6,39,27,4,10,106Y
10014,臺東縣,10014020,成功鎮,10014020-006,忠仁里,-14,-58,-72,58,75,60,101,106Y
10014,臺東縣,10014020,成功鎮,10014020-002,忠孝里,-19,-5,-24,45,51,20,19,106Y
10014,臺東縣,10014020,成功鎮,10014020-005,忠智里,-13,14,1,68,76,82,60,106Y
10014,臺東縣,10014020,成功鎮,10014020-008,信義里,-30,-23,-53,64,92,38,33,106Y
10014,臺東縣,10014020,成功鎮,10014020-001,博愛里,-4,-6,-10,25,31,3,3,106Y
10014,臺東縣,10014060,池上鄉,10014060-003,大坡村,-1,9,8,10,6,9,4,106Y
10014,臺東縣,10014060,池上鄉,10014060-004,大埔村,-8,-8,-16,24,30,14,16,106Y
10014,臺東縣,10014060,池上鄉,10014060-010,振興村,-5,6,1,24,18,8,8,106Y
10014,臺東縣,10014060,池上鄉,10014060-009,富興村,-3,-1,-4,11,13,3,2,106Y
10014,臺東縣,10014060,池上鄉,10014060-007,新興村,-10,4,-6,37,32,24,25,106Y
10014,臺東縣,10014060,池上鄉,10014060-008,萬安村,-6,-4,-10,4,8,7,7,106Y
10014,臺東縣,10014060,池上鄉,10014060-001,福文村,-22,-17,-39,48,66,25,24,106Y
10014,臺東縣,10014060,池上鄉,10014060-005,福原村,-10,-20,-30,76,93,34,37,106Y
10014,臺東縣,10014060,池上鄉,10014060-002,慶豐村,-7,-9,-16,10,19,4,4,106Y
10014,臺東縣,10014060,池上鄉,10014060-006,錦園村,-5,-10,-15,14,23,12,13,106Y
10014,臺東縣,10014040,卑南鄉,10014040-010,太平村,-9,-11,-20,211,201,54,75,106Y
10014,臺東縣,10014040,卑南鄉,10014040-002,利吉村,-6,22,16,27,12,10,3,106Y
10014,臺東縣,10014040,卑南鄉,10014040-011,利嘉村,-4,33,29,59,43,38,21,106Y
10014,臺東縣,10014040,卑南鄉,10014040-005,明峰村,-9,20,11,48,47,34,15,106Y
10014,臺東縣,10014040,卑南鄉,10014040-012,東興村,1,10,11,52,42,25,25,106Y
10014,臺東縣,10014040,卑南鄉,10014040-006,初鹿村,-8,-35,-43,35,57,27,40,106Y
10014,臺東縣,10014040,卑南鄉,10014040-007,美農村,-10,11,1,64,47,17,23,106Y
10014,臺東縣,10014040,卑南鄉,10014040-009,泰安村,-10,3,-7,54,53,40,38,106Y
10014,臺東縣,10014040,卑南鄉,10014040-003,富山村,-6,1,-5,24,23,2,2,106Y
10014,臺東縣,10014040,卑南鄉,10014040-004,富源村,-2,3,1,16,13,1,1,106Y
10014,臺東縣,10014040,卑南鄉,10014040-013,溫泉村,-5,-7,-12,64,70,11,12,106Y
10014,臺東縣,10014040,卑南鄉,10014040-001,嘉豐村,-7,5,-2,30,26,7,6,106Y
10014,臺東縣,10014040,卑南鄉,10014040-008,賓朗村,-22,-2,-24,113,110,28,33,106Y
10014,臺東縣,10014130,延平鄉,10014130-002,永康村,2,8,10,18,13,8,5,106Y
10014,臺東縣,10014130,延平鄉,10014130-001,武陵村,-8,1,-7,26,22,15,18,106Y
10014,臺東縣,10014130,延平鄉,10014130-003,紅葉村,-2,4,2,33,31,5,3,106Y
10014,臺東縣,10014130,延平鄉,10014130-005,桃源村,-3,16,13,73,50,16,23,106Y
10014,臺東縣,10014130,延平鄉,10014130-004,鸞山村,-3,13,10,40,32,14,9,106Y
10014,臺東縣,10014070,東河鄉,10014070-001,北源村,-26,0,-26,81,83,25,23,106Y
10014,臺東縣,10014070,東河鄉,10014070-004,尚德村,-12,-15,-27,8,20,2,5,106Y
10014,臺東縣,10014070,東河鄉,10014070-003,東河村,-13,14,1,40,37,23,12,106Y
10014,臺東縣,10014070,東河鄉,10014070-002,泰源村,-16,-49,-65,35,81,11,14,106Y
10014,臺東縣,10014070,東河鄉,10014070-007,都蘭村,-24,-25,-49,93,113,37,42,106Y
10014,臺東縣,10014070,東河鄉,10014070-005,隆昌村,-6,18,12,30,16,11,7,106Y
10014,臺東縣,10014070,東河鄉,10014070-006,興昌村,-11,-4,-15,40,38,15,21,106Y
10014,臺東縣,10014140,金峰鄉,10014140-002,正興村,-6,2,-4,20,17,6,7,106Y
10014,臺東縣,10014140,金峰鄉,10014140-001,新興村,1,13,14,53,38,13,15,106Y
10014,臺東縣,10014140,金峰鄉,10014140-003,嘉蘭村,8,7,15,64,60,23,20,106Y
10014,臺東縣,10014140,金峰鄉,10014140-004,賓茂村,-1,4,3,19,15,2,2,106Y
10014,臺東縣,10014140,金峰鄉,10014140-005,歷坵村,6,7,13,14,7,6,6,106Y
10014,臺東縣,10014080,長濱鄉,10014080-002,三間村,-22,-31,-53,41,68,8,12,106Y
10014,臺東縣,10014080,長濱鄉,10014080-005,竹湖村,-6,6,0,45,40,6,5,106Y
10014,臺東縣,10014080,長濱鄉,10014080-003,忠勇村,-7,-3,-10,16,19,4,4,106Y
10014,臺東縣,10014080,長濱鄉,10014080-004,長濱村,-22,-7,-29,67,76,28,26,106Y
10014,臺東縣,10014080,長濱鄉,10014080-006,寧埔村,-27,-11,-38,39,51,22,21,106Y
10014,臺東縣,10014080,長濱鄉,10014080-001,樟原村,-11,2,-9,30,28,8,8,106Y
10014,臺東縣,10014120,海端鄉,10014120-006,加拿村,-3,-17,-20,15,32,9,9,106Y
10014,臺東縣,10014120,海端鄉,10014120-003,利稻村,2,-3,-1,4,6,1,2,106Y
10014,臺東縣,10014120,海端鄉,10014120-005,崁頂村,-7,8,1,26,28,15,5,106Y
10014,臺東縣,10014120,海端鄉,10014120-004,海端村,-1,1,0,51,50,12,12,106Y
10014,臺東縣,10014120,海端鄉,10014120-001,廣原村,-10,-19,-29,40,51,11,19,106Y
10014,臺東縣,10014120,海端鄉,10014120-002,霧鹿村,3,-15,-12,10,24,9,10,106Y
10014,臺東縣,10014050,鹿野鄉,10014050-004,永安村,-11,-1,-12,59,63,50,47,106Y
10014,臺東縣,10014050,鹿野鄉,10014050-006,鹿野村,-12,25,13,78,55,20,18,106Y
10014,臺東縣,10014050,鹿野鄉,10014050-001,瑞和村,-6,-5,-11,19,26,10,8,106Y
10014,臺東縣,10014050,鹿野鄉,10014050-005,瑞隆村,-5,3,-2,34,26,10,15,106Y
10014,臺東縣,10014050,鹿野鄉,10014050-003,瑞源村,-4,-17,-21,33,44,12,18,106Y
10014,臺東縣,10014050,鹿野鄉,10014050-002,瑞豐村,-9,5,-4,62,56,17,18,106Y
10014,臺東縣,10014050,鹿野鄉,10014050-007,龍田村,-16,-14,-30,24,43,35,30,106Y
10014,臺東縣,10014150,達仁鄉,10014150-002,土村,4,22,26,60,38,8,8,106Y
10014,臺東縣,10014150,達仁鄉,10014150-001,台村,-5,4,-1,34,29,15,16,106Y
10014,臺東縣,10014150,達仁鄉,10014150-004,安朔村,-6,-17,-23,33,47,16,19,106Y
10014,臺東縣,10014150,達仁鄉,10014150-006,南田村,-1,-13,-14,7,19,1,2,106Y
10014,臺東縣,10014150,達仁鄉,10014150-005,森永村,-8,13,5,30,20,4,1,106Y
10014,臺東縣,10014150,達仁鄉,10014150-003,新化村,-2,3,1,24,23,9,7,106Y
10014,臺東縣,10014110,綠島鄉,10014110-002,中寮村,3,22,25,105,72,30,41,106Y
10014,臺東縣,10014110,綠島鄉,10014110-001,公館村,4,92,96,129,53,55,39,106Y
10014,臺東縣,10014110,綠島鄉,10014110-003,南寮村,17,64,81,142,73,46,51,106Y
10014,臺東縣,10014010,臺東市,10014010-021,大同里,0,-27,-27,15,25,16,33,106Y
10014,臺東縣,10014010,臺東市,10014010-024,中山里,1,-51,-50,20,34,69,106,106Y
10014,臺東縣,10014010,臺東市,10014010-011,中心里,-4,-71,-75,93,156,250,258,106Y
10014,臺東縣,10014010,臺東市,10014010-020,中正里,-5,-27,-32,19,16,21,51,106Y
10014,臺東縣,10014010,臺東市,10014010-015,中華里,-10,17,7,59,53,103,92,106Y
10014,臺東縣,10014010,臺東市,10014010-019,仁愛里,-5,11,6,15,14,26,16,106Y
10014,臺東縣,10014010,臺東市,10014010-023,文化里,16,-21,-5,49,66,150,154,106Y
10014,臺東縣,10014010,臺東市,10014010-014,四維里,-5,28,23,24,12,45,29,106Y
10014,臺東縣,10014010,臺東市,10014010-008,民生里,-24,-3,-27,105,110,150,148,106Y
10014,臺東縣,10014010,臺東市,10014010-013,民族里,9,-43,-34,71,54,118,178,106Y
10014,臺東縣,10014010,臺東市,10014010-018,民權里,6,3,9,45,39,31,34,106Y
10014,臺東縣,10014010,臺東市,10014010-034,永樂里,-2,12,10,61,63,126,112,106Y
10014,臺東縣,10014010,臺東市,10014010-032,光明里,11,-50,-39,137,155,173,205,106Y
10014,臺東縣,10014010,臺東市,10014010-022,成功里,-8,-19,-27,17,20,32,48,106Y
10014,臺東縣,10014010,臺東市,10014010-012,自強里,1,-35,-34,135,153,242,259,106Y
10014,臺東縣,10014010,臺東市,10014010-005,卑南里,-7,41,34,88,100,169,116,106Y
10014,臺東縣,10014010,臺東市,10014010-003,岩灣里,1,43,44,111,98,151,121,106Y
10014,臺東縣,10014010,臺東市,10014010-036,東海里,5,-64,-59,98,105,165,222,106Y
10014,臺東縣,10014010,臺東市,10014010-045,知本里,-3,16,13,56,46,54,48,106Y
10014,臺東縣,10014010,臺東市,10014010-004,南王里,-8,0,-8,103,102,119,120,106Y
10014,臺東縣,10014010,臺東市,10014010-006,南榮里,-25,21,-4,79,84,136,110,106Y
10014,臺東縣,10014010,臺東市,10014010-042,建和里,-10,13,3,47,33,27,28,106Y
10014,臺東縣,10014010,臺東市,10014010-017,建國里,-6,-12,-18,42,51,80,83,106Y
10014,臺東縣,10014010,臺東市,10014010-044,建業里,-4,-12,-16,28,37,42,45,106Y
10014,臺東縣,10014010,臺東市,10014010-046,建農里,-6,-2,-8,61,85,107,85,106Y
10014,臺東縣,10014010,臺東市,10014010-043,建興里,-2,-13,-15,19,51,48,29,106Y
10014,臺東縣,10014010,臺東市,10014010-010,馬蘭里,-4,-63,-67,94,114,197,240,106Y
10014,臺東縣,10014010,臺東市,10014010-035,康樂里,-6,-9,-15,32,40,88,89,106Y
10014,臺東縣,10014010,臺東市,10014010-016,強國里,2,-22,-20,15,17,24,44,106Y
10014,臺東縣,10014010,臺東市,10014010-001,富岡里,-6,16,10,42,43,75,58,106Y
10014,臺東縣,10014010,臺東市,10014010-002,富豐里,-5,4,-1,49,32,34,47,106Y
10014,臺東縣,10014010,臺東市,10014010-025,復國里,-7,-17,-24,16,31,30,32,106Y
10014,臺東縣,10014010,臺東市,10014010-027,復興里,-8,-30,-38,15,32,23,36,106Y
10014,臺東縣,10014010,臺東市,10014010-007,新生里,-14,53,39,237,205,341,320,106Y
10014,臺東縣,10014010,臺東市,10014010-029,新園里,0,-1,-1,55,47,56,65,106Y
10014,臺東縣,10014010,臺東市,10014010-037,新興里,-9,-9,-18,20,32,48,45,106Y
10014,臺東縣,10014010,臺東市,10014010-026,興國里,13,-35,-22,33,35,61,94,106Y
10014,臺東縣,10014010,臺東市,10014010-030,豐田里,-5,8,3,62,76,102,80,106Y
10014,臺東縣,10014010,臺東市,10014010-031,豐年里,-4,155,151,212,137,226,146,106Y
10014,臺東縣,10014010,臺東市,10014010-039,豐谷里,-9,-28,-37,143,184,213,200,106Y
10014,臺東縣,10014010,臺東市,10014010-040,豐里里,-18,4,-14,83,81,103,101,106Y
10014,臺東縣,10014010,臺東市,10014010-041,豐原里,-8,17,9,28,18,51,44,106Y
10014,臺東縣,10014010,臺東市,10014010-038,豐榮里,-7,-20,-27,262,335,453,400,106Y
10014,臺東縣,10014010,臺東市,10014010-033,豐樂里,-3,-6,-9,25,36,86,81,106Y
10014,臺東縣,10014010,臺東市,10014010-009,寶桑里,-6,17,11,36,26,47,40,106Y
10014,臺東縣,10014010,臺東市,10014010-028,鐵花里,-1,-8,-9,18,10,11,27,106Y
10014,臺東縣,10014030,關山鎮,10014030-004,中福里,-1,-9,-10,30,34,21,26,106Y
10014,臺東縣,10014030,關山鎮,10014030-007,月眉里,-13,9,-4,28,19,9,9,106Y
10014,臺東縣,10014030,關山鎮,10014030-005,里里,-17,-3,-20,83,94,59,51,106Y
10014,臺東縣,10014030,關山鎮,10014030-003,新福里,-3,-8,-11,31,39,19,19,106Y
10014,臺東縣,10014030,關山鎮,10014030-006,電光里,-10,-6,-16,29,29,12,18,106Y
10014,臺東縣,10014030,關山鎮,10014030-001,德高里,-12,2,-10,54,53,17,16,106Y
10014,臺東縣,10014030,關山鎮,10014030-002,豐泉里,-3,5,2,70,67,27,25,106Y
10014,臺東縣,10014160,蘭嶼鄉,10014160-001,東清村,8,5,13,63,57,21,22,106Y
10014,臺東縣,10014160,蘭嶼鄉,10014160-003,紅頭村,1,-38,-37,82,118,30,32,106Y
10014,臺東縣,10014160,蘭嶼鄉,10014160-002,朗島村,7,-4,3,35,30,21,30,106Y
10014,臺東縣,10014160,蘭嶼鄉,10014160-004,椰油村,1,12,13,56,56,25,13,106Y
10014,臺東縣,10014100,大武鄉,10014100-001,大竹村,-1,2,1,47,44,115,116,107Y
10014,臺東縣,10014100,大武鄉,10014100-003,大武村,-2,-24,-26,67,77,17,31,107Y
10014,臺東縣,10014100,大武鄉,10014100-002,大鳥村,-11,33,22,80,55,33,25,107Y
10014,臺東縣,10014100,大武鄉,10014100-004,尚武村,-24,-32,-56,61,97,18,14,107Y
10014,臺東縣,10014100,大武鄉,10014100-005,南興村,-2,-10,-12,30,43,13,10,107Y
10014,臺東縣,10014090,太麻里鄉,10014090-002,三和村,2,0,2,30,30,15,15,107Y
10014,臺東縣,10014090,太麻里鄉,10014090-006,大王村,-4,-17,-21,81,97,43,44,107Y
10014,臺東縣,10014090,太麻里鄉,10014090-004,北里村,-6,-1,-7,29,33,10,7,107Y
10014,臺東縣,10014090,太麻里鄉,10014090-009,多良村,-6,7,1,51,51,32,25,107Y
10014,臺東縣,10014090,太麻里鄉,10014090-008,金崙村,-3,36,33,102,58,36,44,107Y
10014,臺東縣,10014090,太麻里鄉,10014090-001,美和村,-13,4,-9,53,54,25,20,107Y
10014,臺東縣,10014090,太麻里鄉,10014090-007,香蘭村,-8,7,-1,43,39,17,14,107Y
10014,臺東縣,10014090,太麻里鄉,10014090-005,泰和村,-8,-11,-19,55,56,45,55,107Y
10014,臺東縣,10014090,太麻里鄉,10014090-003,華源村,-7,12,5,31,20,19,18,107Y
10014,臺東縣,10014020,成功鎮,10014020-003,三仙里,-7,-12,-19,49,47,28,42,107Y
10014,臺東縣,10014020,成功鎮,10014020-004,三民里,-23,-36,-59,84,115,59,64,107Y
10014,臺東縣,10014020,成功鎮,10014020-007,和平里,-7,-4,-11,25,30,24,23,107Y
10014,臺東縣,10014020,成功鎮,10014020-006,忠仁里,-16,-17,-33,54,70,69,70,107Y
10014,臺東縣,10014020,成功鎮,10014020-002,忠孝里,-17,9,-8,55,53,23,16,107Y
10014,臺東縣,10014020,成功鎮,10014020-005,忠智里,-10,-37,-47,55,98,64,58,107Y
10014,臺東縣,10014020,成功鎮,10014020-008,信義里,-20,23,3,100,76,29,30,107Y
10014,臺東縣,10014020,成功鎮,10014020-001,博愛里,-15,10,-5,40,37,11,4,107Y
10014,臺東縣,10014060,池上鄉,10014060-003,大坡村,-2,-8,-10,10,10,0,8,107Y
10014,臺東縣,10014060,池上鄉,10014060-004,大埔村,-4,11,7,36,26,6,5,107Y
10014,臺東縣,10014060,池上鄉,10014060-010,振興村,-4,-6,-10,20,29,6,3,107Y
10014,臺東縣,10014060,池上鄉,10014060-009,富興村,-3,-5,-8,14,13,0,6,107Y
10014,臺東縣,10014060,池上鄉,10014060-007,新興村,-11,3,-8,34,32,27,26,107Y
10014,臺東縣,10014060,池上鄉,10014060-008,萬安村,-6,-3,-9,14,12,2,7,107Y
10014,臺東縣,10014060,池上鄉,10014060-001,福文村,-12,-3,-15,34,50,36,23,107Y
10014,臺東縣,10014060,池上鄉,10014060-005,福原村,-5,21,16,96,86,60,49,107Y
10014,臺東縣,10014060,池上鄉,10014060-002,慶豐村,-5,-8,-13,22,24,10,16,107Y
10014,臺東縣,10014060,池上鄉,10014060-006,錦園村,1,0,1,21,17,4,8,107Y
10014,臺東縣,10014040,卑南鄉,10014040-010,太平村,-11,6,-5,211,211,55,49,107Y
10014,臺東縣,10014040,卑南鄉,10014040-002,利吉村,-3,-5,-8,19,25,7,6,107Y
10014,臺東縣,10014040,卑南鄉,10014040-011,利嘉村,4,-20,-16,45,64,10,11,107Y
10014,臺東縣,10014040,卑南鄉,10014040-005,明峰村,-1,7,6,56,47,16,18,107Y
10014,臺東縣,10014040,卑南鄉,10014040-012,東興村,-5,-6,-11,53,59,27,27,107Y
10014,臺東縣,10014040,卑南鄉,10014040-006,初鹿村,-9,11,2,62,47,23,27,107Y
10014,臺東縣,10014040,卑南鄉,10014040-007,美農村,2,18,20,74,62,20,14,107Y
10014,臺東縣,10014040,卑南鄉,10014040-009,泰安村,-8,-1,-9,54,52,21,24,107Y
10014,臺東縣,10014040,卑南鄉,10014040-003,富山村,-5,-19,-24,27,45,2,3,107Y
10014,臺東縣,10014040,卑南鄉,10014040-004,富源村,-9,-7,-16,21,27,5,6,107Y
10014,臺東縣,10014040,卑南鄉,10014040-013,溫泉村,-6,12,6,81,70,15,14,107Y
10014,臺東縣,10014040,卑南鄉,10014040-001,嘉豐村,-9,3,-6,25,26,11,7,107Y
10014,臺東縣,10014040,卑南鄉,10014040-008,賓朗村,-23,-46,-69,96,136,38,44,107Y
10014,臺東縣,10014130,延平鄉,10014130-002,永康村,0,12,12,31,17,5,7,107Y
10014,臺東縣,10014130,延平鄉,10014130-001,武陵村,7,4,11,40,38,7,5,107Y
10014,臺東縣,10014130,延平鄉,10014130-003,紅葉村,1,2,3,40,30,234,242,107Y
10014,臺東縣,10014130,延平鄉,10014130-005,桃源村,0,35,35,88,63,26,16,107Y
10014,臺東縣,10014130,延平鄉,10014130-004,鸞山村,2,14,16,46,30,7,9,107Y
10014,臺東縣,10014070,東河鄉,10014070-001,北源村,-25,44,19,113,72,15,12,107Y
10014,臺東縣,10014070,東河鄉,10014070-004,尚德村,-1,0,-1,15,15,0,0,107Y
10014,臺東縣,10014070,東河鄉,10014070-003,東河村,-7,1,-6,45,45,9,8,107Y
10014,臺東縣,10014070,東河鄉,10014070-002,泰源村,-17,8,-9,63,52,10,13,107Y
10014,臺東縣,10014070,東河鄉,10014070-007,都蘭村,-26,8,-18,107,100,22,21,107Y
10014,臺東縣,10014070,東河鄉,10014070-005,隆昌村,-3,6,3,25,18,4,5,107Y
10014,臺東縣,10014070,東河鄉,10014070-006,興昌村,-18,-8,-26,35,42,7,8,107Y
10014,臺東縣,10014140,金峰鄉,10014140-002,正興村,0,19,19,48,31,12,10,107Y
10014,臺東縣,10014140,金峰鄉,10014140-001,新興村,-4,17,13,49,30,10,12,107Y
10014,臺東縣,10014140,金峰鄉,10014140-003,嘉蘭村,9,37,46,81,43,26,27,107Y
10014,臺東縣,10014140,金峰鄉,10014140-004,賓茂村,-1,-4,-5,16,19,3,4,107Y
10014,臺東縣,10014140,金峰鄉,10014140-005,歷坵村,-9,22,13,36,16,9,7,107Y
10014,臺東縣,10014080,長濱鄉,10014080-002,三間村,-23,6,-17,56,56,18,12,107Y
10014,臺東縣,10014080,長濱鄉,10014080-005,竹湖村,-9,-3,-12,43,43,13,16,107Y
10014,臺東縣,10014080,長濱鄉,10014080-003,忠勇村,-10,6,-4,27,22,6,5,107Y
10014,臺東縣,10014080,長濱鄉,10014080-004,長濱村,-33,6,-27,92,80,37,43,107Y
10014,臺東縣,10014080,長濱鄉,10014080-006,寧埔村,-24,9,-15,69,65,15,10,107Y
10014,臺東縣,10014080,長濱鄉,10014080-001,樟原村,-11,8,-3,24,13,7,10,107Y
10014,臺東縣,10014120,海端鄉,10014120-006,加拿村,-3,-2,-5,26,24,8,12,107Y
10014,臺東縣,10014120,海端鄉,10014120-003,利稻村,4,-3,1,12,12,1,4,107Y
10014,臺東縣,10014120,海端鄉,10014120-005,崁頂村,0,-6,-6,30,41,15,10,107Y
10014,臺東縣,10014120,海端鄉,10014120-004,海端村,-13,9,-4,61,47,15,20,107Y
10014,臺東縣,10014120,海端鄉,10014120-001,廣原村,2,-14,-12,25,44,14,9,107Y
10014,臺東縣,10014120,海端鄉,10014120-002,霧鹿村,-1,-9,-10,11,22,7,5,107Y
10014,臺東縣,10014050,鹿野鄉,10014050-004,永安村,-7,-27,-34,73,84,28,44,107Y
10014,臺東縣,10014050,鹿野鄉,10014050-006,鹿野村,-12,4,-8,60,71,30,15,107Y
10014,臺東縣,10014050,鹿野鄉,10014050-001,瑞和村,1,11,12,32,24,11,8,107Y
10014,臺東縣,10014050,鹿野鄉,10014050-005,瑞隆村,-8,11,3,32,27,15,9,107Y
10014,臺東縣,10014050,鹿野鄉,10014050-003,瑞源村,-8,-21,-29,32,50,10,13,107Y
10014,臺東縣,10014050,鹿野鄉,10014050-002,瑞豐村,-20,30,10,70,44,12,8,107Y
10014,臺東縣,10014050,鹿野鄉,10014050-007,龍田村,-14,-16,-30,46,53,11,20,107Y
10014,臺東縣,10014150,達仁鄉,10014150-002,土村,-2,37,35,66,28,5,6,107Y
10014,臺東縣,10014150,達仁鄉,10014150-001,台村,-7,21,14,59,39,10,9,107Y
10014,臺東縣,10014150,達仁鄉,10014150-004,安朔村,-6,-14,-20,40,48,19,25,107Y
10014,臺東縣,10014150,達仁鄉,10014150-006,南田村,-6,-5,-11,14,18,5,6,107Y
10014,臺東縣,10014150,達仁鄉,10014150-005,森永村,0,35,35,58,30,15,8,107Y
10014,臺東縣,10014150,達仁鄉,10014150-003,新化村,-6,15,9,26,11,12,12,107Y
10014,臺東縣,10014110,綠島鄉,10014110-002,中寮村,12,20,32,94,66,27,35,107Y
10014,臺東縣,10014110,綠島鄉,10014110-001,公館村,8,79,87,189,119,30,21,107Y
10014,臺東縣,10014110,綠島鄉,10014110-003,南寮村,9,43,52,155,111,44,45,107Y
10014,臺東縣,10014010,臺東市,10014010-021,大同里,-1,-10,-11,18,21,27,34,107Y
10014,臺東縣,10014010,臺東市,10014010-024,中山里,4,-26,-22,33,25,36,70,107Y
10014,臺東縣,10014010,臺東市,10014010-011,中心里,7,-84,-77,97,150,223,254,107Y
10014,臺東縣,10014010,臺東市,10014010-020,中正里,-5,5,0,27,22,46,46,107Y
10014,臺東縣,10014010,臺東市,10014010-015,中華里,-7,-4,-11,54,59,93,92,107Y
10014,臺東縣,10014010,臺東市,10014010-019,仁愛里,-1,-14,-15,17,21,29,39,107Y
10014,臺東縣,10014010,臺東市,10014010-023,文化里,4,52,56,52,49,185,136,107Y
10014,臺東縣,10014010,臺東市,10014010-014,四維里,0,38,38,34,8,30,18,107Y
10014,臺東縣,10014010,臺東市,10014010-008,民生里,-1,44,43,111,108,195,154,107Y
10014,臺東縣,10014010,臺東市,10014010-013,民族里,9,-16,-7,71,50,127,164,107Y
10014,臺東縣,10014010,臺東市,10014010-018,民權里,-10,29,19,26,30,72,39,107Y
10014,臺東縣,10014010,臺東市,10014010-034,永樂里,2,38,40,74,74,130,92,107Y
10014,臺東縣,10014010,臺東市,10014010-032,光明里,-7,-61,-68,157,148,177,247,107Y
10014,臺東縣,10014010,臺東市,10014010-022,成功里,-9,-1,-10,24,27,35,33,107Y
10014,臺東縣,10014010,臺東市,10014010-012,自強里,13,-6,7,132,173,250,215,107Y
10014,臺東縣,10014010,臺東市,10014010-005,卑南里,-10,45,35,85,91,171,120,107Y
10014,臺東縣,10014010,臺東市,10014010-003,岩灣里,-3,77,74,133,105,145,96,107Y
10014,臺東縣,10014010,臺東市,10014010-036,東海里,15,-54,-39,102,120,162,198,107Y
10014,臺東縣,10014010,臺東市,10014010-045,知本里,-8,24,16,78,55,50,49,107Y
10014,臺東縣,10014010,臺東市,10014010-004,南王里,-10,72,62,122,83,144,111,107Y
10014,臺東縣,10014010,臺東市,10014010-006,南榮里,-10,-30,-40,98,119,126,135,107Y
10014,臺東縣,10014010,臺東市,10014010-042,建和里,-1,-19,-20,38,49,57,65,107Y
10014,臺東縣,10014010,臺東市,10014010-017,建國里,-7,-22,-29,44,46,68,88,107Y
10014,臺東縣,10014010,臺東市,10014010-044,建業里,-4,13,9,54,53,68,56,107Y
10014,臺東縣,10014010,臺東市,10014010-046,建農里,-4,-13,-17,76,76,97,110,107Y
10014,臺東縣,10014010,臺東市,10014010-043,建興里,-9,-31,-40,26,40,38,55,107Y
10014,臺東縣,10014010,臺東市,10014010-010,馬蘭里,-7,-92,-99,126,141,190,267,107Y
10014,臺東縣,10014010,臺東市,10014010-035,康樂里,-4,-4,-8,42,55,83,74,107Y
10014,臺東縣,10014010,臺東市,10014010-016,強國里,4,6,10,27,28,31,24,107Y
10014,臺東縣,10014010,臺東市,10014010-001,富岡里,-21,10,-11,55,51,43,37,107Y
10014,臺東縣,10014010,臺東市,10014010-002,富豐里,-8,-11,-19,58,48,37,58,107Y
10014,臺東縣,10014010,臺東市,10014010-025,復國里,-9,-15,-24,18,22,28,39,107Y
10014,臺東縣,10014010,臺東市,10014010-027,復興里,-1,1,0,17,17,25,24,107Y
10014,臺東縣,10014010,臺東市,10014010-007,新生里,-4,-103,-107,208,264,323,370,107Y
10014,臺東縣,10014010,臺東市,10014010-029,新園里,-16,-7,-23,59,62,75,79,107Y
10014,臺東縣,10014010,臺東市,10014010-037,新興里,-5,-1,-6,37,30,35,43,107Y
10014,臺東縣,10014010,臺東市,10014010-026,興國里,3,-45,-42,20,26,57,96,107Y
10014,臺東縣,10014010,臺東市,10014010-030,豐田里,-9,33,24,89,84,124,96,107Y
10014,臺東縣,10014010,臺東市,10014010-031,豐年里,11,33,44,134,132,190,159,107Y
10014,臺東縣,10014010,臺東市,10014010-039,豐谷里,-5,-25,-30,153,169,240,249,107Y
10014,臺東縣,10014010,臺東市,10014010-040,豐里里,-22,-35,-57,60,67,80,108,107Y
10014,臺東縣,10014010,臺東市,10014010-041,豐原里,-5,-8,-13,35,43,36,36,107Y
10014,臺東縣,10014010,臺東市,10014010-038,豐榮里,-5,-20,-25,274,353,441,382,107Y
10014,臺東縣,10014010,臺東市,10014010-033,豐樂里,-1,-11,-12,40,58,88,81,107Y
10014,臺東縣,10014010,臺東市,10014010-009,寶桑里,-4,-7,-11,33,36,64,68,107Y
10014,臺東縣,10014010,臺東市,10014010-028,鐵花里,-7,36,29,11,10,64,29,107Y
10014,臺東縣,10014030,關山鎮,10014030-004,中福里,-3,-8,-11,29,35,18,20,107Y
10014,臺東縣,10014030,關山鎮,10014030-007,月眉里,-8,-4,-12,39,41,16,18,107Y
10014,臺東縣,10014030,關山鎮,10014030-005,里里,-7,3,-4,116,106,13,20,107Y
10014,臺東縣,10014030,關山鎮,10014030-003,新福里,-4,7,3,39,37,23,18,107Y
10014,臺東縣,10014030,關山鎮,10014030-006,電光里,-8,-1,-9,23,25,7,6,107Y
10014,臺東縣,10014030,關山鎮,10014030-001,德高里,-16,17,1,80,61,20,22,107Y
10014,臺東縣,10014030,關山鎮,10014030-002,豐泉里,-4,-3,-7,56,66,25,18,107Y
10014,臺東縣,10014160,蘭嶼鄉,10014160-001,東清村,4,29,33,82,57,25,21,107Y
10014,臺東縣,10014160,蘭嶼鄉,10014160-003,紅頭村,3,-5,-2,92,84,24,37,107Y
10014,臺東縣,10014160,蘭嶼鄉,10014160-002,朗島村,5,11,16,42,31,21,21,107Y
10014,臺東縣,10014160,蘭嶼鄉,10014160-004,椰油村,1,34,35,80,55,28,19,107Y
10014,臺東縣,10014010,臺東市,10014010-001,富岡里,-16,-6,-22,37,56,52,39,108Y
10014,臺東縣,10014010,臺東市,10014010-002,富豐里,7,15,22,40,47,61,39,108Y
10014,臺東縣,10014010,臺東市,10014010-003,岩灣里,-7,27,20,137,120,130,120,108Y
10014,臺東縣,10014010,臺東市,10014010-004,南王里,-11,10,-1,93,85,98,96,108Y
10014,臺東縣,10014010,臺東市,10014010-005,卑南里,-2,-25,-27,82,112,134,129,108Y
10014,臺東縣,10014010,臺東市,10014010-006,南榮里,-23,11,-12,93,94,144,132,108Y
10014,臺東縣,10014010,臺東市,10014010-007,新生里,-16,-27,-43,233,224,369,405,108Y
10014,臺東縣,10014010,臺東市,10014010-008,民生里,-7,-42,-49,94,114,154,176,108Y
10014,臺東縣,10014010,臺東市,10014010-009,寶桑里,-7,-14,-21,34,28,42,62,108Y
10014,臺東縣,10014010,臺東市,10014010-010,馬蘭里,-26,-91,-117,85,105,207,278,108Y
10014,臺東縣,10014010,臺東市,10014010-011,中心里,0,48,48,149,135,239,205,108Y
10014,臺東縣,10014010,臺東市,10014010-012,自強里,4,35,39,161,157,257,226,108Y
10014,臺東縣,10014010,臺東市,10014010-013,民族里,3,-9,-6,109,65,137,190,108Y
10014,臺東縣,10014010,臺東市,10014010-014,四維里,5,10,15,31,21,34,34,108Y
10014,臺東縣,10014010,臺東市,10014010-015,中華里,-3,33,30,53,45,142,117,108Y
10014,臺東縣,10014010,臺東市,10014010-016,強國里,-4,-16,-20,21,30,26,33,108Y
10014,臺東縣,10014010,臺東市,10014010-017,建國里,-4,-11,-15,42,40,78,91,108Y
10014,臺東縣,10014010,臺東市,10014010-018,民權里,-2,-33,-35,38,51,39,59,108Y
10014,臺東縣,10014010,臺東市,10014010-019,仁愛里,-7,3,-4,16,10,22,25,108Y
10014,臺東縣,10014010,臺東市,10014010-020,中正里,-9,-17,-26,24,20,31,52,108Y
10014,臺東縣,10014010,臺東市,10014010-021,大同里,-9,-18,-27,16,24,24,34,108Y
10014,臺東縣,10014010,臺東市,10014010-022,成功里,-12,-5,-17,17,27,58,53,108Y
10014,臺東縣,10014010,臺東市,10014010-023,文化里,17,-30,-13,34,66,129,127,108Y
10014,臺東縣,10014010,臺東市,10014010-024,中山里,2,-10,-8,26,22,49,63,108Y
10014,臺東縣,10014010,臺東市,10014010-025,復國里,-10,3,-7,15,10,25,27,108Y
10014,臺東縣,10014010,臺東市,10014010-026,興國里,-3,-22,-25,32,36,54,72,108Y
10014,臺東縣,10014010,臺東市,10014010-027,復興里,-4,20,16,15,14,42,23,108Y
10014,臺東縣,10014010,臺東市,10014010-028,鐵花里,-6,-17,-23,10,25,20,22,108Y
10014,臺東縣,10014010,臺東市,10014010-029,新園里,5,9,14,45,55,62,43,108Y
10014,臺東縣,10014010,臺東市,10014010-030,豐田里,-5,-25,-30,92,98,84,103,108Y
10014,臺東縣,10014010,臺東市,10014010-031,豐年里,9,54,63,127,118,176,131,108Y
10014,臺東縣,10014010,臺東市,10014010-032,光明里,-8,-9,-17,119,135,157,150,108Y
10014,臺東縣,10014010,臺東市,10014010-033,豐樂里,-4,9,5,51,65,90,67,108Y
10014,臺東縣,10014010,臺東市,10014010-034,永樂里,0,33,33,44,60,124,75,108Y
10014,臺東縣,10014010,臺東市,10014010-035,康樂里,-12,21,9,56,44,62,53,108Y
10014,臺東縣,10014010,臺東市,10014010-036,東海里,-12,-40,-52,109,80,185,254,108Y
10014,臺東縣,10014010,臺東市,10014010-037,新興里,-10,-24,-34,35,37,39,61,108Y
10014,臺東縣,10014010,臺東市,10014010-038,豐榮里,-17,15,-2,254,297,473,415,108Y
10014,臺東縣,10014010,臺東市,10014010-039,豐谷里,2,11,13,169,164,241,235,108Y
10014,臺東縣,10014010,臺東市,10014010-040,豐里里,-7,4,-3,70,73,137,130,108Y
10014,臺東縣,10014010,臺東市,10014010-041,豐原里,-9,-39,-48,16,33,47,69,108Y
10014,臺東縣,10014010,臺東市,10014010-042,建和里,-3,7,4,41,35,40,39,108Y
10014,臺東縣,10014010,臺東市,10014010-043,建興里,1,-20,-19,27,34,41,54,108Y
10014,臺東縣,10014010,臺東市,10014010-044,建業里,-7,15,8,28,35,75,53,108Y
10014,臺東縣,10014010,臺東市,10014010-045,知本里,-3,11,8,49,59,63,42,108Y
10014,臺東縣,10014010,臺東市,10014010-046,建農里,-9,14,5,67,63,86,76,108Y
10014,臺東縣,10014020,成功鎮,10014020-001,博愛里,-7,-23,-30,17,36,4,8,108Y
10014,臺東縣,10014020,成功鎮,10014020-002,忠孝里,-6,-13,-19,35,45,22,25,108Y
10014,臺東縣,10014020,成功鎮,10014020-003,三仙里,-14,-14,-28,38,54,38,36,108Y
10014,臺東縣,10014020,成功鎮,10014020-004,三民里,-21,-54,-75,48,121,68,49,108Y
10014,臺東縣,10014020,成功鎮,10014020-005,忠智里,-11,-9,-20,60,76,64,57,108Y
10014,臺東縣,10014020,成功鎮,10014020-006,忠仁里,-22,-33,-55,69,96,86,92,108Y
10014,臺東縣,10014020,成功鎮,10014020-007,和平里,-15,-17,-32,22,32,21,28,108Y
10014,臺東縣,10014020,成功鎮,10014020-008,信義里,-26,-26,-52,75,93,20,28,108Y
10014,臺東縣,10014030,關山鎮,10014030-001,德高里,-7,15,8,62,52,29,24,108Y
10014,臺東縣,10014030,關山鎮,10014030-002,豐泉里,-9,-6,-15,53,57,21,23,108Y
10014,臺東縣,10014030,關山鎮,10014030-003,新福里,-2,-5,-7,36,54,21,8,108Y
10014,臺東縣,10014030,關山鎮,10014030-004,中福里,-6,-27,-33,22,36,7,20,108Y
10014,臺東縣,10014030,關山鎮,10014030-005,里里,-13,-37,-50,71,112,43,39,108Y
10014,臺東縣,10014030,關山鎮,10014030-006,電光里,-1,-14,-15,14,24,4,8,108Y
10014,臺東縣,10014030,關山鎮,10014030-007,月眉里,0,-16,-16,20,33,11,14,108Y
10014,臺東縣,10014040,卑南鄉,10014040-001,嘉豐村,-7,-3,-10,19,20,6,8,108Y
10014,臺東縣,10014040,卑南鄉,10014040-002,利吉村,-5,4,-1,24,20,2,2,108Y
10014,臺東縣,10014040,卑南鄉,10014040-003,富山村,-7,-11,-18,16,27,2,2,108Y
10014,臺東縣,10014040,卑南鄉,10014040-004,富源村,-11,-6,-17,7,14,5,4,108Y
10014,臺東縣,10014040,卑南鄉,10014040-005,明峰村,-10,-15,-25,35,54,18,14,108Y
10014,臺東縣,10014040,卑南鄉,10014040-006,初鹿村,-9,-19,-28,30,49,14,14,108Y
10014,臺東縣,10014040,卑南鄉,10014040-007,美農村,-10,9,-1,70,60,9,10,108Y
10014,臺東縣,10014040,卑南鄉,10014040-008,賓朗村,-14,20,6,128,114,39,33,108Y
10014,臺東縣,10014040,卑南鄉,10014040-009,泰安村,-6,-3,-9,64,66,24,25,108Y
10014,臺東縣,10014040,卑南鄉,10014040-010,太平村,4,24,28,194,167,44,47,108Y
10014,臺東縣,10014040,卑南鄉,10014040-011,利嘉村,0,6,6,61,59,14,10,108Y
10014,臺東縣,10014040,卑南鄉,10014040-012,東興村,-17,-2,-19,46,46,9,11,108Y
10014,臺東縣,10014040,卑南鄉,10014040-013,溫泉村,-11,-38,-49,55,87,8,14,108Y
10014,臺東縣,10014050,鹿野鄉,10014050-001,瑞和村,-3,-20,-23,15,39,8,4,108Y
10014,臺東縣,10014050,鹿野鄉,10014050-002,瑞豐村,-7,-12,-19,55,62,16,21,108Y
10014,臺東縣,10014050,鹿野鄉,10014050-003,瑞源村,-3,-6,-9,36,37,12,17,108Y
10014,臺東縣,10014050,鹿野鄉,10014050-004,永安村,1,-19,-18,57,68,20,28,108Y
10014,臺東縣,10014050,鹿野鄉,10014050-005,瑞隆村,-5,3,-2,22,26,12,5,108Y
10014,臺東縣,10014050,鹿野鄉,10014050-006,鹿野村,-20,-22,-42,48,66,18,22,108Y
10014,臺東縣,10014050,鹿野鄉,10014050-007,龍田村,-7,-11,-18,49,71,21,10,108Y
10014,臺東縣,10014060,池上鄉,10014060-001,福文村,-12,1,-11,54,55,30,28,108Y
10014,臺東縣,10014060,池上鄉,10014060-002,慶豐村,-3,13,10,33,29,36,27,108Y
10014,臺東縣,10014060,池上鄉,10014060-003,大坡村,-9,5,-4,6,5,8,4,108Y
10014,臺東縣,10014060,池上鄉,10014060-004,大埔村,0,-1,-1,32,30,16,19,108Y
10014,臺東縣,10014060,池上鄉,10014060-005,福原村,-7,5,-2,95,90,48,48,108Y
10014,臺東縣,10014060,池上鄉,10014060-006,錦園村,-8,0,-8,9,10,6,5,108Y
10014,臺東縣,10014060,池上鄉,10014060-007,新興村,-11,-22,-33,29,40,23,34,108Y
10014,臺東縣,10014060,池上鄉,10014060-008,萬安村,-3,-6,-9,8,13,12,13,108Y
10014,臺東縣,10014060,池上鄉,10014060-009,富興村,-2,-2,-4,11,12,5,6,108Y
10014,臺東縣,10014060,池上鄉,10014060-010,振興村,-7,11,4,24,13,7,7,108Y
10014,臺東縣,10014070,東河鄉,10014070-001,北源村,-27,-13,-40,95,98,14,24,108Y
10014,臺東縣,10014070,東河鄉,10014070-002,泰源村,-11,-10,-21,40,48,29,31,108Y
10014,臺東縣,10014070,東河鄉,10014070-003,東河村,-12,-3,-15,26,37,28,20,108Y
10014,臺東縣,10014070,東河鄉,10014070-004,尚德村,0,-5,-5,6,11,1,1,108Y
10014,臺東縣,10014070,東河鄉,10014070-005,隆昌村,-16,4,-12,16,12,6,6,108Y
10014,臺東縣,10014070,東河鄉,10014070-006,興昌村,-12,-5,-17,42,46,8,9,108Y
10014,臺東縣,10014070,東河鄉,10014070-007,都蘭村,-18,-2,-20,101,108,36,31,108Y
10014,臺東縣,10014080,長濱鄉,10014080-001,樟原村,-17,-26,-43,14,39,2,3,108Y
10014,臺東縣,10014080,長濱鄉,10014080-002,三間村,-18,-4,-22,37,49,12,4,108Y
10014,臺東縣,10014080,長濱鄉,10014080-003,忠勇村,-5,-9,-14,18,20,3,10,108Y
10014,臺東縣,10014080,長濱鄉,10014080-004,長濱村,-19,-1,-20,72,66,28,35,108Y
10014,臺東縣,10014080,長濱鄉,10014080-005,竹湖村,-17,6,-11,33,36,19,10,108Y
10014,臺東縣,10014080,長濱鄉,10014080-006,寧埔村,-21,-30,-51,52,80,10,12,108Y
10014,臺東縣,10014090,太麻里鄉,10014090-001,美和村,-6,-4,-10,56,58,14,16,108Y
10014,臺東縣,10014090,太麻里鄉,10014090-002,三和村,-14,-21,-35,14,40,16,11,108Y
10014,臺東縣,10014090,太麻里鄉,10014090-003,華源村,-3,-25,-28,8,29,14,18,108Y
10014,臺東縣,10014090,太麻里鄉,10014090-004,北里村,-4,12,8,33,25,17,13,108Y
10014,臺東縣,10014090,太麻里鄉,10014090-005,泰和村,-12,1,-11,56,51,23,27,108Y
10014,臺東縣,10014090,太麻里鄉,10014090-006,大王村,-15,-18,-33,54,70,39,41,108Y
10014,臺東縣,10014090,太麻里鄉,10014090-007,香蘭村,-17,7,-10,28,23,14,12,108Y
10014,臺東縣,10014090,太麻里鄉,10014090-008,金崙村,-8,-27,-35,60,86,35,36,108Y
10014,臺東縣,10014090,太麻里鄉,10014090-009,多良村,-5,-4,-9,36,42,24,22,108Y
10014,臺東縣,10014100,大武鄉,10014100-001,大竹村,-7,-14,-21,27,40,29,30,108Y
10014,臺東縣,10014100,大武鄉,10014100-002,大鳥村,4,-39,-35,22,59,31,33,108Y
10014,臺東縣,10014100,大武鄉,10014100-003,大武村,-2,-35,-37,53,92,34,30,108Y
10014,臺東縣,10014100,大武鄉,10014100-004,尚武村,-21,-55,-76,42,97,43,43,108Y
10014,臺東縣,10014100,大武鄉,10014100-005,南興村,-8,-18,-26,15,32,13,14,108Y
10014,臺東縣,10014110,綠島鄉,10014110-001,公館村,4,-39,-35,78,118,30,29,108Y
10014,臺東縣,10014110,綠島鄉,10014110-002,中寮村,-2,-35,-37,80,103,35,47,108Y
10014,臺東縣,10014110,綠島鄉,10014110-003,南寮村,9,11,20,135,135,46,35,108Y
10014,臺東縣,10014120,海端鄉,10014120-001,廣原村,4,-14,-10,27,36,17,22,108Y
10014,臺東縣,10014120,海端鄉,10014120-002,霧鹿村,-5,-5,-10,6,12,2,1,108Y
10014,臺東縣,10014120,海端鄉,10014120-003,利稻村,-1,-10,-11,11,19,2,4,108Y
10014,臺東縣,10014120,海端鄉,10014120-004,海端村,1,-16,-15,50,65,26,27,108Y
10014,臺東縣,10014120,海端鄉,10014120-005,崁頂村,3,-3,0,25,31,19,16,108Y
10014,臺東縣,10014120,海端鄉,10014120-006,加拿村,-9,-11,-20,18,33,13,9,108Y
10014,臺東縣,10014130,延平鄉,10014130-001,武陵村,-9,-20,-29,21,41,15,15,108Y
10014,臺東縣,10014130,延平鄉,10014130-002,永康村,0,-11,-11,13,23,2,3,108Y
10014,臺東縣,10014130,延平鄉,10014130-003,紅葉村,-5,-4,-9,15,20,5,4,108Y
10014,臺東縣,10014130,延平鄉,10014130-004,鸞山村,-3,-18,-21,19,38,4,3,108Y
10014,臺東縣,10014130,延平鄉,10014130-005,桃源村,1,-19,-18,50,68,28,29,108Y
10014,臺東縣,10014140,金峰鄉,10014140-001,新興村,4,-11,-7,35,43,12,15,108Y
10014,臺東縣,10014140,金峰鄉,10014140-002,正興村,4,-8,-4,16,23,12,13,108Y
10014,臺東縣,10014140,金峰鄉,10014140-003,嘉蘭村,1,-25,-24,30,55,15,15,108Y
10014,臺東縣,10014140,金峰鄉,10014140-004,賓茂村,-1,-6,-7,15,18,3,6,108Y
10014,臺東縣,10014140,金峰鄉,10014140-005,歷坵村,3,3,6,12,16,18,11,108Y
10014,臺東縣,10014150,達仁鄉,10014150-001,台村,-4,-8,-12,30,38,10,10,108Y
10014,臺東縣,10014150,達仁鄉,10014150-002,土村,-9,8,-1,30,22,13,13,108Y
10014,臺東縣,10014150,達仁鄉,10014150-003,新化村,-3,-7,-10,5,13,4,3,108Y
10014,臺東縣,10014150,達仁鄉,10014150-004,安朔村,3,-28,-25,26,47,20,27,108Y
10014,臺東縣,10014150,達仁鄉,10014150-005,森永村,-5,-23,-28,15,40,12,10,108Y
10014,臺東縣,10014150,達仁鄉,10014150-006,南田村,1,-6,-5,6,16,8,4,108Y
10014,臺東縣,10014160,蘭嶼鄉,10014160-001,東清村,15,-10,5,47,56,25,26,108Y
10014,臺東縣,10014160,蘭嶼鄉,10014160-002,朗島村,-3,-12,-15,35,45,16,18,108Y
10014,臺東縣,10014160,蘭嶼鄉,10014160-003,紅頭村,-1,2,1,90,93,20,15,108Y
10014,臺東縣,10014160,蘭嶼鄉,10014160-004,椰油村,-1,-20,-21,47,65,15,17,108Y
10014,臺東縣,10014010,臺東市,10014010-001,富岡里,-9,-4,-13,28,39,58,51,109Y
10014,臺東縣,10014010,臺東市,10014010-002,富豐里,1,13,14,44,34,27,24,109Y
10014,臺東縣,10014010,臺東市,10014010-003,岩灣里,-19,39,20,123,82,138,140,109Y
10014,臺東縣,10014010,臺東市,10014010-004,南王里,3,61,64,86,76,137,86,109Y
10014,臺東縣,10014010,臺東市,10014010-005,卑南里,-10,32,22,96,98,157,123,109Y
10014,臺東縣,10014010,臺東市,10014010-006,南榮里,-10,40,30,89,72,133,110,109Y
10014,臺東縣,10014010,臺東市,10014010-007,新生里,-19,38,19,198,257,396,299,109Y
10014,臺東縣,10014010,臺東市,10014010-008,民生里,-18,-15,-33,98,99,153,167,109Y
10014,臺東縣,10014010,臺東市,10014010-009,寶桑里,-8,-28,-36,30,39,40,59,109Y
10014,臺東縣,10014010,臺東市,10014010-010,馬蘭里,-2,-76,-78,106,98,206,290,109Y
10014,臺東縣,10014010,臺東市,10014010-011,中心里,-10,39,29,100,109,221,173,109Y
10014,臺東縣,10014010,臺東市,10014010-012,自強里,10,-16,-6,129,130,256,271,109Y
10014,臺東縣,10014010,臺東市,10014010-013,民族里,8,-77,-69,62,62,94,171,109Y
10014,臺東縣,10014010,臺東市,10014010-014,四維里,-2,-47,-49,20,33,16,50,109Y
10014,臺東縣,10014010,臺東市,10014010-015,中華里,-12,-38,-50,37,41,75,109,109Y
10014,臺東縣,10014010,臺東市,10014010-016,強國里,-4,6,2,18,16,35,31,109Y
10014,臺東縣,10014010,臺東市,10014010-017,建國里,-13,-46,-59,29,50,82,107,109Y
10014,臺東縣,10014010,臺東市,10014010-018,民權里,0,-38,-38,17,43,39,51,109Y
10014,臺東縣,10014010,臺東市,10014010-019,仁愛里,-6,-1,-7,17,15,30,33,109Y
10014,臺東縣,10014010,臺東市,10014010-020,中正里,-5,-18,-23,13,24,25,32,109Y
10014,臺東縣,10014010,臺東市,10014010-021,大同里,-5,25,20,27,16,46,32,109Y
10014,臺東縣,10014010,臺東市,10014010-022,成功里,-5,14,9,27,17,42,38,109Y
10014,臺東縣,10014010,臺東市,10014010-023,文化里,2,50,52,43,63,180,110,109Y
10014,臺東縣,10014010,臺東市,10014010-024,中山里,-1,-8,-9,24,28,54,58,109Y
10014,臺東縣,10014010,臺東市,10014010-025,復國里,1,-14,-13,10,22,25,27,109Y
10014,臺東縣,10014010,臺東市,10014010-026,興國里,3,-37,-34,21,22,53,89,109Y
10014,臺東縣,10014010,臺東市,10014010-027,復興里,-5,-32,-37,23,26,16,45,109Y
10014,臺東縣,10014010,臺東市,10014010-028,鐵花里,-2,-21,-23,6,9,6,24,109Y
10014,臺東縣,10014010,臺東市,10014010-029,新園里,-13,5,-8,49,51,46,39,109Y
10014,臺東縣,10014010,臺東市,10014010-030,豐田里,-7,109,102,110,83,168,86,109Y
10014,臺東縣,10014010,臺東市,10014010-031,豐年里,-6,32,26,153,142,175,154,109Y
10014,臺東縣,10014010,臺東市,10014010-032,光明里,-10,-4,-14,98,99,198,201,109Y
10014,臺東縣,10014010,臺東市,10014010-033,豐樂里,-5,0,-5,29,52,76,53,109Y
10014,臺東縣,10014010,臺東市,10014010-034,永樂里,-7,15,8,68,72,104,85,109Y
10014,臺東縣,10014010,臺東市,10014010-035,康樂里,-5,-5,-10,50,49,76,82,109Y
10014,臺東縣,10014010,臺東市,10014010-036,東海里,3,-56,-53,131,113,135,209,109Y
10014,臺東縣,10014010,臺東市,10014010-037,新興里,-7,-24,-31,20,33,41,52,109Y
10014,臺東縣,10014010,臺東市,10014010-038,豐榮里,-31,18,-13,284,280,409,395,109Y
10014,臺東縣,10014010,臺東市,10014010-039,豐谷里,-29,-53,-82,141,183,217,228,109Y
10014,臺東縣,10014010,臺東市,10014010-040,豐里里,-8,2,-6,57,54,90,91,109Y
10014,臺東縣,10014010,臺東市,10014010-041,豐原里,-7,10,3,34,35,61,50,109Y
10014,臺東縣,10014010,臺東市,10014010-042,建和里,-4,-12,-16,31,37,34,40,109Y
10014,臺東縣,10014010,臺東市,10014010-043,建興里,-9,9,0,20,22,31,20,109Y
10014,臺東縣,10014010,臺東市,10014010-044,建業里,-6,-21,-27,34,44,41,52,109Y
10014,臺東縣,10014010,臺東市,10014010-045,知本里,-3,2,-1,53,47,57,61,109Y
10014,臺東縣,10014010,臺東市,10014010-046,建農里,11,13,24,72,58,101,102,109Y
10014,臺東縣,10014020,成功鎮,10014020-001,博愛里,-19,10,-9,31,21,6,6,109Y
10014,臺東縣,10014020,成功鎮,10014020-002,忠孝里,-18,0,-18,24,31,19,12,109Y
10014,臺東縣,10014020,成功鎮,10014020-003,三仙里,-19,-31,-50,47,82,28,24,109Y
10014,臺東縣,10014020,成功鎮,10014020-004,三民里,-20,-17,-37,82,94,62,67,109Y
10014,臺東縣,10014020,成功鎮,10014020-005,忠智里,-18,-35,-53,54,71,45,63,109Y
10014,臺東縣,10014020,成功鎮,10014020-006,忠仁里,-16,-38,-54,38,84,70,62,109Y
10014,臺東縣,10014020,成功鎮,10014020-007,和平里,-15,11,-4,44,30,8,11,109Y
10014,臺東縣,10014020,成功鎮,10014020-008,信義里,-23,5,-18,75,77,39,32,109Y
10014,臺東縣,10014030,關山鎮,10014030-001,德高里,-8,-23,-31,51,59,35,50,109Y
10014,臺東縣,10014030,關山鎮,10014030-002,豐泉里,-13,16,3,68,64,26,14,109Y
10014,臺東縣,10014030,關山鎮,10014030-003,新福里,-10,1,-9,30,30,39,38,109Y
10014,臺東縣,10014030,關山鎮,10014030-004,中福里,-16,-18,-34,25,43,10,10,109Y
10014,臺東縣,10014030,關山鎮,10014030-005,里里,-19,-35,-54,79,111,29,32,109Y
10014,臺東縣,10014030,關山鎮,10014030-006,電光里,-8,3,-5,22,19,19,19,109Y
10014,臺東縣,10014030,關山鎮,10014030-007,月眉里,-9,-16,-25,21,42,12,7,109Y
10014,臺東縣,10014040,卑南鄉,10014040-001,嘉豐村,-2,-9,-11,15,24,1,1,109Y
10014,臺東縣,10014040,卑南鄉,10014040-002,利吉村,-3,14,11,32,18,3,3,109Y
10014,臺東縣,10014040,卑南鄉,10014040-003,富山村,-4,14,10,32,18,11,11,109Y
10014,臺東縣,10014040,卑南鄉,10014040-004,富源村,-4,-1,-5,11,13,4,3,109Y
10014,臺東縣,10014040,卑南鄉,10014040-005,明峰村,-3,-13,-16,40,46,12,19,109Y
10014,臺東縣,10014040,卑南鄉,10014040-006,初鹿村,-3,-16,-19,37,63,23,13,109Y
10014,臺東縣,10014040,卑南鄉,10014040-007,美農村,-12,-26,-38,56,78,28,32,109Y
10014,臺東縣,10014040,卑南鄉,10014040-008,賓朗村,-5,6,1,114,105,35,38,109Y
10014,臺東縣,10014040,卑南鄉,10014040-009,泰安村,-1,3,2,62,63,39,35,109Y
10014,臺東縣,10014040,卑南鄉,10014040-010,太平村,-10,9,-1,188,196,73,56,109Y
10014,臺東縣,10014040,卑南鄉,10014040-011,利嘉村,-19,2,-17,62,51,17,26,109Y
10014,臺東縣,10014040,卑南鄉,10014040-012,東興村,-14,-21,-35,43,66,30,28,109Y
10014,臺東縣,10014040,卑南鄉,10014040-013,溫泉村,-9,-44,-53,47,80,18,29,109Y
10014,臺東縣,10014050,鹿野鄉,10014050-001,瑞和村,-13,-7,-20,17,24,6,6,109Y
10014,臺東縣,10014050,鹿野鄉,10014050-002,瑞豐村,-15,-12,-27,48,57,15,18,109Y
10014,臺東縣,10014050,鹿野鄉,10014050-003,瑞源村,0,-11,-11,32,36,14,21,109Y
10014,臺東縣,10014050,鹿野鄉,10014050-004,永安村,-6,17,11,63,48,26,24,109Y
10014,臺東縣,10014050,鹿野鄉,10014050-005,瑞隆村,-8,-19,-27,24,41,15,17,109Y
10014,臺東縣,10014050,鹿野鄉,10014050-006,鹿野村,-19,-14,-33,39,63,28,18,109Y
10014,臺東縣,10014050,鹿野鄉,10014050-007,龍田村,-6,-30,-36,25,55,21,21,109Y
10014,臺東縣,10014060,池上鄉,10014060-001,福文村,-16,-11,-27,57,65,24,27,109Y
10014,臺東縣,10014060,池上鄉,10014060-002,慶豐村,2,8,10,17,16,15,8,109Y
10014,臺東縣,10014060,池上鄉,10014060-003,大坡村,0,2,2,8,6,4,4,109Y
10014,臺東縣,10014060,池上鄉,10014060-004,大埔村,1,-5,-4,29,34,10,10,109Y
10014,臺東縣,10014060,池上鄉,10014060-005,福原村,18,-25,-7,67,91,51,52,109Y
10014,臺東縣,10014060,池上鄉,10014060-006,錦園村,-5,-1,-6,16,20,15,12,109Y
10014,臺東縣,10014060,池上鄉,10014060-007,新興村,0,-21,-21,15,34,8,10,109Y
10014,臺東縣,10014060,池上鄉,10014060-008,萬安村,-4,-3,-7,2,4,6,7,109Y
10014,臺東縣,10014060,池上鄉,10014060-009,富興村,-8,7,-1,15,10,13,11,109Y
10014,臺東縣,10014060,池上鄉,10014060-010,振興村,-2,-5,-7,16,16,2,7,109Y
10014,臺東縣,10014070,東河鄉,10014070-001,北源村,-22,-20,-42,87,99,11,19,109Y
10014,臺東縣,10014070,東河鄉,10014070-002,泰源村,-15,-20,-35,38,57,16,17,109Y
10014,臺東縣,10014070,東河鄉,10014070-003,東河村,-14,-1,-15,31,45,23,10,109Y
10014,臺東縣,10014070,東河鄉,10014070-004,尚德村,-4,-6,-10,7,13,0,0,109Y
10014,臺東縣,10014070,東河鄉,10014070-005,隆昌村,-12,-9,-21,11,21,4,3,109Y
10014,臺東縣,10014070,東河鄉,10014070-006,興昌村,-11,6,-5,39,38,15,10,109Y
10014,臺東縣,10014070,東河鄉,10014070-007,都蘭村,-20,2,-18,94,82,39,49,109Y
10014,臺東縣,10014080,長濱鄉,10014080-001,樟原村,-11,2,-9,15,17,5,1,109Y
10014,臺東縣,10014080,長濱鄉,10014080-002,三間村,-14,19,5,41,31,15,6,109Y
10014,臺東縣,10014080,長濱鄉,10014080-003,忠勇村,-7,10,3,20,13,7,4,109Y
10014,臺東縣,10014080,長濱鄉,10014080-004,長濱村,-30,-10,-40,70,67,19,32,109Y
10014,臺東縣,10014080,長濱鄉,10014080-005,竹湖村,-6,-14,-20,19,29,7,11,109Y
10014,臺東縣,10014080,長濱鄉,10014080-006,寧埔村,-16,-18,-34,29,48,15,14,109Y
10014,臺東縣,10014090,太麻里鄉,10014090-001,美和村,-13,3,-10,52,54,25,20,109Y
10014,臺東縣,10014090,太麻里鄉,10014090-002,三和村,-5,-15,-20,18,30,5,8,109Y
10014,臺東縣,10014090,太麻里鄉,10014090-003,華源村,-11,-7,-18,17,21,7,10,109Y
10014,臺東縣,10014090,太麻里鄉,10014090-004,北里村,-1,12,11,26,25,27,16,109Y
10014,臺東縣,10014090,太麻里鄉,10014090-005,泰和村,-8,-19,-27,34,45,33,41,109Y
10014,臺東縣,10014090,太麻里鄉,10014090-006,大王村,-15,6,-9,74,64,53,57,109Y
10014,臺東縣,10014090,太麻里鄉,10014090-007,香蘭村,1,11,12,24,14,13,12,109Y
10014,臺東縣,10014090,太麻里鄉,10014090-008,金崙村,-2,5,3,95,90,33,33,109Y
10014,臺東縣,10014090,太麻里鄉,10014090-009,多良村,-6,5,-1,45,41,21,20,109Y
10014,臺東縣,10014100,大武鄉,10014100-001,大竹村,-3,-21,-24,25,38,21,29,109Y
10014,臺東縣,10014100,大武鄉,10014100-002,大鳥村,-12,-35,-47,28,63,20,20,109Y
10014,臺東縣,10014100,大武鄉,10014100-003,大武村,-9,-13,-22,67,76,22,26,109Y
10014,臺東縣,10014100,大武鄉,10014100-004,尚武村,-11,-8,-19,57,74,45,36,109Y
10014,臺東縣,10014100,大武鄉,10014100-005,南興村,0,-12,-12,21,36,15,12,109Y
10014,臺東縣,10014110,綠島鄉,10014110-001,公館村,3,-10,-7,87,102,39,34,109Y
10014,臺東縣,10014110,綠島鄉,10014110-002,中寮村,1,-25,-24,77,103,29,28,109Y
10014,臺東縣,10014110,綠島鄉,10014110-003,南寮村,0,12,12,120,102,48,54,109Y
10014,臺東縣,10014120,海端鄉,10014120-001,廣原村,-4,-3,-7,27,34,21,17,109Y
10014,臺東縣,10014120,海端鄉,10014120-002,霧鹿村,-1,-4,-5,7,14,4,1,109Y
10014,臺東縣,10014120,海端鄉,10014120-003,利稻村,4,-13,-9,4,14,2,5,109Y
10014,臺東縣,10014120,海端鄉,10014120-004,海端村,-1,-14,-15,41,44,20,31,109Y
10014,臺東縣,10014120,海端鄉,10014120-005,崁頂村,0,10,10,43,32,17,18,109Y
10014,臺東縣,10014120,海端鄉,10014120-006,加拿村,-1,12,11,33,29,23,15,109Y
10014,臺東縣,10014130,延平鄉,10014130-001,武陵村,-6,22,16,45,28,14,9,109Y
10014,臺東縣,10014130,延平鄉,10014130-002,永康村,-2,1,-1,16,15,14,14,109Y
10014,臺東縣,10014130,延平鄉,10014130-003,紅葉村,2,0,2,31,31,7,7,109Y
10014,臺東縣,10014130,延平鄉,10014130-004,鸞山村,-1,-9,-10,35,37,10,17,109Y
10014,臺東縣,10014130,延平鄉,10014130-005,桃源村,4,-2,2,38,42,31,29,109Y
10014,臺東縣,10014140,金峰鄉,10014140-001,新興村,8,-3,5,19,23,3,2,109Y
10014,臺東縣,10014140,金峰鄉,10014140-002,正興村,3,-12,-9,18,33,7,4,109Y
10014,臺東縣,10014140,金峰鄉,10014140-003,嘉蘭村,6,1,7,64,61,23,25,109Y
10014,臺東縣,10014140,金峰鄉,10014140-004,賓茂村,-3,1,-2,20,18,5,6,109Y
10014,臺東縣,10014140,金峰鄉,10014140-005,歷坵村,-2,-3,-5,16,18,12,13,109Y
10014,臺東縣,10014150,達仁鄉,10014150-001,台村,-4,20,16,35,17,18,16,109Y
10014,臺東縣,10014150,達仁鄉,10014150-002,土村,-2,-18,-20,24,41,16,17,109Y
10014,臺東縣,10014150,達仁鄉,10014150-003,新化村,0,2,2,15,12,8,9,109Y
10014,臺東縣,10014150,達仁鄉,10014150-004,安朔村,3,-18,-15,22,38,15,17,109Y
10014,臺東縣,10014150,達仁鄉,10014150-005,森永村,-2,-27,-29,18,33,11,23,109Y
10014,臺東縣,10014150,達仁鄉,10014150-006,南田村,-3,39,36,34,9,24,10,109Y
10014,臺東縣,10014160,蘭嶼鄉,10014160-001,東清村,2,38,40,95,53,48,52,109Y
10014,臺東縣,10014160,蘭嶼鄉,10014160-002,朗島村,4,18,22,34,19,36,33,109Y
10014,臺東縣,10014160,蘭嶼鄉,10014160-003,紅頭村,3,28,31,116,89,42,41,109Y
10014,臺東縣,10014160,蘭嶼鄉,10014160-004,椰油村,5,24,29,86,62,12,12,109Y
10014,臺東縣,10014010,臺東市,10014010-001,富岡里,-14,-13,-27,62,77,111,109,110Y
10014,臺東縣,10014010,臺東市,10014010-003,岩灣里,-3,-38,-41,112,148,126,128,110Y
10014,臺東縣,10014010,臺東市,10014010-004,南王里,-9,76,67,111,93,143,85,110Y
10014,臺東縣,10014010,臺東市,10014010-005,卑南里,-10,78,68,99,110,203,114,110Y
10014,臺東縣,10014010,臺東市,10014010-006,南榮里,3,-11,-8,106,110,124,131,110Y
10014,臺東縣,10014010,臺東市,10014010-007,新生里,-29,26,-3,162,215,304,225,110Y
10014,臺東縣,10014010,臺東市,10014010-008,民生里,-11,-42,-53,88,145,156,141,110Y
10014,臺東縣,10014010,臺東市,10014010-009,寶桑里,-8,0,-8,31,41,58,48,110Y
10014,臺東縣,10014010,臺東市,10014010-010,馬蘭里,-4,-84,-88,101,115,159,229,110Y
10014,臺東縣,10014010,臺東市,10014010-011,中心里,-8,-84,-92,112,153,164,207,110Y
10014,臺東縣,10014010,臺東市,10014010-012,自強里,15,-81,-66,143,184,221,261,110Y
10014,臺東縣,10014010,臺東市,10014010-013,民族里,-1,3,2,105,114,169,157,110Y
10014,臺東縣,10014010,臺東市,10014010-015,中華里,-16,-55,-71,63,69,101,150,110Y
10014,臺東縣,10014010,臺東市,10014010-017,建國里,-16,4,-12,47,45,75,73,110Y
10014,臺東縣,10014010,臺東市,10014010-020,中正里,-7,-59,-66,27,61,57,82,110Y
10014,臺東縣,10014010,臺東市,10014010-022,成功里,-18,-14,-32,39,52,75,76,110Y
10014,臺東縣,10014010,臺東市,10014010-023,文化里,-7,-56,-63,38,88,172,178,110Y
10014,臺東縣,10014010,臺東市,10014010-024,中山里,1,-74,-73,34,56,65,117,110Y
10014,臺東縣,10014010,臺東市,10014010-029,新園里,-23,11,-12,56,52,70,63,110Y
10014,臺東縣,10014010,臺東市,10014010-030,豐田里,-16,87,71,117,88,154,96,110Y
10014,臺東縣,10014010,臺東市,10014010-031,豐年里,5,42,47,141,128,180,151,110Y
10014,臺東縣,10014010,臺東市,10014010-032,光明里,3,-55,-52,102,160,173,170,110Y
10014,臺東縣,10014010,臺東市,10014010-033,豐樂里,-1,-26,-27,20,57,62,51,110Y
10014,臺東縣,10014010,臺東市,10014010-034,永樂里,-7,-6,-13,65,81,115,105,110Y
10014,臺東縣,10014010,臺東市,10014010-035,康樂里,-4,9,5,68,49,75,85,110Y
10014,臺東縣,10014010,臺東市,10014010-036,東海里,-2,-104,-106,69,105,140,208,110Y
10014,臺東縣,10014010,臺東市,10014010-037,新興里,-13,-67,-80,20,65,45,67,110Y
10014,臺東縣,10014010,臺東市,10014010-038,豐榮里,-1,79,78,224,187,329,287,110Y
10014,臺東縣,10014010,臺東市,10014010-039,豐谷里,-18,-4,-22,103,128,205,184,110Y
10014,臺東縣,10014010,臺東市,10014010-040,豐里里,-16,-17,-33,74,79,100,112,110Y
10014,臺東縣,10014010,臺東市,10014010-041,豐原里,-9,-15,-24,33,30,49,67,110Y
10014,臺東縣,10014010,臺東市,10014010-042,建和里,0,-11,-11,44,48,51,58,110Y
10014,臺東縣,10014010,臺東市,10014010-043,建興里,7,-8,-1,31,43,39,35,110Y
10014,臺東縣,10014010,臺東市,10014010-045,知本里,-10,-7,-17,54,61,79,79,110Y
10014,臺東縣,10014010,臺東市,10014010-046,建農里,-9,-22,-31,59,63,66,84,110Y
10014,臺東縣,10014010,臺東市,10014010-047,仁和里,-4,-21,-25,39,60,74,74,110Y
10014,臺東縣,10014010,臺東市,10014010-048,豐安里,-2,46,44,39,49,100,44,110Y
10014,臺東縣,10014010,臺東市,10014010-049,豐盛里,-2,5,3,46,72,108,77,110Y
10014,臺東縣,10014020,成功鎮,10014020-001,博愛里,-10,-11,-21,28,35,4,8,110Y
10014,臺東縣,10014020,成功鎮,10014020-002,忠孝里,-5,-26,-31,30,47,18,27,110Y
10014,臺東縣,10014020,成功鎮,10014020-003,三仙里,-24,-27,-51,42,45,26,50,110Y
10014,臺東縣,10014020,成功鎮,10014020-004,三民里,-26,15,-11,81,85,85,66,110Y
10014,臺東縣,10014020,成功鎮,10014020-005,忠智里,-10,25,15,59,63,86,57,110Y
10014,臺東縣,10014020,成功鎮,10014020-006,忠仁里,-26,-21,-47,73,80,46,60,110Y
10014,臺東縣,10014020,成功鎮,10014020-007,和平里,-13,1,-12,34,30,21,24,110Y
10014,臺東縣,10014020,成功鎮,10014020-008,信義里,-25,6,-19,78,78,23,17,110Y
10014,臺東縣,10014030,關山鎮,10014030-001,德高里,-22,12,-10,64,60,29,21,110Y
10014,臺東縣,10014030,關山鎮,10014030-002,豐泉里,0,-20,-20,63,77,26,32,110Y
10014,臺東縣,10014030,關山鎮,10014030-003,新福里,-13,-7,-20,41,53,20,15,110Y
10014,臺東縣,10014030,關山鎮,10014030-004,中福里,-7,-2,-9,36,38,17,17,110Y
10014,臺東縣,10014030,關山鎮,10014030-005,里■里,-26,-15,-41,67,88,42,36,110Y
10014,臺東縣,10014030,關山鎮,10014030-006,電光里,-6,-4,-10,11,14,8,9,110Y
10014,臺東縣,10014030,關山鎮,10014030-007,月眉里,-8,-18,-26,18,24,3,15,110Y
10014,臺東縣,10014040,卑南鄉,10014040-001,嘉豐村,-4,9,5,23,12,1,3,110Y
10014,臺東縣,10014040,卑南鄉,10014040-002,利吉村,-6,-2,-8,33,38,7,4,110Y
10014,臺東縣,10014040,卑南鄉,10014040-003,富山村,-2,-14,-16,23,37,4,4,110Y
10014,臺東縣,10014040,卑南鄉,10014040-004,富源村,-1,-6,-7,11,17,1,1,110Y
10014,臺東縣,10014040,卑南鄉,10014040-005,明峰村,-12,-8,-20,41,52,27,24,110Y
10014,臺東縣,10014040,卑南鄉,10014040-006,初鹿村,-4,-15,-19,42,48,11,20,110Y
10014,臺東縣,10014040,卑南鄉,10014040-007,美農村,-8,-18,-26,62,77,12,15,110Y
10014,臺東縣,10014040,卑南鄉,10014040-008,賓朗村,-15,-34,-49,101,116,26,45,110Y
10014,臺東縣,10014040,卑南鄉,10014040-009,泰安村,2,-21,-19,48,69,27,27,110Y
10014,臺東縣,10014040,卑南鄉,10014040-010,太平村,-4,45,41,214,211,74,32,110Y
10014,臺東縣,10014040,卑南鄉,10014040-011,利嘉村,-7,12,5,74,53,11,20,110Y
10014,臺東縣,10014040,卑南鄉,10014040-012,東興村,-3,7,4,57,53,37,34,110Y
10014,臺東縣,10014040,卑南鄉,10014040-013,溫泉村,-14,-7,-21,96,94,11,20,110Y
10014,臺東縣,10014050,鹿野鄉,10014050-001,瑞和村,-5,-2,-7,20,21,1,2,110Y
10014,臺東縣,10014050,鹿野鄉,10014050-002,瑞豐村,-5,6,1,59,47,16,22,110Y
10014,臺東縣,10014050,鹿野鄉,10014050-003,瑞源村,-12,-16,-28,24,40,16,16,110Y
10014,臺東縣,10014050,鹿野鄉,10014050-004,永安村,-17,-21,-38,52,65,38,46,110Y
10014,臺東縣,10014050,鹿野鄉,10014050-005,瑞隆村,-13,-9,-22,26,39,15,11,110Y
10014,臺東縣,10014050,鹿野鄉,10014050-006,鹿野村,-17,-29,-46,39,70,24,22,110Y
10014,臺東縣,10014050,鹿野鄉,10014050-007,龍田村,-7,19,12,52,42,25,16,110Y
10014,臺東縣,10014060,池上鄉,10014060-001,福文村,-15,-7,-22,41,51,8,5,110Y
10014,臺東縣,10014060,池上鄉,10014060-002,慶豐村,-9,3,-6,18,23,17,9,110Y
10014,臺東縣,10014060,池上鄉,10014060-003,大坡村,-6,-1,-7,4,5,5,5,110Y
10014,臺東縣,10014060,池上鄉,10014060-004,大埔村,0,4,4,32,28,6,6,110Y
10014,臺東縣,10014060,池上鄉,10014060-005,福原村,-5,-27,-32,87,105,25,34,110Y
10014,臺東縣,10014060,池上鄉,10014060-006,錦園村,1,-8,-7,6,14,8,8,110Y
10014,臺東縣,10014060,池上鄉,10014060-007,新興村,-3,21,18,44,25,4,2,110Y
10014,臺東縣,10014060,池上鄉,10014060-008,萬安村,-4,9,5,17,6,1,3,110Y
10014,臺東縣,10014060,池上鄉,10014060-009,富興村,-2,-7,-9,10,15,3,5,110Y
10014,臺東縣,10014060,池上鄉,10014060-010,振興村,-8,9,1,22,13,1,1,110Y
10014,臺東縣,10014070,東河鄉,10014070-001,北源村,-25,3,-22,88,88,14,11,110Y
10014,臺東縣,10014070,東河鄉,10014070-002,泰源村,-7,-22,-29,36,47,21,32,110Y
10014,臺東縣,10014070,東河鄉,10014070-003,東河村,-15,13,-2,55,48,14,8,110Y
10014,臺東縣,10014070,東河鄉,10014070-004,尚德村,-5,-5,-10,12,17,2,2,110Y
10014,臺東縣,10014070,東河鄉,10014070-005,隆昌村,-8,-8,-16,21,30,1,0,110Y
10014,臺東縣,10014070,東河鄉,10014070-006,興昌村,-16,10,-6,45,34,6,7,110Y
10014,臺東縣,10014070,東河鄉,10014070-007,都蘭村,-23,26,3,126,102,23,21,110Y
10014,臺東縣,10014080,長濱鄉,10014080-001,樟原村,-13,-6,-19,21,30,9,6,110Y
10014,臺東縣,10014080,長濱鄉,10014080-002,三間村,-17,-29,-46,48,65,26,38,110Y
10014,臺東縣,10014080,長濱鄉,10014080-003,忠勇村,-11,-18,-29,24,29,12,25,110Y
10014,臺東縣,10014080,長濱鄉,10014080-004,長濱村,-26,44,18,84,56,48,32,110Y
10014,臺東縣,10014080,長濱鄉,10014080-005,竹湖村,-17,-21,-38,28,45,5,9,110Y
10014,臺東縣,10014080,長濱鄉,10014080-006,寧埔村,-19,16,-3,45,39,15,5,110Y
10014,臺東縣,10014090,太麻里鄉,10014090-001,美和村,-10,-9,-19,43,50,15,17,110Y
10014,臺東縣,10014090,太麻里鄉,10014090-002,三和村,-8,1,-7,27,28,4,2,110Y
10014,臺東縣,10014090,太麻里鄉,10014090-003,華源村,-11,13,2,25,14,8,6,110Y
10014,臺東縣,10014090,太麻里鄉,10014090-004,北里村,-11,-13,-24,32,35,9,19,110Y
10014,臺東縣,10014090,太麻里鄉,10014090-005,泰和村,-8,-22,-30,40,74,26,14,110Y
10014,臺東縣,10014090,太麻里鄉,10014090-006,大王村,-12,-36,-48,70,99,24,31,110Y
10014,臺東縣,10014090,太麻里鄉,10014090-007,香蘭村,-9,5,-4,31,23,16,19,110Y
10014,臺東縣,10014090,太麻里鄉,10014090-008,金崙村,-7,25,18,95,68,49,51,110Y
10014,臺東縣,10014090,太麻里鄉,10014090-009,多良村,-4,13,9,45,40,23,15,110Y
10014,臺東縣,10014100,大武鄉,10014100-001,大竹村,-7,-4,-11,49,46,31,38,110Y
10014,臺東縣,10014100,大武鄉,10014100-002,大鳥村,-10,-2,-12,41,45,33,31,110Y
10014,臺東縣,10014100,大武鄉,10014100-003,大武村,-14,6,-8,95,90,44,43,110Y
10014,臺東縣,10014100,大武鄉,10014100-004,尚武村,-9,-39,-48,43,89,44,37,110Y
10014,臺東縣,10014100,大武鄉,10014100-005,南興村,4,16,20,41,22,15,18,110Y
10014,臺東縣,10014110,綠島鄉,10014110-001,公館村,-2,-9,-11,95,86,21,39,110Y
10014,臺東縣,10014110,綠島鄉,10014110-002,中寮村,10,-5,5,90,84,56,67,110Y
10014,臺東縣,10014110,綠島鄉,10014110-003,南寮村,3,111,114,193,111,79,50,110Y
10014,臺東縣,10014120,海端鄉,10014120-001,廣原村,0,-7,-7,41,46,19,21,110Y
10014,臺東縣,10014120,海端鄉,10014120-002,霧鹿村,-2,16,14,28,12,13,13,110Y
10014,臺東縣,10014120,海端鄉,10014120-003,利稻村,5,-1,4,16,18,4,3,110Y
10014,臺東縣,10014120,海端鄉,10014120-004,海端村,-1,15,14,69,54,32,32,110Y
10014,臺東縣,10014120,海端鄉,10014120-005,崁頂村,8,21,29,45,22,14,16,110Y
10014,臺東縣,10014120,海端鄉,10014120-006,加拿村,-6,14,8,32,21,15,12,110Y
10014,臺東縣,10014130,延平鄉,10014130-001,武陵村,6,6,12,43,36,12,13,110Y
10014,臺東縣,10014130,延平鄉,10014130-002,永康村,0,18,18,24,8,3,1,110Y
10014,臺東縣,10014130,延平鄉,10014130-003,紅葉村,-3,-5,-8,22,25,1,3,110Y
10014,臺東縣,10014130,延平鄉,10014130-004,鸞山村,-1,10,9,51,34,14,21,110Y
10014,臺東縣,10014130,延平鄉,10014130-005,桃源村,0,24,24,55,39,40,32,110Y
10014,臺東縣,10014140,金峰鄉,10014140-001,新興村,-3,19,16,37,19,11,10,110Y
10014,臺東縣,10014140,金峰鄉,10014140-002,正興村,0,0,0,22,22,3,3,110Y
10014,臺東縣,10014140,金峰鄉,10014140-003,嘉蘭村,9,13,22,76,67,21,17,110Y
10014,臺東縣,10014140,金峰鄉,10014140-004,賓茂村,1,-6,-5,16,19,4,7,110Y
10014,臺東縣,10014140,金峰鄉,10014140-005,歷坵村,-5,0,-5,15,13,7,9,110Y
10014,臺東縣,10014150,達仁鄉,10014150-001,台■村,-2,-4,-6,33,38,20,19,110Y
10014,臺東縣,10014150,達仁鄉,10014150-002,土■村,-2,-13,-15,34,46,29,30,110Y
10014,臺東縣,10014150,達仁鄉,10014150-003,新化村,-1,15,14,25,10,3,3,110Y
10014,臺東縣,10014150,達仁鄉,10014150-004,安朔村,-5,3,-2,36,39,14,8,110Y
10014,臺東縣,10014150,達仁鄉,10014150-005,森永村,-3,-9,-12,18,21,8,14,110Y
10014,臺東縣,10014150,達仁鄉,10014150-006,南田村,-4,-12,-16,7,19,5,5,110Y
10014,臺東縣,10014160,蘭嶼鄉,10014160-001,東清村,2,15,17,77,56,28,34,110Y
10014,臺東縣,10014160,蘭嶼鄉,10014160-002,朗島村,-2,0,-2,24,26,6,4,110Y
10014,臺東縣,10014160,蘭嶼鄉,10014160-003,紅頭村,6,10,16,69,61,25,23,110Y
10014,臺東縣,10014160,蘭嶼鄉,10014160-004,椰油村,-2,-1,-3,59,62,22,20,110Y
10014,臺東縣,10014010,臺東市,10014010-001,富岡里,-21,-31,-52,82,100,146,159,111Y
10014,臺東縣,10014010,臺東市,10014010-003,岩灣里,-12,33,21,118,106,154,133,111Y
10014,臺東縣,10014010,臺東市,10014010-004,南王里,3,9,12,85,107,118,87,111Y
10014,臺東縣,10014010,臺東市,10014010-005,卑南里,-2,29,27,107,88,114,104,111Y
10014,臺東縣,10014010,臺東市,10014010-006,南榮里,-21,77,56,110,106,177,104,111Y
10014,臺東縣,10014010,臺東市,10014010-007,新生里,-11,15,4,166,145,191,197,111Y
10014,臺東縣,10014010,臺東市,10014010-008,民生里,-11,-26,-37,77,115,130,118,111Y
10014,臺東縣,10014010,臺東市,10014010-009,寶桑里,-13,38,25,42,32,89,61,111Y
10014,臺東縣,10014010,臺東市,10014010-010,馬蘭里,4,-58,-54,86,120,179,203,111Y
10014,臺東縣,10014010,臺東市,10014010-011,中心里,-11,-66,-77,108,141,175,208,111Y
10014,臺東縣,10014010,臺東市,10014010-012,自強里,6,-69,-63,126,156,218,257,111Y
10014,臺東縣,10014010,臺東市,10014010-013,民族里,3,-86,-83,132,149,160,229,111Y
10014,臺東縣,10014010,臺東市,10014010-015,中華里,-16,25,9,84,72,128,115,111Y
10014,臺東縣,10014010,臺東市,10014010-017,建國里,-13,-8,-21,51,55,63,67,111Y
10014,臺東縣,10014010,臺東市,10014010-020,中正里,-21,-71,-92,46,90,91,118,111Y
10014,臺東縣,10014010,臺東市,10014010-022,成功里,-21,-2,-23,74,88,111,99,111Y
10014,臺東縣,10014010,臺東市,10014010-023,文化里,-9,-17,-26,80,96,203,204,111Y
10014,臺東縣,10014010,臺東市,10014010-024,中山里,-11,-125,-136,50,57,74,192,111Y
10014,臺東縣,10014010,臺東市,10014010-029,新園里,-17,26,9,73,56,71,62,111Y
10014,臺東縣,10014010,臺東市,10014010-030,豐田里,-16,11,-5,85,98,96,72,111Y
10014,臺東縣,10014010,臺東市,10014010-031,豐年里,-3,-6,-9,121,137,157,147,111Y
10014,臺東縣,10014010,臺東市,10014010-032,光明里,1,-63,-62,99,150,143,155,111Y
10014,臺東縣,10014010,臺東市,10014010-033,豐樂里,0,-11,-11,40,60,78,69,111Y
10014,臺東縣,10014010,臺東市,10014010-034,永樂里,-2,-5,-7,87,89,130,133,111Y
10014,臺東縣,10014010,臺東市,10014010-035,康樂里,-2,20,18,63,57,87,73,111Y
10014,臺東縣,10014010,臺東市,10014010-036,東海里,6,-46,-40,72,57,105,166,111Y
10014,臺東縣,10014010,臺東市,10014010-037,新興里,-19,-41,-60,50,55,69,105,111Y
10014,臺東縣,10014010,臺東市,10014010-038,豐榮里,-5,0,-5,106,107,143,142,111Y
10014,臺東縣,10014010,臺東市,10014010-039,豐谷里,-19,-45,-64,102,127,139,159,111Y
10014,臺東縣,10014010,臺東市,10014010-040,豐里里,-14,-20,-34,71,63,91,119,111Y
10014,臺東縣,10014010,臺東市,10014010-041,豐原里,-13,-6,-19,31,39,62,60,111Y
10014,臺東縣,10014010,臺東市,10014010-042,建和里,-19,-5,-24,48,53,50,50,111Y
10014,臺東縣,10014010,臺東市,10014010-043,建興里,-5,26,21,52,39,51,38,111Y
10014,臺東縣,10014010,臺東市,10014010-045,知本里,-27,-13,-40,84,95,92,94,111Y
10014,臺東縣,10014010,臺東市,10014010-046,建農里,-3,14,11,67,65,109,97,111Y
10014,臺東縣,10014010,臺東市,10014010-047,仁和里,-19,-10,-29,102,124,163,151,111Y
10014,臺東縣,10014010,臺東市,10014010-048,豐安里,-8,167,159,117,101,242,91,111Y
10014,臺東縣,10014010,臺東市,10014010-049,豐盛里,1,9,10,94,124,181,142,111Y
10014,臺東縣,10014020,成功鎮,10014020-001,博愛里,-10,-4,-14,25,29,2,2,111Y
10014,臺東縣,10014020,成功鎮,10014020-002,忠孝里,-15,1,-14,43,35,16,23,111Y
10014,臺東縣,10014020,成功鎮,10014020-003,三仙里,-26,6,-20,48,33,28,37,111Y
10014,臺東縣,10014020,成功鎮,10014020-004,三民里,-28,0,-28,105,101,74,78,111Y
10014,臺東縣,10014020,成功鎮,10014020-005,忠智里,-14,44,30,88,69,74,49,111Y
10014,臺東縣,10014020,成功鎮,10014020-006,忠仁里,-21,1,-20,99,91,43,50,111Y
10014,臺東縣,10014020,成功鎮,10014020-007,和平里,-14,-14,-28,33,48,10,9,111Y
10014,臺東縣,10014020,成功鎮,10014020-008,信義里,-31,7,-24,88,82,24,23,111Y
10014,臺東縣,10014030,關山鎮,10014030-001,德高里,-24,-10,-34,60,63,26,33,111Y
10014,臺東縣,10014030,關山鎮,10014030-002,豐泉里,-10,-9,-19,53,65,29,26,111Y
10014,臺東縣,10014030,關山鎮,10014030-003,新福里,-1,-7,-8,40,53,26,20,111Y
10014,臺東縣,10014030,關山鎮,10014030-004,中福里,-5,6,1,40,34,11,11,111Y
10014,臺東縣,10014030,關山鎮,10014030-005,里?里,-10,-27,-37,74,96,33,38,111Y
10014,臺東縣,10014030,關山鎮,10014030-006,電光里,-5,5,0,16,16,10,5,111Y
10014,臺東縣,10014030,關山鎮,10014030-007,月眉里,-10,-2,-12,22,22,13,15,111Y
10014,臺東縣,10014040,卑南鄉,10014040-001,嘉豐村,-10,14,4,29,13,1,3,111Y
10014,臺東縣,10014040,卑南鄉,10014040-002,利吉村,-8,6,-2,35,31,5,3,111Y
10014,臺東縣,10014040,卑南鄉,10014040-003,富山村,-2,-5,-7,27,31,5,6,111Y
10014,臺東縣,10014040,卑南鄉,10014040-004,富源村,-7,5,-2,19,13,0,1,111Y
10014,臺東縣,10014040,卑南鄉,10014040-005,明峰村,-9,-10,-19,38,51,11,8,111Y
10014,臺東縣,10014040,卑南鄉,10014040-006,初鹿村,-10,1,-9,44,45,11,9,111Y
10014,臺東縣,10014040,卑南鄉,10014040-007,美農村,-17,-9,-26,66,67,18,26,111Y
10014,臺東縣,10014040,卑南鄉,10014040-008,賓朗村,-14,-34,-48,82,114,35,37,111Y
10014,臺東縣,10014040,卑南鄉,10014040-009,泰安村,5,37,42,74,36,22,23,111Y
10014,臺東縣,10014040,卑南鄉,10014040-010,太平村,-3,79,76,260,191,51,41,111Y
10014,臺東縣,10014040,卑南鄉,10014040-011,利嘉村,-12,16,4,71,52,13,16,111Y
10014,臺東縣,10014040,卑南鄉,10014040-012,東興村,2,5,7,41,39,18,15,111Y
10014,臺東縣,10014040,卑南鄉,10014040-013,溫泉村,-20,13,-7,102,87,12,14,111Y
10014,臺東縣,10014050,鹿野鄉,10014050-001,瑞和村,-9,-10,-19,18,25,4,7,111Y
10014,臺東縣,10014050,鹿野鄉,10014050-002,瑞豐村,-7,-17,-24,40,48,2,11,111Y
10014,臺東縣,10014050,鹿野鄉,10014050-003,瑞源村,-11,-8,-19,26,36,14,12,111Y
10014,臺東縣,10014050,鹿野鄉,10014050-004,永安村,-22,-28,-50,56,74,10,20,111Y
10014,臺東縣,10014050,鹿野鄉,10014050-005,瑞隆村,-17,-7,-24,25,38,22,16,111Y
10014,臺東縣,10014050,鹿野鄉,10014050-006,鹿野村,-14,-7,-21,43,59,35,26,111Y
10014,臺東縣,10014050,鹿野鄉,10014050-007,龍田村,-20,9,-11,48,44,25,20,111Y
10014,臺東縣,10014060,池上鄉,10014060-001,福文村,-15,-6,-21,50,52,16,20,111Y
10014,臺東縣,10014060,池上鄉,10014060-002,慶豐村,3,22,25,30,23,22,7,111Y
10014,臺東縣,10014060,池上鄉,10014060-003,大坡村,-4,8,4,16,5,9,12,111Y
10014,臺東縣,10014060,池上鄉,10014060-004,大埔村,-10,7,-3,30,28,9,4,111Y
10014,臺東縣,10014060,池上鄉,10014060-005,福原村,-3,-12,-15,88,93,31,38,111Y
10014,臺東縣,10014060,池上鄉,10014060-006,錦園村,-6,5,-1,15,9,5,6,111Y
10014,臺東縣,10014060,池上鄉,10014060-007,新興村,-3,14,11,45,29,7,9,111Y
10014,臺東縣,10014060,池上鄉,10014060-008,萬安村,-2,22,20,30,9,6,5,111Y
10014,臺東縣,10014060,池上鄉,10014060-009,富興村,-6,-8,-14,9,13,2,6,111Y
10014,臺東縣,10014060,池上鄉,10014060-010,振興村,-5,18,13,37,19,2,2,111Y
10014,臺東縣,10014070,東河鄉,10014070-001,北源村,-26,-20,-46,87,97,14,24,111Y
10014,臺東縣,10014070,東河鄉,10014070-002,泰源村,-17,12,-5,56,45,19,18,111Y
10014,臺東縣,10014070,東河鄉,10014070-003,東河村,-13,39,26,69,44,22,8,111Y
10014,臺東縣,10014070,東河鄉,10014070-004,尚德村,-7,-6,-13,7,14,1,0,111Y
10014,臺東縣,10014070,東河鄉,10014070-005,隆昌村,-9,1,-8,36,29,3,9,111Y
10014,臺東縣,10014070,東河鄉,10014070-006,興昌村,-16,34,18,73,41,6,4,111Y
10014,臺東縣,10014070,東河鄉,10014070-007,都蘭村,-29,11,-18,117,104,29,31,111Y
10014,臺東縣,10014080,長濱鄉,10014080-001,樟原村,-11,-5,-16,25,32,12,10,111Y
10014,臺東縣,10014080,長濱鄉,10014080-002,三間村,-18,7,-11,48,39,19,21,111Y
10014,臺東縣,10014080,長濱鄉,10014080-003,忠勇村,-15,-18,-33,26,35,14,23,111Y
10014,臺東縣,10014080,長濱鄉,10014080-004,長濱村,-39,26,-13,95,70,50,49,111Y
10014,臺東縣,10014080,長濱鄉,10014080-005,竹湖村,-15,18,3,46,32,15,11,111Y
10014,臺東縣,10014080,長濱鄉,10014080-006,寧埔村,-23,35,12,72,41,10,6,111Y
10014,臺東縣,10014090,太麻里鄉,10014090-001,美和村,-7,-17,-24,43,53,10,17,111Y
10014,臺東縣,10014090,太麻里鄉,10014090-002,三和村,-10,5,-5,18,20,9,2,111Y
10014,臺東縣,10014090,太麻里鄉,10014090-003,華源村,-8,11,3,25,13,3,4,111Y
10014,臺東縣,10014090,太麻里鄉,10014090-004,北里村,-1,-6,-7,24,25,10,15,111Y
10014,臺東縣,10014090,太麻里鄉,10014090-005,泰和村,-15,-18,-33,46,70,28,22,111Y
10014,臺東縣,10014090,太麻里鄉,10014090-006,大王村,-13,12,-1,86,68,22,28,111Y
10014,臺東縣,10014090,太麻里鄉,10014090-007,香蘭村,-8,-5,-13,35,36,11,15,111Y
10014,臺東縣,10014090,太麻里鄉,10014090-008,金崙村,-19,34,15,104,75,45,40,111Y
10014,臺東縣,10014090,太麻里鄉,10014090-009,多良村,-10,0,-10,58,63,24,19,111Y
10014,臺東縣,10014100,大武鄉,10014100-001,大竹村,-10,34,24,53,22,15,12,111Y
10014,臺東縣,10014100,大武鄉,10014100-002,大鳥村,-6,10,4,62,58,21,15,111Y
10014,臺東縣,10014100,大武鄉,10014100-003,大武村,-9,-5,-14,94,83,27,43,111Y
10014,臺東縣,10014100,大武鄉,10014100-004,尚武村,-24,8,-16,63,62,32,25,111Y
10014,臺東縣,10014100,大武鄉,10014100-005,南興村,-7,9,2,37,28,9,9,111Y
10014,臺東縣,10014110,綠島鄉,10014110-001,公館村,-2,34,32,93,59,21,21,111Y
10014,臺東縣,10014110,綠島鄉,10014110-002,中寮村,3,13,16,107,78,26,42,111Y
10014,臺東縣,10014110,綠島鄉,10014110-003,南寮村,0,113,113,216,119,58,42,111Y
10014,臺東縣,10014120,海端鄉,10014120-001,廣原村,1,8,9,40,34,17,15,111Y
10014,臺東縣,10014120,海端鄉,10014120-002,霧鹿村,-7,13,6,23,13,8,5,111Y
10014,臺東縣,10014120,海端鄉,10014120-003,利稻村,0,23,23,32,8,3,4,111Y
10014,臺東縣,10014120,海端鄉,10014120-004,海端村,-9,1,-8,52,46,19,24,111Y
10014,臺東縣,10014120,海端鄉,10014120-005,崁頂村,13,36,49,57,26,22,17,111Y
10014,臺東縣,10014120,海端鄉,10014120-006,加拿村,-4,-4,-8,21,21,19,23,111Y
10014,臺東縣,10014130,延平鄉,10014130-001,武陵村,-4,4,0,30,28,12,10,111Y
10014,臺東縣,10014130,延平鄉,10014130-002,永康村,-2,8,6,19,13,6,4,111Y
10014,臺東縣,10014130,延平鄉,10014130-003,紅葉村,-7,-12,-19,12,21,2,5,111Y
10014,臺東縣,10014130,延平鄉,10014130-004,鸞山村,1,19,20,49,30,21,21,111Y
10014,臺東縣,10014130,延平鄉,10014130-005,桃源村,5,27,32,64,36,23,24,111Y
10014,臺東縣,10014140,金峰鄉,10014140-001,新興村,-2,19,17,32,13,12,12,111Y
10014,臺東縣,10014140,金峰鄉,10014140-002,正興村,-5,22,17,42,21,16,15,111Y
10014,臺東縣,10014140,金峰鄉,10014140-003,嘉蘭村,9,18,27,78,58,21,23,111Y
10014,臺東縣,10014140,金峰鄉,10014140-004,賓茂村,-4,-1,-5,23,23,6,7,111Y
10014,臺東縣,10014140,金峰鄉,10014140-005,歷坵村,-8,2,-6,16,16,7,5,111Y
10014,臺東縣,10014150,達仁鄉,10014150-001,台?村,-6,9,3,27,18,16,16,111Y
10014,臺東縣,10014150,達仁鄉,10014150-002,土?村,2,10,12,44,34,14,14,111Y
10014,臺東縣,10014150,達仁鄉,10014150-003,新化村,-3,25,22,39,14,4,4,111Y
10014,臺東縣,10014150,達仁鄉,10014150-004,安朔村,-1,5,4,37,32,9,9,111Y
10014,臺東縣,10014150,達仁鄉,10014150-005,森永村,-2,4,2,28,24,4,4,111Y
10014,臺東縣,10014150,達仁鄉,10014150-006,南田村,-2,4,2,16,12,3,3,111Y
10014,臺東縣,10014160,蘭嶼鄉,10014160-001,東清村,1,18,19,66,53,26,21,111Y
10014,臺東縣,10014160,蘭嶼鄉,10014160-002,朗島村,2,1,3,33,31,5,6,111Y
10014,臺東縣,10014160,蘭嶼鄉,10014160-003,紅頭村,-1,37,36,94,59,25,23,111Y
10014,臺東縣,10014160,蘭嶼鄉,10014160-004,椰油村,-7,-19,-26,52,65,13,19,111Y
10014,臺東縣,10014010,臺東市,10014010-001,富岡里,-25,13,-12,64,71,81,61,112Y
10014,臺東縣,10014010,臺東市,10014010-003,岩灣里,-2,10,8,113,91,115,127,112Y
10014,臺東縣,10014010,臺東市,10014010-004,南王里,-15,3,-12,98,78,103,120,112Y
10014,臺東縣,10014010,臺東市,10014010-005,卑南里,-1,-14,-15,83,109,124,112,112Y
10014,臺東縣,10014010,臺東市,10014010-006,南榮里,-29,-50,-79,78,87,69,110,112Y
10014,臺東縣,10014010,臺東市,10014010-007,新生里,-6,6,0,136,114,174,190,112Y
10014,臺東縣,10014010,臺東市,10014010-008,民生里,-4,131,127,137,85,196,117,112Y
10014,臺東縣,10014010,臺東市,10014010-009,寶桑里,-8,14,6,57,33,63,73,112Y
10014,臺東縣,10014010,臺東市,10014010-010,馬蘭里,-22,-128,-150,113,112,139,268,112Y
10014,臺東縣,10014010,臺東市,10014010-011,中心里,-13,56,43,145,123,207,173,112Y
10014,臺東縣,10014010,臺東市,10014010-012,自強里,11,-26,-15,113,105,186,220,112Y
10014,臺東縣,10014010,臺東市,10014010-013,民族里,6,23,29,135,102,189,199,112Y
10014,臺東縣,10014010,臺東市,10014010-015,中華里,-24,16,-8,79,76,101,88,112Y
10014,臺東縣,10014010,臺東市,10014010-017,建國里,-19,-6,-25,72,54,62,86,112Y
10014,臺東縣,10014010,臺東市,10014010-020,中正里,-27,-16,-43,57,63,100,110,112Y
10014,臺東縣,10014010,臺東市,10014010-022,成功里,-19,-26,-45,57,60,74,97,112Y
10014,臺東縣,10014010,臺東市,10014010-023,文化里,-7,33,26,61,81,207,154,112Y
10014,臺東縣,10014010,臺東市,10014010-024,中山里,4,-27,-23,54,31,97,147,112Y
10014,臺東縣,10014010,臺東市,10014010-029,新園里,-13,37,24,76,44,73,68,112Y
10014,臺東縣,10014010,臺東市,10014010-030,豐田里,-2,68,66,106,58,93,73,112Y
10014,臺東縣,10014010,臺東市,10014010-031,豐年里,-1,20,19,135,150,196,161,112Y
10014,臺東縣,10014010,臺東市,10014010-032,光明里,-10,31,21,138,110,164,161,112Y
10014,臺東縣,10014010,臺東市,10014010-033,豐樂里,-7,9,2,44,43,81,73,112Y
10014,臺東縣,10014010,臺東市,10014010-034,永樂里,-4,4,0,76,68,140,144,112Y
10014,臺東縣,10014010,臺東市,10014010-035,康樂里,-7,37,30,72,53,101,83,112Y
10014,臺東縣,10014010,臺東市,10014010-036,東海里,5,-5,0,76,72,128,137,112Y
10014,臺東縣,10014010,臺東市,10014010-037,新興里,-7,8,1,55,44,78,81,112Y
10014,臺東縣,10014010,臺東市,10014010-038,豐榮里,-4,-51,-55,97,101,96,143,112Y
10014,臺東縣,10014010,臺東市,10014010-039,豐谷里,-19,-13,-32,116,104,130,155,112Y
10014,臺東縣,10014010,臺東市,10014010-040,豐里里,-8,-3,-11,50,76,101,78,112Y
10014,臺東縣,10014010,臺東市,10014010-041,豐原里,-9,29,20,26,27,70,40,112Y
10014,臺東縣,10014010,臺東市,10014010-042,建和里,-9,-21,-30,35,38,25,43,112Y
10014,臺東縣,10014010,臺東市,10014010-043,建興里,-10,5,-5,51,40,20,26,112Y
10014,臺東縣,10014010,臺東市,10014010-045,知本里,-21,45,24,88,47,71,67,112Y
10014,臺東縣,10014010,臺東市,10014010-046,建農里,-11,2,-9,56,58,97,93,112Y
10014,臺東縣,10014010,臺東市,10014010-047,仁和里,-14,15,1,111,103,147,140,112Y
10014,臺東縣,10014010,臺東市,10014010-048,豐安里,1,118,119,136,90,173,101,112Y
10014,臺東縣,10014010,臺東市,10014010-049,豐盛里,-10,42,32,97,103,137,89,112Y
10014,臺東縣,10014020,成功鎮,10014020-001,博愛里,-10,-1,-11,18,15,7,11,112Y
10014,臺東縣,10014020,成功鎮,10014020-002,忠孝里,-14,-11,-25,28,37,13,15,112Y
10014,臺東縣,10014020,成功鎮,10014020-003,三仙里,-13,5,-8,51,40,21,27,112Y
10014,臺東縣,10014020,成功鎮,10014020-004,三民里,-40,-9,-49,76,88,57,54,112Y
10014,臺東縣,10014020,成功鎮,10014020-005,忠智里,-15,1,-14,80,75,67,71,112Y
10014,臺東縣,10014020,成功鎮,10014020-006,忠仁里,-21,0,-21,66,71,65,60,112Y
10014,臺東縣,10014020,成功鎮,10014020-007,和平里,-18,8,-10,23,19,12,8,112Y
10014,臺東縣,10014020,成功鎮,10014020-008,信義里,-11,15,4,80,69,27,23,112Y
10014,臺東縣,10014030,關山鎮,10014030-001,德高里,-21,-14,-35,50,63,16,17,112Y
10014,臺東縣,10014030,關山鎮,10014030-002,豐泉里,-1,6,5,57,55,30,26,112Y
10014,臺東縣,10014030,關山鎮,10014030-003,新福里,-10,8,-2,33,32,16,9,112Y
10014,臺東縣,10014030,關山鎮,10014030-004,中福里,-6,-15,-21,31,38,11,19,112Y
10014,臺東縣,10014030,關山鎮,10014030-005,里?里,-15,-21,-36,69,96,31,25,112Y
10014,臺東縣,10014030,關山鎮,10014030-006,電光里,-12,4,-8,22,14,12,16,112Y
10014,臺東縣,10014030,關山鎮,10014030-007,月眉里,-8,-8,-16,20,24,7,11,112Y
10014,臺東縣,10014040,卑南鄉,10014040-001,嘉豐村,-11,-5,-16,22,25,11,13,112Y
10014,臺東縣,10014040,卑南鄉,10014040-002,利吉村,-6,-11,-17,14,24,2,3,112Y
10014,臺東縣,10014040,卑南鄉,10014040-003,富山村,-8,-6,-14,17,25,4,2,112Y
10014,臺東縣,10014040,卑南鄉,10014040-004,富源村,-8,-1,-9,17,18,1,1,112Y
10014,臺東縣,10014040,卑南鄉,10014040-005,明峰村,-10,5,-5,40,41,20,14,112Y
10014,臺東縣,10014040,卑南鄉,10014040-006,初鹿村,-15,-15,-30,40,56,15,14,112Y
10014,臺東縣,10014040,卑南鄉,10014040-007,美農村,-13,-13,-26,58,63,11,19,112Y
10014,臺東縣,10014040,卑南鄉,10014040-008,賓朗村,-24,-18,-42,91,109,22,22,112Y
10014,臺東縣,10014040,卑南鄉,10014040-009,泰安村,10,-19,-9,35,48,19,25,112Y
10014,臺東縣,10014040,卑南鄉,10014040-010,太平村,-17,-19,-36,187,209,72,69,112Y
10014,臺東縣,10014040,卑南鄉,10014040-011,利嘉村,-11,-10,-21,25,38,24,21,112Y
10014,臺東縣,10014040,卑南鄉,10014040-012,東興村,-14,22,8,65,45,14,12,112Y
10014,臺東縣,10014040,卑南鄉,10014040-013,溫泉村,-14,-14,-28,81,95,10,10,112Y
10014,臺東縣,10014050,鹿野鄉,10014050-001,瑞和村,-5,-13,-18,13,25,3,4,112Y
10014,臺東縣,10014050,鹿野鄉,10014050-002,瑞豐村,-14,5,-9,42,42,9,4,112Y
10014,臺東縣,10014050,鹿野鄉,10014050-003,瑞源村,-17,8,-9,35,27,6,6,112Y
10014,臺東縣,10014050,鹿野鄉,10014050-004,永安村,-13,-18,-31,52,67,14,17,112Y
10014,臺東縣,10014050,鹿野鄉,10014050-005,瑞隆村,-10,3,-7,26,25,6,4,112Y
10014,臺東縣,10014050,鹿野鄉,10014050-006,鹿野村,-9,-13,-22,39,50,11,13,112Y
10014,臺東縣,10014050,鹿野鄉,10014050-007,龍田村,-17,-8,-25,35,42,21,22,112Y
10014,臺東縣,10014060,池上鄉,10014060-001,福文村,-13,-10,-23,33,49,18,12,112Y
10014,臺東縣,10014060,池上鄉,10014060-002,慶豐村,-9,-9,-18,15,19,11,16,112Y
10014,臺東縣,10014060,池上鄉,10014060-003,大坡村,-1,4,3,7,8,18,13,112Y
10014,臺東縣,10014060,池上鄉,10014060-004,大埔村,-5,-7,-12,26,32,3,4,112Y
10014,臺東縣,10014060,池上鄉,10014060-005,福原村,-14,-14,-28,69,77,32,38,112Y
10014,臺東縣,10014060,池上鄉,10014060-006,錦園村,-4,-3,-7,9,10,4,6,112Y
10014,臺東縣,10014060,池上鄉,10014060-007,新興村,-12,-16,-28,28,41,3,6,112Y
10014,臺東縣,10014060,池上鄉,10014060-008,萬安村,-2,-8,-10,5,17,7,3,112Y
10014,臺東縣,10014060,池上鄉,10014060-009,富興村,-5,0,-5,18,19,5,4,112Y
10014,臺東縣,10014060,池上鄉,10014060-010,振興村,1,-10,-9,13,24,3,2,112Y
10014,臺東縣,10014070,東河鄉,10014070-001,北源村,-25,-23,-48,80,89,9,23,112Y
10014,臺東縣,10014070,東河鄉,10014070-002,泰源村,-14,-10,-24,38,48,7,7,112Y
10014,臺東縣,10014070,東河鄉,10014070-003,東河村,-14,-2,-16,40,63,34,13,112Y
10014,臺東縣,10014070,東河鄉,10014070-004,尚德村,-1,-10,-11,2,10,1,3,112Y
10014,臺東縣,10014070,東河鄉,10014070-005,隆昌村,-6,-3,-9,16,18,2,3,112Y
10014,臺東縣,10014070,東河鄉,10014070-006,興昌村,-16,1,-15,25,26,16,14,112Y
10014,臺東縣,10014070,東河鄉,10014070-007,都蘭村,-18,-23,-41,82,99,42,48,112Y
10014,臺東縣,10014080,長濱鄉,10014080-001,樟原村,-9,-4,-13,20,20,5,9,112Y
10014,臺東縣,10014080,長濱鄉,10014080-002,三間村,-31,19,-12,53,32,20,22,112Y
10014,臺東縣,10014080,長濱鄉,10014080-003,忠勇村,-8,-7,-15,16,22,3,4,112Y
10014,臺東縣,10014080,長濱鄉,10014080-004,長濱村,-44,13,-31,100,89,35,33,112Y
10014,臺東縣,10014080,長濱鄉,10014080-005,竹湖村,-16,9,-7,35,31,14,9,112Y
10014,臺東縣,10014080,長濱鄉,10014080-006,寧埔村,-13,7,-6,53,46,14,14,112Y
10014,臺東縣,10014090,太麻里鄉,10014090-001,美和村,-11,-5,-16,38,45,9,7,112Y
10014,臺東縣,10014090,太麻里鄉,10014090-002,三和村,-14,-6,-20,10,17,6,5,112Y
10014,臺東縣,10014090,太麻里鄉,10014090-003,華源村,-13,-10,-23,11,23,9,7,112Y
10014,臺東縣,10014090,太麻里鄉,10014090-004,北里村,3,0,3,16,18,14,12,112Y
10014,臺東縣,10014090,太麻里鄉,10014090-005,泰和村,-12,0,-12,55,52,21,24,112Y
10014,臺東縣,10014090,太麻里鄉,10014090-006,大王村,-10,-1,-11,84,80,33,38,112Y
10014,臺東縣,10014090,太麻里鄉,10014090-007,香蘭村,5,7,12,24,22,18,13,112Y
10014,臺東縣,10014090,太麻里鄉,10014090-008,金崙村,-6,21,15,110,86,27,30,112Y
10014,臺東縣,10014090,太麻里鄉,10014090-009,多良村,-15,2,-13,63,60,17,18,112Y
10014,臺東縣,10014100,大武鄉,10014100-001,大竹村,-11,-11,-22,31,35,18,25,112Y
10014,臺東縣,10014100,大武鄉,10014100-002,大鳥村,0,-17,-17,51,67,43,44,112Y
10014,臺東縣,10014100,大武鄉,10014100-003,大武村,-8,-11,-19,60,84,52,39,112Y
10014,臺東縣,10014100,大武鄉,10014100-004,尚武村,-7,-17,-24,52,63,18,24,112Y
10014,臺東縣,10014100,大武鄉,10014100-005,南興村,-2,2,0,26,25,22,21,112Y
10014,臺東縣,10014110,綠島鄉,10014110-001,公館村,1,60,61,126,68,22,20,112Y
10014,臺東縣,10014110,綠島鄉,10014110-002,中寮村,-9,57,48,98,55,41,27,112Y
10014,臺東縣,10014110,綠島鄉,10014110-003,南寮村,-2,-19,-21,133,136,50,66,112Y
10014,臺東縣,10014120,海端鄉,10014120-001,廣原村,0,3,3,41,34,8,12,112Y
10014,臺東縣,10014120,海端鄉,10014120-002,霧鹿村,2,7,9,16,11,6,4,112Y
10014,臺東縣,10014120,海端鄉,10014120-003,利稻村,-1,2,1,18,18,5,3,112Y
10014,臺東縣,10014120,海端鄉,10014120-004,海端村,1,2,3,56,51,22,25,112Y
10014,臺東縣,10014120,海端鄉,10014120-005,崁頂村,13,13,26,39,29,13,10,112Y
10014,臺東縣,10014120,海端鄉,10014120-006,加拿村,-3,14,11,34,20,5,5,112Y
10014,臺東縣,10014130,延平鄉,10014130-001,武陵村,-3,-4,-7,16,25,8,3,112Y
10014,臺東縣,10014130,延平鄉,10014130-002,永康村,1,-18,-17,10,34,15,9,112Y
10014,臺東縣,10014130,延平鄉,10014130-003,紅葉村,-2,8,6,23,19,12,8,112Y
10014,臺東縣,10014130,延平鄉,10014130-004,鸞山村,-1,-11,-12,17,26,5,7,112Y
10014,臺東縣,10014130,延平鄉,10014130-005,桃源村,4,-37,-33,33,57,14,27,112Y
10014,臺東縣,10014140,金峰鄉,10014140-001,新興村,7,18,25,30,11,14,15,112Y
10014,臺東縣,10014140,金峰鄉,10014140-002,正興村,4,-4,0,21,33,20,12,112Y
10014,臺東縣,10014140,金峰鄉,10014140-003,嘉蘭村,7,-27,-20,43,65,20,25,112Y
10014,臺東縣,10014140,金峰鄉,10014140-004,賓茂村,-5,-3,-8,16,17,0,2,112Y
10014,臺東縣,10014140,金峰鄉,10014140-005,歷坵村,-3,25,22,36,11,15,15,112Y
10014,臺東縣,10014150,達仁鄉,10014150-001,台?村,-2,1,-1,37,35,17,18,112Y
10014,臺東縣,10014150,達仁鄉,10014150-002,土?村,1,-2,-1,40,42,7,7,112Y
10014,臺東縣,10014150,達仁鄉,10014150-003,新化村,-1,-1,-2,15,15,11,12,112Y
10014,臺東縣,10014150,達仁鄉,10014150-004,安朔村,-10,8,-2,26,22,11,7,112Y
10014,臺東縣,10014150,達仁鄉,10014150-005,森永村,-5,-22,-27,15,35,3,5,112Y
10014,臺東縣,10014150,達仁鄉,10014150-006,南田村,2,-12,-10,9,21,5,5,112Y
10014,臺東縣,10014160,蘭嶼鄉,10014160-001,東清村,13,15,28,73,60,40,38,112Y
10014,臺東縣,10014160,蘭嶼鄉,10014160-002,朗島村,-1,3,2,31,27,23,24,112Y
10014,臺東縣,10014160,蘭嶼鄉,10014160-003,紅頭村,-9,4,-5,86,74,34,42,112Y
10014,臺東縣,10014160,蘭嶼鄉,10014160-004,椰油村,3,27,30,66,46,26,19,112Y
10014,臺東縣,10014010,臺東市,10014010-001,富岡里,0,-14,-14,70,77,83,90,113Y
10014,臺東縣,10014010,臺東市,10014010-003,岩灣里,10,70,80,139,113,144,100,113Y
10014,臺東縣,10014010,臺東市,10014010-004,南王里,-20,42,22,112,85,152,137,113Y
10014,臺東縣,10014010,臺東市,10014010-005,卑南里,-4,71,67,99,91,195,132,113Y
10014,臺東縣,10014010,臺東市,10014010-006,南榮里,-16,17,1,92,73,106,108,113Y
10014,臺東縣,10014010,臺東市,10014010-007,新生里,4,23,27,117,114,221,201,113Y
10014,臺東縣,10014010,臺東市,10014010-008,民生里,-10,-52,-62,80,110,140,162,113Y
10014,臺東縣,10014010,臺東市,10014010-009,寶桑里,-8,-4,-12,44,39,66,75,113Y
10014,臺東縣,10014010,臺東市,10014010-010,馬蘭里,-2,-85,-87,83,128,176,216,113Y
10014,臺東縣,10014010,臺東市,10014010-011,中心里,-15,3,-12,128,140,247,232,113Y
10014,臺東縣,10014010,臺東市,10014010-012,自強里,15,7,22,116,132,277,254,113Y
10014,臺東縣,10014010,臺東市,10014010-013,民族里,7,-43,-36,112,104,208,259,113Y
10014,臺東縣,10014010,臺東市,10014010-015,中華里,-12,-26,-38,56,66,124,140,113Y
10014,臺東縣,10014010,臺東市,10014010-017,建國里,-10,-24,-34,40,58,96,102,113Y
10014,臺東縣,10014010,臺東市,10014010-020,中正里,-16,57,41,68,45,141,107,113Y
10014,臺東縣,10014010,臺東市,10014010-022,成功里,-19,-29,-48,54,71,88,100,113Y
10014,臺東縣,10014010,臺東市,10014010-023,文化里,-10,-33,-43,55,66,149,171,113Y
10014,臺東縣,10014010,臺東市,10014010-024,中山里,-10,-89,-99,59,64,133,217,113Y
10014,臺東縣,10014010,臺東市,10014010-029,新園里,-5,-13,-18,44,51,53,59,113Y
10014,臺東縣,10014010,臺東市,10014010-030,豐田里,-3,26,23,121,92,108,111,113Y
10014,臺東縣,10014010,臺東市,10014010-031,豐年里,20,25,45,142,127,168,158,113Y
10014,臺東縣,10014010,臺東市,10014010-032,光明里,-8,4,-4,112,125,206,189,113Y
10014,臺東縣,10014010,臺東市,10014010-033,豐樂里,-2,28,26,46,45,108,81,113Y
10014,臺東縣,10014010,臺東市,10014010-034,永樂里,-1,-34,-35,82,79,132,169,113Y
10014,臺東縣,10014010,臺東市,10014010-035,康樂里,1,66,67,86,61,112,71,113Y
10014,臺東縣,10014010,臺東市,10014010-036,東海里,11,-53,-42,74,74,146,199,113Y
10014,臺東縣,10014010,臺東市,10014010-037,新興里,-9,-15,-24,57,52,63,83,113Y
10014,臺東縣,10014010,臺東市,10014010-038,豐榮里,-19,-13,-32,97,116,139,133,113Y
10014,臺東縣,10014010,臺東市,10014010-039,豐谷里,10,-23,-13,100,102,133,154,113Y
10014,臺東縣,10014010,臺東市,10014010-040,豐里里,-9,27,18,63,76,140,100,113Y
10014,臺東縣,10014010,臺東市,10014010-041,豐原里,-10,-56,-66,25,35,54,100,113Y
10014,臺東縣,10014010,臺東市,10014010-042,建和里,-11,-4,-15,35,33,44,50,113Y
10014,臺東縣,10014010,臺東市,10014010-043,建興里,-12,1,-11,39,38,62,62,113Y
10014,臺東縣,10014010,臺東市,10014010-045,知本里,-23,23,0,78,67,106,94,113Y
10014,臺東縣,10014010,臺東市,10014010-046,建農里,-2,-4,-6,64,72,82,78,113Y
10014,臺東縣,10014010,臺東市,10014010-047,仁和里,-8,14,6,127,108,161,166,113Y
10014,臺東縣,10014010,臺東市,10014010-048,豐安里,12,108,120,132,85,232,171,113Y
10014,臺東縣,10014010,臺東市,10014010-049,豐盛里,-9,29,20,115,122,199,163,113Y
10014,臺東縣,10014020,成功鎮,10014020-001,博愛里,-18,14,-4,37,17,4,10,113Y
10014,臺東縣,10014020,成功鎮,10014020-002,忠孝里,-11,-7,-18,23,28,18,20,113Y
10014,臺東縣,10014020,成功鎮,10014020-003,三仙里,-18,7,-11,46,47,51,43,113Y
10014,臺東縣,10014020,成功鎮,10014020-004,三民里,-10,-24,-34,77,92,77,86,113Y
10014,臺東縣,10014020,成功鎮,10014020-005,忠智里,-10,-19,-29,59,82,81,77,113Y
10014,臺東縣,10014020,成功鎮,10014020-006,忠仁里,-13,-15,-28,52,74,68,61,113Y
10014,臺東縣,10014020,成功鎮,10014020-007,和平里,-6,-4,-10,18,22,19,19,113Y
10014,臺東縣,10014020,成功鎮,10014020-008,信義里,-29,11,-18,80,67,28,30,113Y
10014,臺東縣,10014030,關山鎮,10014030-001,德高里,-15,-18,-33,45,54,22,31,113Y
10014,臺東縣,10014030,關山鎮,10014030-002,豐泉里,-13,4,-9,56,60,22,14,113Y
10014,臺東縣,10014030,關山鎮,10014030-003,新福里,-7,-9,-16,30,40,32,31,113Y
10014,臺東縣,10014030,關山鎮,10014030-004,中福里,-2,-16,-18,26,35,9,16,113Y
10014,臺東縣,10014030,關山鎮,10014030-005,里?里,-13,-4,-17,79,74,32,41,113Y
10014,臺東縣,10014030,關山鎮,10014030-006,電光里,-12,6,-6,26,23,10,7,113Y
10014,臺東縣,10014030,關山鎮,10014030-007,月眉里,-3,4,1,15,24,22,9,113Y
10014,臺東縣,10014040,卑南鄉,10014040-001,嘉豐村,-9,-9,-18,12,17,8,12,113Y
10014,臺東縣,10014040,卑南鄉,10014040-002,利吉村,-11,0,-11,22,21,11,12,113Y
10014,臺東縣,10014040,卑南鄉,10014040-003,富山村,-6,4,-2,24,20,18,18,113Y
10014,臺東縣,10014040,卑南鄉,10014040-004,富源村,-2,-1,-3,9,12,4,2,113Y
10014,臺東縣,10014040,卑南鄉,10014040-005,明峰村,-11,-12,-23,49,49,20,32,113Y
10014,臺東縣,10014040,卑南鄉,10014040-006,初鹿村,-15,-9,-24,35,65,42,21,113Y
10014,臺東縣,10014040,卑南鄉,10014040-007,美農村,-5,15,10,69,49,21,26,113Y
10014,臺東縣,10014040,卑南鄉,10014040-008,賓朗村,-13,-45,-58,73,101,30,47,113Y
10014,臺東縣,10014040,卑南鄉,10014040-009,泰安村,-5,30,25,64,46,34,22,113Y
10014,臺東縣,10014040,卑南鄉,10014040-010,太平村,-7,-54,-61,162,219,69,66,113Y
10014,臺東縣,10014040,卑南鄉,10014040-011,利嘉村,0,-12,-12,40,52,16,16,113Y
10014,臺東縣,10014040,卑南鄉,10014040-012,東興村,-16,40,24,68,29,24,23,113Y
10014,臺東縣,10014040,卑南鄉,10014040-013,溫泉村,-10,34,24,102,68,20,20,113Y
10014,臺東縣,10014050,鹿野鄉,10014050-001,瑞和村,-14,4,-10,23,25,9,3,113Y
10014,臺東縣,10014050,鹿野鄉,10014050-002,瑞豐村,-9,-23,-32,38,55,10,16,113Y
10014,臺東縣,10014050,鹿野鄉,10014050-003,瑞源村,-2,-4,-6,26,33,12,9,113Y
10014,臺東縣,10014050,鹿野鄉,10014050-004,永安村,-17,-18,-35,50,72,24,20,113Y
10014,臺東縣,10014050,鹿野鄉,10014050-005,瑞隆村,-4,-17,-21,19,35,9,10,113Y
10014,臺東縣,10014050,鹿野鄉,10014050-006,鹿野村,-14,-8,-22,42,48,15,17,113Y
10014,臺東縣,10014050,鹿野鄉,10014050-007,龍田村,-4,-16,-20,30,42,29,33,113Y
10014,臺東縣,10014060,池上鄉,10014060-001,福文村,-16,4,-12,37,33,26,26,113Y
10014,臺東縣,10014060,池上鄉,10014060-002,慶豐村,-5,-28,-33,10,37,14,15,113Y
10014,臺東縣,10014060,池上鄉,10014060-003,大坡村,-6,1,-5,9,12,5,1,113Y
10014,臺東縣,10014060,池上鄉,10014060-004,大埔村,-10,-23,-33,28,41,11,21,113Y
10014,臺東縣,10014060,池上鄉,10014060-005,福原村,-7,-11,-18,78,88,55,56,113Y
10014,臺東縣,10014060,池上鄉,10014060-006,錦園村,-7,-3,-10,4,8,3,2,113Y
10014,臺東縣,10014060,池上鄉,10014060-007,新興村,-8,-14,-22,18,37,17,12,113Y
10014,臺東縣,10014060,池上鄉,10014060-008,萬安村,-5,-4,-9,7,16,6,1,113Y
10014,臺東縣,10014060,池上鄉,10014060-009,富興村,-2,-8,-10,10,15,0,3,113Y
10014,臺東縣,10014060,池上鄉,10014060-010,振興村,-7,-3,-10,16,19,2,2,113Y
10014,臺東縣,10014070,東河鄉,10014070-001,北源村,-31,25,-6,81,53,23,26,113Y
10014,臺東縣,10014070,東河鄉,10014070-002,泰源村,-16,8,-8,39,35,22,18,113Y
10014,臺東縣,10014070,東河鄉,10014070-003,東河村,-9,-15,-24,29,42,14,16,113Y
10014,臺東縣,10014070,東河鄉,10014070-004,尚德村,-2,3,1,12,8,2,3,113Y
10014,臺東縣,10014070,東河鄉,10014070-005,隆昌村,-8,-1,-9,18,24,10,5,113Y
10014,臺東縣,10014070,東河鄉,10014070-006,興昌村,-17,10,-7,45,34,22,23,113Y
10014,臺東縣,10014070,東河鄉,10014070-007,都蘭村,-30,9,-21,87,76,54,56,113Y
10014,臺東縣,10014080,長濱鄉,10014080-001,樟原村,-10,-13,-23,15,26,9,11,113Y
10014,臺東縣,10014080,長濱鄉,10014080-002,三間村,-21,-7,-28,28,38,10,7,113Y
10014,臺東縣,10014080,長濱鄉,10014080-003,忠勇村,-3,5,2,18,13,8,8,113Y
10014,臺東縣,10014080,長濱鄉,10014080-004,長濱村,-23,7,-16,82,70,45,50,113Y
10014,臺東縣,10014080,長濱鄉,10014080-005,竹湖村,-12,-12,-24,25,35,13,15,113Y
10014,臺東縣,10014080,長濱鄉,10014080-006,寧埔村,-11,-11,-22,38,55,19,13,113Y
10014,臺東縣,10014090,太麻里鄉,10014090-001,美和村,-10,0,-10,53,50,11,14,113Y
10014,臺東縣,10014090,太麻里鄉,10014090-002,三和村,4,-8,-4,15,24,7,6,113Y
10014,臺東縣,10014090,太麻里鄉,10014090-003,華源村,-8,0,-8,15,19,10,6,113Y
10014,臺東縣,10014090,太麻里鄉,10014090-004,北里村,-7,-10,-17,15,21,7,11,113Y
10014,臺東縣,10014090,太麻里鄉,10014090-005,泰和村,-5,-8,-13,51,68,51,42,113Y
10014,臺東縣,10014090,太麻里鄉,10014090-006,大王村,-16,-6,-22,67,80,35,28,113Y
10014,臺東縣,10014090,太麻里鄉,10014090-007,香蘭村,-14,-31,-45,21,39,6,19,113Y
10014,臺東縣,10014090,太麻里鄉,10014090-008,金崙村,-14,32,18,111,81,37,35,113Y
10014,臺東縣,10014090,太麻里鄉,10014090-009,多良村,-4,-5,-9,46,48,18,21,113Y
10014,臺東縣,10014100,大武鄉,10014100-001,大竹村,-3,-4,-7,32,33,17,20,113Y
10014,臺東縣,10014100,大武鄉,10014100-002,大鳥村,-17,-12,-29,28,43,28,25,113Y
10014,臺東縣,10014100,大武鄉,10014100-003,大武村,-11,-10,-21,48,67,26,17,113Y
10014,臺東縣,10014100,大武鄉,10014100-004,尚武村,-17,1,-16,63,63,31,30,113Y
10014,臺東縣,10014100,大武鄉,10014100-005,南興村,-2,-13,-15,31,34,27,37,113Y
10014,臺東縣,10014110,綠島鄉,10014110-001,公館村,-2,0,-2,108,102,56,62,113Y
10014,臺東縣,10014110,綠島鄉,10014110-002,中寮村,-3,-8,-11,82,91,35,34,113Y
10014,臺東縣,10014110,綠島鄉,10014110-003,南寮村,-2,27,25,156,134,63,58,113Y
10014,臺東縣,10014120,海端鄉,10014120-001,廣原村,-2,-20,-22,33,45,14,22,113Y
10014,臺東縣,10014120,海端鄉,10014120-002,霧鹿村,1,16,17,21,6,5,4,113Y
10014,臺東縣,10014120,海端鄉,10014120-003,利稻村,2,4,6,25,22,9,8,113Y
10014,臺東縣,10014120,海端鄉,10014120-004,海端村,1,18,19,52,33,27,28,113Y
10014,臺東縣,10014120,海端鄉,10014120-005,崁頂村,-1,-5,-6,37,44,21,19,113Y
10014,臺東縣,10014120,海端鄉,10014120-006,加拿村,2,9,11,29,25,11,6,113Y
10014,臺東縣,10014130,延平鄉,10014130-001,武陵村,-4,7,3,24,16,24,25,113Y
10014,臺東縣,10014130,延平鄉,10014130-002,永康村,2,14,16,23,15,7,1,113Y
10014,臺東縣,10014130,延平鄉,10014130-003,紅葉村,-1,4,3,25,22,9,8,113Y
10014,臺東縣,10014130,延平鄉,10014130-004,鸞山村,-2,-6,-8,24,28,20,22,113Y
10014,臺東縣,10014130,延平鄉,10014130-005,桃源村,0,-24,-24,33,53,30,34,113Y
10014,臺東縣,10014140,金峰鄉,10014140-001,新興村,-2,-18,-20,18,32,8,12,113Y
10014,臺東縣,10014140,金峰鄉,10014140-002,正興村,2,1,3,22,23,17,15,113Y
10014,臺東縣,10014140,金峰鄉,10014140-003,嘉蘭村,-8,-12,-20,49,60,26,27,113Y
10014,臺東縣,10014140,金峰鄉,10014140-004,賓茂村,-3,-2,-5,13,17,7,5,113Y
10014,臺東縣,10014140,金峰鄉,10014140-005,歷坵村,2,-5,-3,20,26,7,6,113Y
10014,臺東縣,10014150,達仁鄉,10014150-001,台?村,-2,-2,-4,31,33,8,8,113Y
10014,臺東縣,10014150,達仁鄉,10014150-002,土?村,-1,14,13,33,19,13,13,113Y
10014,臺東縣,10014150,達仁鄉,10014150-003,新化村,-5,0,-5,12,12,4,4,113Y
10014,臺東縣,10014150,達仁鄉,10014150-004,安朔村,-2,-14,-16,29,39,14,18,113Y
10014,臺東縣,10014150,達仁鄉,10014150-005,森永村,-1,-26,-27,7,32,5,6,113Y
10014,臺東縣,10014150,達仁鄉,10014150-006,南田村,3,6,9,37,36,6,1,113Y
10014,臺東縣,10014160,蘭嶼鄉,10014160-001,東清村,-2,-20,-22,38,51,34,41,113Y
10014,臺東縣,10014160,蘭嶼鄉,10014160-002,朗島村,3,10,13,31,20,25,26,113Y
10014,臺東縣,10014160,蘭嶼鄉,10014160-003,紅頭村,-3,-18,-21,67,91,29,23,113Y
10014,臺東縣,10014160,蘭嶼鄉,10014160-004,椰油村,-3,-8,-11,56,66,33,31,113Y
